ISO-10303-21;
HEADER;
FILE_DESCRIPTION (( 'STEP AP214' ),
    '1' );
FILE_NAME ('MockCamera.STEP',
    '2026-08-08T21:09:27',
    ( '' ),
    ( '' ),
    'SwSTEP 2.0',
    'SolidWorks 2026',
    '' );
FILE_SCHEMA (( 'AUTOMOTIVE_DESIGN' ));
ENDSEC;

DATA;
#1 = DIRECTION ( 'NONE',  ( 0.000000000000000000, 0.000000000000000000, -1.000000000000000000 ) ) ;
#2 = DIRECTION ( 'NONE',  ( -0.000000000000000000, 0.000000000000000000, -1.000000000000000000 ) ) ;
#3 = ORIENTED_EDGE ( 'NONE', *, *, #1841, .T. ) ;
#4 = AXIS2_PLACEMENT_3D ( 'NONE', #1207, #700, #1434 ) ;
#5 = ADVANCED_FACE ( 'NONE', ( #2672 ), #249, .T. ) ;
#6 = VECTOR ( 'NONE', #1183, 1000.000000000000000 ) ;
#7 = CARTESIAN_POINT ( 'NONE',  ( 1.000000000000000000, -16.00000000000000000, 4.625000000000000888 ) ) ;
#8 = DIRECTION ( 'NONE',  ( -1.000000000000000000, -0.000000000000000000, -0.000000000000000000 ) ) ;
#9 = ORIENTED_EDGE ( 'NONE', *, *, #1492, .F. ) ;
#10 = DIRECTION ( 'NONE',  ( 0.000000000000000000, 0.000000000000000000, -1.000000000000000000 ) ) ;
#11 = ORIENTED_EDGE ( 'NONE', *, *, #460, .F. ) ;
#12 = AXIS2_PLACEMENT_3D ( 'NONE', #1678, #414, #220 ) ;
#13 = CIRCLE ( 'NONE', #835, 0.3749999999999994449 ) ;
#14 = DIRECTION ( 'NONE',  ( 0.000000000000000000, 0.000000000000000000, -1.000000000000000000 ) ) ;
#15 = ORIENTED_EDGE ( 'NONE', *, *, #1264, .T. ) ;
#16 = AXIS2_PLACEMENT_3D ( 'NONE', #348, #1325, #3047 ) ;
#17 = CARTESIAN_POINT ( 'NONE',  ( 1.000000000000000000, -19.00000000000000000, 17.50000000000000355 ) ) ;
#18 = VECTOR ( 'NONE', #2950, 1000.000000000000000 ) ;
#19 = VERTEX_POINT ( 'NONE', #1008 ) ;
#20 = EDGE_CURVE ( 'NONE', #1587, #351, #262, .T. ) ;
#21 = AXIS2_PLACEMENT_3D ( 'NONE', #496, #1472, #2448 ) ;
#22 = FACE_OUTER_BOUND ( 'NONE', #596, .T. ) ;
#23 = CARTESIAN_POINT ( 'NONE',  ( 8.000000000000000000, 16.00000000000000355, 4.250000000000000000 ) ) ;
#24 = ORIENTED_EDGE ( 'NONE', *, *, #1344, .T. ) ;
#25 = DIRECTION ( 'NONE',  ( -1.000000000000000000, -0.000000000000000000, -0.000000000000000000 ) ) ;
#26 = ORIENTED_EDGE ( 'NONE', *, *, #2888, .T. ) ;
#27 = ORIENTED_EDGE ( 'NONE', *, *, #2895, .T. ) ;
#28 = EDGE_CURVE ( 'NONE', #1199, #212, #1079, .T. ) ;
#29 = ADVANCED_FACE ( 'NONE', ( #3162 ), #3147, .F. ) ;
#30 = DIRECTION ( 'NONE',  ( -1.000000000000000000, -0.000000000000000000, -0.000000000000000000 ) ) ;
#31 = EDGE_LOOP ( 'NONE', ( #741, #204 ) ) ;
#32 = FACE_OUTER_BOUND ( 'NONE', #603, .T. ) ;
#33 = ORIENTED_EDGE ( 'NONE', *, *, #601, .F. ) ;
#34 = DIRECTION ( 'NONE',  ( 0.000000000000000000, 0.000000000000000000, 1.000000000000000000 ) ) ;
#35 = EDGE_CURVE ( 'NONE', #2201, #1599, #918, .T. ) ;
#36 = CARTESIAN_POINT ( 'NONE',  ( 1.000000000000000000, -17.00000000000000355, 17.00000000000000000 ) ) ;
#37 = FACE_BOUND ( 'NONE', #2864, .T. ) ;
#38 = DIRECTION ( 'NONE',  ( 0.000000000000000000, 0.000000000000000000, 1.000000000000000000 ) ) ;
#39 = ORIENTED_EDGE ( 'NONE', *, *, #1019, .T. ) ;
#40 = EDGE_LOOP ( 'NONE', ( #2556, #190, #1193, #2279 ) ) ;
#41 = EDGE_CURVE ( 'NONE', #2186, #82, #2247, .T. ) ;
#42 = DIRECTION ( 'NONE',  ( 0.000000000000000000, 0.000000000000000000, -1.000000000000000000 ) ) ;
#43 = VERTEX_POINT ( 'NONE', #1018 ) ;
#44 = CYLINDRICAL_SURFACE ( 'NONE', #589, 0.3749999999999994449 ) ;
#45 = ORIENTED_EDGE ( 'NONE', *, *, #2868, .T. ) ;
#46 = CIRCLE ( 'NONE', #1489, 1.500000000000000444 ) ;
#47 = CARTESIAN_POINT ( 'NONE',  ( 5.000000000000000000, 9.000000000000001776, -9.000000000000000000 ) ) ;
#48 = DIRECTION ( 'NONE',  ( -1.000000000000000000, -0.000000000000000000, 0.000000000000000000 ) ) ;
#49 = EDGE_CURVE ( 'NONE', #1173, #1748, #407, .T. ) ;
#50 = CARTESIAN_POINT ( 'NONE',  ( 8.000000000000000000, 16.00000000000000355, 0.6250000000000006661 ) ) ;
#51 = CIRCLE ( 'NONE', #3070, 1.000000000000000000 ) ;
#52 = DIRECTION ( 'NONE',  ( 0.000000000000000000, 0.000000000000000000, 1.000000000000000000 ) ) ;
#53 = DIRECTION ( 'NONE',  ( 0.000000000000000000, 0.000000000000000000, -1.000000000000000000 ) ) ;
#54 = AXIS2_PLACEMENT_3D ( 'NONE', #2926, #1226, #3071 ) ;
#55 = ORIENTED_EDGE ( 'NONE', *, *, #954, .F. ) ;
#56 = ADVANCED_FACE ( 'NONE', ( #1503 ), #282, .T. ) ;
#57 = AXIS2_PLACEMENT_3D ( 'NONE', #1006, #1735, #746 ) ;
#58 = DIRECTION ( 'NONE',  ( -1.000000000000000000, -0.000000000000000000, -0.000000000000000000 ) ) ;
#59 = AXIS2_PLACEMENT_3D ( 'NONE', #486, #2869, #2393 ) ;
#60 = ORIENTED_EDGE ( 'NONE', *, *, #1582, .F. ) ;
#61 = AXIS2_PLACEMENT_3D ( 'NONE', #317, #558, #14 ) ;
#62 = PLANE ( 'NONE',  #228 ) ;
#63 = DIRECTION ( 'NONE',  ( 0.000000000000000000, 0.000000000000000000, 1.000000000000000000 ) ) ;
#64 = ORIENTED_EDGE ( 'NONE', *, *, #2954, .T. ) ;
#65 = AXIS2_PLACEMENT_3D ( 'NONE', #355, #3095, #902 ) ;
#66 = ADVANCED_FACE ( 'NONE', ( #329 ), #2058, .T. ) ;
#67 = VECTOR ( 'NONE', #3129, 1000.000000000000000 ) ;
#68 = DIRECTION ( 'NONE',  ( 0.000000000000000000, 0.000000000000000000, 1.000000000000000000 ) ) ;
#69 = CARTESIAN_POINT ( 'NONE',  ( 5.000000000000000000, -8.999999999999998224, 8.999999999999998224 ) ) ;
#70 = DIRECTION ( 'NONE',  ( -1.000000000000000000, -0.000000000000000000, -0.000000000000000000 ) ) ;
#71 = AXIS2_PLACEMENT_3D ( 'NONE', #2428, #2889, #696 ) ;
#72 = DIRECTION ( 'NONE',  ( -0.000000000000000000, 0.000000000000000000, 1.000000000000000000 ) ) ;
#73 = CARTESIAN_POINT ( 'NONE',  ( 12.00000000000000000, -16.00000000000000355, 6.500000000000000888 ) ) ;
#74 = CYLINDRICAL_SURFACE ( 'NONE', #1862, 1.749999999999999778 ) ;
#75 = ORIENTED_EDGE ( 'NONE', *, *, #3050, .F. ) ;
#76 = EDGE_CURVE ( 'NONE', #765, #856, #2761, .T. ) ;
#77 = CARTESIAN_POINT ( 'NONE',  ( 9.000000000000001776, 16.00000000000000355, -6.000000000000000888 ) ) ;
#78 = ORIENTED_EDGE ( 'NONE', *, *, #2328, .F. ) ;
#79 = EDGE_CURVE ( 'NONE', #1478, #953, #669, .T. ) ;
#80 = CARTESIAN_POINT ( 'NONE',  ( 1.000000000000000000, 16.99999999999999645, 17.00000000000000000 ) ) ;
#81 = CARTESIAN_POINT ( 'NONE',  ( 8.000000000000000000, 16.00000000000000355, -1.000000000000000000 ) ) ;
#82 = VERTEX_POINT ( 'NONE', #1288 ) ;
#83 = CARTESIAN_POINT ( 'NONE',  ( 8.000000000000000000, -16.00000000000000000, 5.375000000000000000 ) ) ;
#84 = EDGE_CURVE ( 'NONE', #2441, #2992, #2097, .T. ) ;
#85 = CARTESIAN_POINT ( 'NONE',  ( 1.000000000000000000, -17.00000000000001421, -17.00000000000002132 ) ) ;
#86 = DIRECTION ( 'NONE',  ( -1.000000000000000000, -0.000000000000000000, -0.000000000000000000 ) ) ;
#87 = FACE_OUTER_BOUND ( 'NONE', #267, .T. ) ;
#88 = DIRECTION ( 'NONE',  ( 0.000000000000000000, 0.000000000000000000, 1.000000000000000000 ) ) ;
#89 = ORIENTED_EDGE ( 'NONE', *, *, #809, .F. ) ;
#90 = CARTESIAN_POINT ( 'NONE',  ( 20.00000000000000000, 2.143131898507869284E-16, 14.75000000000000000 ) ) ;
#91 = EDGE_LOOP ( 'NONE', ( #1461, #1218, #1985, #2967 ) ) ;
#92 = FACE_OUTER_BOUND ( 'NONE', #208, .T. ) ;
#93 = CYLINDRICAL_SURFACE ( 'NONE', #2512, 0.3749999999999994449 ) ;
#94 = CYLINDRICAL_SURFACE ( 'NONE', #264, 1.500000000000001332 ) ;
#95 = ORIENTED_EDGE ( 'NONE', *, *, #2868, .F. ) ;
#96 = ORIENTED_EDGE ( 'NONE', *, *, #2204, .F. ) ;
#97 = FACE_BOUND ( 'NONE', #1086, .T. ) ;
#98 = DIRECTION ( 'NONE',  ( -1.000000000000000000, -0.000000000000000000, -0.000000000000000000 ) ) ;
#99 = DIRECTION ( 'NONE',  ( -1.000000000000000000, -0.000000000000000000, -0.000000000000000000 ) ) ;
#100 = VERTEX_POINT ( 'NONE', #858 ) ;
#101 = VECTOR ( 'NONE', #597, 1000.000000000000000 ) ;
#102 = EDGE_CURVE ( 'NONE', #2096, #1154, #1741, .T. ) ;
#103 = CIRCLE ( 'NONE', #2873, 0.3749999999999960032 ) ;
#104 = DIRECTION ( 'NONE',  ( -1.000000000000000000, -0.000000000000000000, 0.000000000000000000 ) ) ;
#105 = VERTEX_POINT ( 'NONE', #2029 ) ;
#106 = CIRCLE ( 'NONE', #4, 0.3749999999999992228 ) ;
#107 = CARTESIAN_POINT ( 'NONE',  ( 1.000000000000000000, -17.00000000000001421, -15.75000000000002132 ) ) ;
#108 = CARTESIAN_POINT ( 'NONE',  ( 9.000000000000001776, -16.00000000000000355, 7.500000000000000888 ) ) ;
#109 = EDGE_LOOP ( 'NONE', ( #39, #1462 ) ) ;
#110 = AXIS2_PLACEMENT_3D ( 'NONE', #1511, #1522, #1278 ) ;
#111 = ADVANCED_FACE ( 'NONE', ( #1307 ), #1563, .F. ) ;
#112 = DIRECTION ( 'NONE',  ( 0.000000000000000000, -1.000000000000000000, -9.130123557772669567E-17 ) ) ;
#113 = AXIS2_PLACEMENT_3D ( 'NONE', #2794, #3058, #602 ) ;
#114 = ORIENTED_EDGE ( 'NONE', *, *, #750, .T. ) ;
#115 = DIRECTION ( 'NONE',  ( -1.000000000000000000, -0.000000000000000000, -0.000000000000000000 ) ) ;
#116 = DIRECTION ( 'NONE',  ( -1.000000000000000000, -0.000000000000000000, -0.000000000000000000 ) ) ;
#117 = FACE_OUTER_BOUND ( 'NONE', #1076, .T. ) ;
#118 = DIRECTION ( 'NONE',  ( 0.000000000000000000, 0.000000000000000000, 1.000000000000000000 ) ) ;
#119 = AXIS2_PLACEMENT_3D ( 'NONE', #2851, #1645, #1059 ) ;
#120 = ORIENTED_EDGE ( 'NONE', *, *, #1931, .F. ) ;
#121 = CIRCLE ( 'NONE', #2638, 1.250000000000001110 ) ;
#122 = CYLINDRICAL_SURFACE ( 'NONE', #1751, 0.3749999999999992228 ) ;
#123 = EDGE_CURVE ( 'NONE', #430, #2080, #1685, .T. ) ;
#124 = ADVANCED_FACE ( 'NONE', ( #2295 ), #1576, .T. ) ;
#125 = ORIENTED_EDGE ( 'NONE', *, *, #3077, .F. ) ;
#126 = DIRECTION ( 'NONE',  ( 1.000000000000000000, 0.000000000000000000, -0.000000000000000000 ) ) ;
#127 = CARTESIAN_POINT ( 'NONE',  ( 13.00000000000000178, 16.00000000000000355, 0.000000000000000000 ) ) ;
#128 = EDGE_LOOP ( 'NONE', ( #1819, #2119 ) ) ;
#129 = CARTESIAN_POINT ( 'NONE',  ( 9.000000000000001776, -16.00000000000000355, 7.750000000000000000 ) ) ;
#130 = EDGE_LOOP ( 'NONE', ( #2391, #704 ) ) ;
#131 = CARTESIAN_POINT ( 'NONE',  ( 8.000000000000000000, -16.00000000000000355, -4.625000000000000888 ) ) ;
#132 = DIRECTION ( 'NONE',  ( -1.000000000000000000, -0.000000000000000000, -0.000000000000000000 ) ) ;
#133 = DIRECTION ( 'NONE',  ( 0.000000000000000000, -0.000000000000000000, -1.000000000000000000 ) ) ;
#134 = DIRECTION ( 'NONE',  ( 1.000000000000000000, 0.000000000000000000, 0.000000000000000000 ) ) ;
#135 = EDGE_LOOP ( 'NONE', ( #2322, #509, #1977, #1266 ) ) ;
#136 = CARTESIAN_POINT ( 'NONE',  ( 12.00000000000000000, -16.00000000000000355, -6.000000000000000888 ) ) ;
#137 = VERTEX_POINT ( 'NONE', #2494 ) ;
#138 = EDGE_CURVE ( 'NONE', #1740, #1016, #46, .T. ) ;
#139 = CARTESIAN_POINT ( 'NONE',  ( 13.00000000000000178, 16.00000000000000355, -4.500000000000000888 ) ) ;
#140 = DIRECTION ( 'NONE',  ( -1.000000000000000000, 0.000000000000000000, -0.000000000000000000 ) ) ;
#141 = ORIENTED_EDGE ( 'NONE', *, *, #246, .T. ) ;
#142 = ADVANCED_FACE ( 'NONE', ( #2778 ), #305, .T. ) ;
#143 = DIRECTION ( 'NONE',  ( 0.000000000000000000, 0.000000000000000000, 1.000000000000000000 ) ) ;
#144 = ORIENTED_EDGE ( 'NONE', *, *, #549, .F. ) ;
#145 = DIRECTION ( 'NONE',  ( 0.000000000000000000, 0.000000000000000000, -1.000000000000000000 ) ) ;
#146 = CARTESIAN_POINT ( 'NONE',  ( 1.000000000000000000, -17.49999999999999645, -19.00000000000000000 ) ) ;
#147 = DIRECTION ( 'NONE',  ( -1.000000000000000000, -0.000000000000000000, -0.000000000000000000 ) ) ;
#148 = VERTEX_POINT ( 'NONE', #50 ) ;
#149 = AXIS2_PLACEMENT_3D ( 'NONE', #85, #3044, #1834 ) ;
#150 = CARTESIAN_POINT ( 'NONE',  ( 13.00000000000000178, 16.00000000000000355, 4.500000000000000000 ) ) ;
#151 = AXIS2_PLACEMENT_3D ( 'NONE', #181, #126, #1316 ) ;
#152 = DIRECTION ( 'NONE',  ( 0.000000000000000000, 0.000000000000000000, -1.000000000000000000 ) ) ;
#153 = EDGE_LOOP ( 'NONE', ( #861, #3136, #767, #341 ) ) ;
#154 = PLANE ( 'NONE',  #1959 ) ;
#155 = CIRCLE ( 'NONE', #1957, 1.250000000000001110 ) ;
#156 = ORIENTED_EDGE ( 'NONE', *, *, #3057, .T. ) ;
#157 = VECTOR ( 'NONE', #949, 1000.000000000000000 ) ;
#158 = LINE ( 'NONE', #2123, #532 ) ;
#159 = ORIENTED_EDGE ( 'NONE', *, *, #557, .T. ) ;
#160 = EDGE_CURVE ( 'NONE', #392, #632, #2665, .T. ) ;
#161 = CYLINDRICAL_SURFACE ( 'NONE', #1125, 1.500000000000000444 ) ;
#162 = AXIS2_PLACEMENT_3D ( 'NONE', #2046, #336, #2095 ) ;
#163 = CIRCLE ( 'NONE', #3028, 0.3749999999999992228 ) ;
#164 = CYLINDRICAL_SURFACE ( 'NONE', #592, 0.3749999999999994449 ) ;
#165 = PLANE ( 'NONE',  #263 ) ;
#166 = DIRECTION ( 'NONE',  ( 0.000000000000000000, 0.000000000000000000, -1.000000000000000000 ) ) ;
#167 = ORIENTED_EDGE ( 'NONE', *, *, #665, .T. ) ;
#168 = AXIS2_PLACEMENT_3D ( 'NONE', #170, #2182, #2390 ) ;
#169 = CARTESIAN_POINT ( 'NONE',  ( 8.000000000000000000, -16.00000000000000355, 6.625000000000000888 ) ) ;
#170 = CARTESIAN_POINT ( 'NONE',  ( 1.000000000000000000, 16.00000000000000000, 5.000000000000000000 ) ) ;
#171 = VERTEX_POINT ( 'NONE', #844 ) ;
#172 = VECTOR ( 'NONE', #560, 1000.000000000000000 ) ;
#173 = FACE_OUTER_BOUND ( 'NONE', #1046, .T. ) ;
#174 = EDGE_CURVE ( 'NONE', #849, #1233, #1082, .T. ) ;
#175 = AXIS2_PLACEMENT_3D ( 'NONE', #650, #132, #3061 ) ;
#176 = EDGE_CURVE ( 'NONE', #994, #2891, #588, .T. ) ;
#177 = ORIENTED_EDGE ( 'NONE', *, *, #360, .T. ) ;
#178 = FACE_OUTER_BOUND ( 'NONE', #543, .T. ) ;
#179 = DIRECTION ( 'NONE',  ( -1.000000000000000000, -0.000000000000000000, -0.000000000000000000 ) ) ;
#180 = ORIENTED_EDGE ( 'NONE', *, *, #814, .T. ) ;
#181 = CARTESIAN_POINT ( 'NONE',  ( 1.000000000000000000, -17.49999999999999645, -17.49999999999999645 ) ) ;
#182 = EDGE_CURVE ( 'NONE', #239, #1838, #3170, .T. ) ;
#183 = APPLICATION_PROTOCOL_DEFINITION ( 'draft international standard', 'automotive_design', 1998, #194 ) ;
#184 = DIRECTION ( 'NONE',  ( 1.000000000000000000, 0.000000000000000000, 0.000000000000000000 ) ) ;
#185 = CIRCLE ( 'NONE', #546, 0.3749999999999994449 ) ;
#186 = FACE_BOUND ( 'NONE', #877, .T. ) ;
#187 = ORIENTED_EDGE ( 'NONE', *, *, #1890, .F. ) ;
#188 = DIRECTION ( 'NONE',  ( 0.000000000000000000, 0.000000000000000000, 1.000000000000000000 ) ) ;
#189 = FACE_OUTER_BOUND ( 'NONE', #1539, .T. ) ;
#190 = ORIENTED_EDGE ( 'NONE', *, *, #2828, .T. ) ;
#191 = ADVANCED_FACE ( 'NONE', ( #604 ), #3000, .F. ) ;
#192 = DIRECTION ( 'NONE',  ( 0.000000000000000000, 0.000000000000000000, 1.000000000000000000 ) ) ;
#193 = ORIENTED_EDGE ( 'NONE', *, *, #2767, .F. ) ;
#194 = APPLICATION_CONTEXT ( 'automotive_design' ) ;
#195 = DIRECTION ( 'NONE',  ( 0.000000000000000000, 0.000000000000000000, 1.000000000000000000 ) ) ;
#196 = ORIENTED_EDGE ( 'NONE', *, *, #138, .F. ) ;
#197 = ADVANCED_FACE ( 'NONE', ( #377 ), #1374, .T. ) ;
#198 = CARTESIAN_POINT ( 'NONE',  ( 12.00000000000000000, 16.00000000000000355, 6.000000000000000000 ) ) ;
#199 = FACE_OUTER_BOUND ( 'NONE', #916, .T. ) ;
#200 = VERTEX_POINT ( 'NONE', #1866 ) ;
#201 = CARTESIAN_POINT ( 'NONE',  ( 8.000000000000000000, 16.00000000000000355, -6.625000000000004441 ) ) ;
#202 = LINE ( 'NONE', #1196, #2358 ) ;
#203 = DIRECTION ( 'NONE',  ( -1.000000000000000000, -0.000000000000000000, -0.000000000000000000 ) ) ;
#204 = ORIENTED_EDGE ( 'NONE', *, *, #1276, .T. ) ;
#205 = EDGE_CURVE ( 'NONE', #1666, #2441, #3079, .T. ) ;
#206 = AXIS2_PLACEMENT_3D ( 'NONE', #1033, #357, #2010 ) ;
#207 = LINE ( 'NONE', #1417, #1801 ) ;
#208 = EDGE_LOOP ( 'NONE', ( #2138, #286, #1371, #1993 ) ) ;
#209 = AXIS2_PLACEMENT_3D ( 'NONE', #2306, #561, #339 ) ;
#210 = CARTESIAN_POINT ( 'NONE',  ( 1.000000000000000000, 16.00000000000000355, -5.000000000000000000 ) ) ;
#211 = TOROIDAL_SURFACE ( 'NONE', #824, 0.5000000000000004441, 1.000000000000000000 ) ;
#212 = VERTEX_POINT ( 'NONE', #2860 ) ;
#213 = CIRCLE ( 'NONE', #2054, 1.500000000000001332 ) ;
#214 = CARTESIAN_POINT ( 'NONE',  ( 13.00000000000000178, -16.00000000000000355, 4.500000000000000000 ) ) ;
#215 = AXIS2_PLACEMENT_3D ( 'NONE', #2839, #1075, #1138 ) ;
#216 = DIRECTION ( 'NONE',  ( 0.000000000000000000, 0.000000000000000000, -1.000000000000000000 ) ) ;
#217 = ORIENTED_EDGE ( 'NONE', *, *, #320, .F. ) ;
#218 = EDGE_CURVE ( 'NONE', #1858, #3155, #1897, .T. ) ;
#219 = FACE_OUTER_BOUND ( 'NONE', #2234, .T. ) ;
#220 = DIRECTION ( 'NONE',  ( 0.000000000000000000, 0.000000000000000000, -1.000000000000000000 ) ) ;
#221 = VERTEX_POINT ( 'NONE', #131 ) ;
#222 = CIRCLE ( 'NONE', #2266, 0.3749999999999992228 ) ;
#223 = ORIENTED_EDGE ( 'NONE', *, *, #1759, .F. ) ;
#224 = ADVANCED_FACE ( 'NONE', ( #2622, #1160 ), #648, .T. ) ;
#225 = ADVANCED_FACE ( 'NONE', ( #2344 ), #1127, .T. ) ;
#226 = LINE ( 'NONE', #3138, #1447 ) ;
#227 = VERTEX_POINT ( 'NONE', #1622 ) ;
#228 = AXIS2_PLACEMENT_3D ( 'NONE', #1015, #2742, #2963 ) ;
#229 = DIRECTION ( 'NONE',  ( 0.000000000000000000, 0.000000000000000000, 1.000000000000000000 ) ) ;
#230 = VECTOR ( 'NONE', #1485, 1000.000000000000000 ) ;
#231 = ORIENTED_EDGE ( 'NONE', *, *, #2705, .T. ) ;
#232 = CARTESIAN_POINT ( 'NONE',  ( 13.00000000000000178, 16.00000000000000355, -6.000000000000000888 ) ) ;
#233 = EDGE_CURVE ( 'NONE', #2115, #2678, #235, .T. ) ;
#234 = DIRECTION ( 'NONE',  ( -1.000000000000000000, -0.000000000000000000, -0.000000000000000000 ) ) ;
#235 = LINE ( 'NONE', #681, #1845 ) ;
#236 = CARTESIAN_POINT ( 'NONE',  ( 8.000000000000000000, -16.00000000000000355, 6.000000000000000000 ) ) ;
#237 = CARTESIAN_POINT ( 'NONE',  ( 8.000000000000000000, -16.00000000000000355, 7.000000000000000000 ) ) ;
#238 = DIRECTION ( 'NONE',  ( 0.000000000000000000, 0.000000000000000000, -1.000000000000000000 ) ) ;
#239 = VERTEX_POINT ( 'NONE', #1638 ) ;
#240 = ORIENTED_EDGE ( 'NONE', *, *, #2339, .T. ) ;
#241 = CARTESIAN_POINT ( 'NONE',  ( 8.000000000000000000, 16.00000000000000355, -7.750000000000000888 ) ) ;
#242 = ORIENTED_EDGE ( 'NONE', *, *, #882, .F. ) ;
#243 = ADVANCED_FACE ( 'NONE', ( #2875 ), #161, .T. ) ;
#244 = CARTESIAN_POINT ( 'NONE',  ( 9.000000000000001776, 16.00000000000000355, -4.500000000000000888 ) ) ;
#245 = ORIENTED_EDGE ( 'NONE', *, *, #28, .T. ) ;
#246 = EDGE_CURVE ( 'NONE', #2201, #953, #2592, .T. ) ;
#247 = CARTESIAN_POINT ( 'NONE',  ( 19.00000000000000000, 7.347880794884120722E-16, -6.000000000000000888 ) ) ;
#248 = FACE_OUTER_BOUND ( 'NONE', #2355, .T. ) ;
#249 = CYLINDRICAL_SURFACE ( 'NONE', #1892, 0.3749999999999994449 ) ;
#250 = FACE_BOUND ( 'NONE', #1930, .T. ) ;
#251 = CARTESIAN_POINT ( 'NONE',  ( 12.00000000000000000, 16.00000000000000355, 7.500000000000000888 ) ) ;
#252 = EDGE_LOOP ( 'NONE', ( #989, #167, #2189, #594 ) ) ;
#253 = ORIENTED_EDGE ( 'NONE', *, *, #2654, .T. ) ;
#254 = DIRECTION ( 'NONE',  ( 0.000000000000000000, 0.000000000000000000, -1.000000000000000000 ) ) ;
#255 = ORIENTED_EDGE ( 'NONE', *, *, #2242, .F. ) ;
#256 = CYLINDRICAL_SURFACE ( 'NONE', #1558, 1.500000000000000444 ) ;
#257 = ORIENTED_EDGE ( 'NONE', *, *, #1852, .T. ) ;
#258 = CARTESIAN_POINT ( 'NONE',  ( 1.000000000000000000, 17.49999999999999645, 17.50000000000000000 ) ) ;
#259 = EDGE_CURVE ( 'NONE', #1727, #1121, #1945, .T. ) ;
#260 = EDGE_CURVE ( 'NONE', #2751, #2651, #1536, .T. ) ;
#261 = LINE ( 'NONE', #494, #2320 ) ;
#262 = LINE ( 'NONE', #1242, #1072 ) ;
#263 = AXIS2_PLACEMENT_3D ( 'NONE', #3062, #2810, #846 ) ;
#264 = AXIS2_PLACEMENT_3D ( 'NONE', #2085, #820, #353 ) ;
#265 = DIRECTION ( 'NONE',  ( -1.000000000000000000, -0.000000000000000000, -0.000000000000000000 ) ) ;
#266 = CARTESIAN_POINT ( 'NONE',  ( 1.000000000000000000, -17.00000000000001421, -17.00000000000002132 ) ) ;
#267 = EDGE_LOOP ( 'NONE', ( #1569, #908, #9, #805 ) ) ;
#268 = VERTEX_POINT ( 'NONE', #425 ) ;
#269 = AXIS2_PLACEMENT_3D ( 'NONE', #77, #1057, #815 ) ;
#270 = CIRCLE ( 'NONE', #113, 1.749999999999999778 ) ;
#271 = DIRECTION ( 'NONE',  ( 1.000000000000000000, 0.000000000000000000, 0.000000000000000000 ) ) ;
#272 = EDGE_CURVE ( 'NONE', #2635, #343, #1230, .T. ) ;
#273 = VERTEX_POINT ( 'NONE', #1407 ) ;
#274 = AXIS2_PLACEMENT_3D ( 'NONE', #2627, #1625, #1411 ) ;
#275 = ADVANCED_FACE ( 'NONE', ( #2382 ), #870, .T. ) ;
#276 = DIRECTION ( 'NONE',  ( -1.000000000000000000, 0.000000000000000000, 0.000000000000000000 ) ) ;
#277 = EDGE_CURVE ( 'NONE', #1233, #721, #2968, .T. ) ;
#278 = CIRCLE ( 'NONE', #2070, 0.5000000000000004441 ) ;
#279 = VERTEX_POINT ( 'NONE', #854 ) ;
#280 = TOROIDAL_SURFACE ( 'NONE', #1304, 0.5000000000000004441, 1.000000000000000000 ) ;
#281 = DIRECTION ( 'NONE',  ( -1.000000000000000000, 0.000000000000000000, 0.000000000000000000 ) ) ;
#282 = PLANE ( 'NONE',  #3120 ) ;
#283 = EDGE_CURVE ( 'NONE', #221, #273, #1045, .T. ) ;
#284 = FACE_BOUND ( 'NONE', #1095, .T. ) ;
#285 = VERTEX_POINT ( 'NONE', #2258 ) ;
#286 = ORIENTED_EDGE ( 'NONE', *, *, #2699, .F. ) ;
#287 = DIRECTION ( 'NONE',  ( 0.000000000000000000, 0.000000000000000000, -1.000000000000000000 ) ) ;
#288 = ORIENTED_EDGE ( 'NONE', *, *, #747, .T. ) ;
#289 = AXIS2_PLACEMENT_3D ( 'NONE', #890, #1868, #2384 ) ;
#290 = ADVANCED_FACE ( 'NONE', ( #2539 ), #1842, .F. ) ;
#291 = DIRECTION ( 'NONE',  ( 1.000000000000000000, 0.000000000000000000, 0.000000000000000000 ) ) ;
#292 = EDGE_LOOP ( 'NONE', ( #2886, #2199 ) ) ;
#293 = CARTESIAN_POINT ( 'NONE',  ( 20.00000000000000000, 0.000000000000000000, 16.50000000000000000 ) ) ;
#294 = EDGE_CURVE ( 'NONE', #529, #3029, #1439, .T. ) ;
#295 = DIRECTION ( 'NONE',  ( -1.000000000000000000, -0.000000000000000000, -0.000000000000000000 ) ) ;
#296 = DIRECTION ( 'NONE',  ( 0.000000000000000000, 0.000000000000000000, -1.000000000000000000 ) ) ;
#297 = FACE_BOUND ( 'NONE', #1336, .T. ) ;
#298 = DIRECTION ( 'NONE',  ( 0.000000000000000000, 0.000000000000000000, 1.000000000000000000 ) ) ;
#299 = EDGE_LOOP ( 'NONE', ( #454, #2664, #3074, #1442 ) ) ;
#300 = CYLINDRICAL_SURFACE ( 'NONE', #2264, 1.750000000000000000 ) ;
#301 = EDGE_CURVE ( 'NONE', #1572, #2994, #2023, .T. ) ;
#302 = ORIENTED_EDGE ( 'NONE', *, *, #1974, .T. ) ;
#303 = CARTESIAN_POINT ( 'NONE',  ( 1.000000000000000000, -16.00000000000000355, -1.374999999999999556 ) ) ;
#304 = ORIENTED_EDGE ( 'NONE', *, *, #310, .F. ) ;
#305 = TOROIDAL_SURFACE ( 'NONE', #358, 0.5000000000000004441, 1.000000000000000000 ) ;
#306 = FACE_BOUND ( 'NONE', #1989, .T. ) ;
#307 = FACE_OUTER_BOUND ( 'NONE', #2347, .T. ) ;
#308 = DIRECTION ( 'NONE',  ( 0.000000000000000000, 0.000000000000000000, -1.000000000000000000 ) ) ;
#309 = CIRCLE ( 'NONE', #2102, 1.249999999999997558 ) ;
#310 = EDGE_CURVE ( 'NONE', #994, #802, #1284, .T. ) ;
#311 = CARTESIAN_POINT ( 'NONE',  ( 8.000000000000000000, 16.00000000000000355, 6.000000000000000000 ) ) ;
#312 = CARTESIAN_POINT ( 'NONE',  ( 9.000000000000001776, 16.00000000000000355, 7.750000000000000000 ) ) ;
#313 = AXIS2_PLACEMENT_3D ( 'NONE', #972, #1952, #388 ) ;
#314 = EDGE_CURVE ( 'NONE', #1650, #1395, #51, .T. ) ;
#315 = ORIENTED_EDGE ( 'NONE', *, *, #1216, .F. ) ;
#316 = AXIS2_PLACEMENT_3D ( 'NONE', #1577, #2345, #347 ) ;
#317 = CARTESIAN_POINT ( 'NONE',  ( 1.000000000000000000, -16.00000000000000355, -5.000000000000000000 ) ) ;
#318 = CIRCLE ( 'NONE', #933, 0.3749999999999992228 ) ;
#319 = ORIENTED_EDGE ( 'NONE', *, *, #1618, .F. ) ;
#320 = EDGE_CURVE ( 'NONE', #2532, #2849, #3066, .T. ) ;
#321 = AXIS2_PLACEMENT_3D ( 'NONE', #2303, #1825, #2034 ) ;
#322 = DIRECTION ( 'NONE',  ( 1.000000000000000000, 0.000000000000000000, 0.000000000000000000 ) ) ;
#323 = CARTESIAN_POINT ( 'NONE',  ( 8.000000000000000000, -16.00000000000000355, 7.000000000000000000 ) ) ;
#324 = ORIENTED_EDGE ( 'NONE', *, *, #1502, .F. ) ;
#325 = TOROIDAL_SURFACE ( 'NONE', #1504, 0.5000000000000006661, 1.000000000000000000 ) ;
#326 = CIRCLE ( 'NONE', #274, 1.500000000000001332 ) ;
#327 = CARTESIAN_POINT ( 'NONE',  ( 13.00000000000000178, 16.00000000000000355, -6.000000000000000888 ) ) ;
#328 = CARTESIAN_POINT ( 'NONE',  ( 20.00000000000000000, 7.347880794884120722E-16, -6.000000000000000888 ) ) ;
#329 = FACE_OUTER_BOUND ( 'NONE', #2958, .T. ) ;
#330 = AXIS2_PLACEMENT_3D ( 'NONE', #1432, #1448, #195 ) ;
#331 = FACE_BOUND ( 'NONE', #31, .T. ) ;
#332 = DIRECTION ( 'NONE',  ( -1.000000000000000000, -0.000000000000000000, -0.000000000000000000 ) ) ;
#333 = CIRCLE ( 'NONE', #2326, 1.749999999999999778 ) ;
#334 = CARTESIAN_POINT ( 'NONE',  ( 9.000000000000001776, -16.00000000000000355, 6.000000000000000000 ) ) ;
#335 = ORIENTED_EDGE ( 'NONE', *, *, #3056, .F. ) ;
#336 = DIRECTION ( 'NONE',  ( -1.000000000000000000, -0.000000000000000000, -0.000000000000000000 ) ) ;
#337 = ORIENTED_EDGE ( 'NONE', *, *, #1554, .T. ) ;
#338 = FACE_OUTER_BOUND ( 'NONE', #3166, .T. ) ;
#339 = DIRECTION ( 'NONE',  ( 0.000000000000000000, 0.000000000000000000, 1.000000000000000000 ) ) ;
#340 = FACE_OUTER_BOUND ( 'NONE', #1476, .T. ) ;
#341 = ORIENTED_EDGE ( 'NONE', *, *, #2982, .T. ) ;
#342 = CARTESIAN_POINT ( 'NONE',  ( 1.000000000000000000, -17.00000000000000355, 17.00000000000000000 ) ) ;
#343 = VERTEX_POINT ( 'NONE', #2290 ) ;
#344 = EDGE_CURVE ( 'NONE', #1118, #227, #2101, .T. ) ;
#345 = CARTESIAN_POINT ( 'NONE',  ( 0.000000000000000000, -17.00000000000000355, 17.00000000000000000 ) ) ;
#346 = FACE_BOUND ( 'NONE', #757, .T. ) ;
#347 = DIRECTION ( 'NONE',  ( 0.000000000000000000, 0.000000000000000000, -1.000000000000000000 ) ) ;
#348 = CARTESIAN_POINT ( 'NONE',  ( 8.000000000000000000, -16.00000000000000000, 5.000000000000000000 ) ) ;
#349 = VERTEX_POINT ( 'NONE', #864 ) ;
#350 = DIRECTION ( 'NONE',  ( 0.000000000000000000, 0.000000000000000000, -1.000000000000000000 ) ) ;
#351 = VERTEX_POINT ( 'NONE', #1074 ) ;
#352 = CYLINDRICAL_SURFACE ( 'NONE', #365, 0.3749999999999992228 ) ;
#353 = DIRECTION ( 'NONE',  ( 0.000000000000000000, 0.000000000000000000, 1.000000000000000000 ) ) ;
#354 = ORIENTED_EDGE ( 'NONE', *, *, #344, .F. ) ;
#355 = CARTESIAN_POINT ( 'NONE',  ( 12.00000000000000000, -16.00000000000000355, 0.000000000000000000 ) ) ;
#356 = VERTEX_POINT ( 'NONE', #837 ) ;
#357 = DIRECTION ( 'NONE',  ( -1.000000000000000000, -0.000000000000000000, -0.000000000000000000 ) ) ;
#358 = AXIS2_PLACEMENT_3D ( 'NONE', #1052, #1767, #1272 ) ;
#359 = ADVANCED_FACE ( 'NONE', ( #3053 ), #93, .T. ) ;
#360 = EDGE_CURVE ( 'NONE', #2866, #1756, #611, .T. ) ;
#361 = EDGE_CURVE ( 'NONE', #2683, #2343, #1334, .T. ) ;
#362 = DIRECTION ( 'NONE',  ( 0.000000000000000000, 0.000000000000000000, 1.000000000000000000 ) ) ;
#363 = CARTESIAN_POINT ( 'NONE',  ( 9.000000000000001776, 16.00000000000000355, 0.000000000000000000 ) ) ;
#364 = VERTEX_POINT ( 'NONE', #2519 ) ;
#365 = AXIS2_PLACEMENT_3D ( 'NONE', #2084, #2585, #63 ) ;
#366 = CARTESIAN_POINT ( 'NONE',  ( 8.000000000000000000, 16.00000000000000355, -1.000000000000000000 ) ) ;
#367 = EDGE_LOOP ( 'NONE', ( #2467, #1810 ) ) ;
#368 = AXIS2_PLACEMENT_3D ( 'NONE', #3032, #591, #408 ) ;
#369 = DIRECTION ( 'NONE',  ( -0.000000000000000000, 1.000000000000000000, 1.224646799147353207E-16 ) ) ;
#370 = CIRCLE ( 'NONE', #776, 0.3749999999999992228 ) ;
#371 = CARTESIAN_POINT ( 'NONE',  ( 9.000000000000001776, 16.00000000000000355, -4.250000000000000888 ) ) ;
#372 = ORIENTED_EDGE ( 'NONE', *, *, #1320, .F. ) ;
#373 = CIRCLE ( 'NONE', #3131, 1.500000000000000444 ) ;
#374 = EDGE_CURVE ( 'NONE', #1756, #2159, #1742, .T. ) ;
#375 = DIRECTION ( 'NONE',  ( -0.000000000000000000, 0.000000000000000000, 1.000000000000000000 ) ) ;
#376 = ORIENTED_EDGE ( 'NONE', *, *, #459, .F. ) ;
#377 = FACE_OUTER_BOUND ( 'NONE', #2175, .T. ) ;
#378 = AXIS2_PLACEMENT_3D ( 'NONE', #1947, #1007, #2 ) ;
#379 = LINE ( 'NONE', #619, #3126 ) ;
#380 = CARTESIAN_POINT ( 'NONE',  ( 13.00000000000000178, 16.00000000000000355, -6.000000000000000888 ) ) ;
#381 = TOROIDAL_SURFACE ( 'NONE', #1000, 0.5000000000000004441, 1.000000000000000000 ) ;
#382 = EDGE_LOOP ( 'NONE', ( #886, #2793, #2837, #1010 ) ) ;
#383 = EDGE_CURVE ( 'NONE', #632, #1154, #1570, .T. ) ;
#384 = VECTOR ( 'NONE', #265, 1000.000000000000000 ) ;
#385 = CARTESIAN_POINT ( 'NONE',  ( 8.000000000000000000, -16.00000000000000355, -0.6250000000000007772 ) ) ;
#386 = ORIENTED_EDGE ( 'NONE', *, *, #2204, .T. ) ;
#387 = EDGE_CURVE ( 'NONE', #1395, #2286, #1490, .T. ) ;
#388 = DIRECTION ( 'NONE',  ( 0.000000000000000000, 0.000000000000000000, 1.000000000000000000 ) ) ;
#389 = CARTESIAN_POINT ( 'NONE',  ( 1.000000000000000000, -16.00000000000000355, 1.000000000000000000 ) ) ;
#390 = ORIENTED_EDGE ( 'NONE', *, *, #1651, .F. ) ;
#391 = CARTESIAN_POINT ( 'NONE',  ( 8.000000000000000000, -16.00000000000000355, -1.000000000000000000 ) ) ;
#392 = VERTEX_POINT ( 'NONE', #2554 ) ;
#393 = DIRECTION ( 'NONE',  ( 0.000000000000000000, 0.000000000000000000, 1.000000000000000000 ) ) ;
#394 =( LENGTH_UNIT ( ) NAMED_UNIT ( * ) SI_UNIT ( .MILLI., .METRE. ) );
#395 = FACE_OUTER_BOUND ( 'NONE', #608, .T. ) ;
#396 = FACE_OUTER_BOUND ( 'NONE', #153, .T. ) ;
#397 = ORIENTED_EDGE ( 'NONE', *, *, #1847, .T. ) ;
#398 = DIRECTION ( 'NONE',  ( -1.000000000000000000, -0.000000000000000000, -0.000000000000000000 ) ) ;
#399 = CARTESIAN_POINT ( 'NONE',  ( 1.000000000000000000, 16.00000000000000000, 5.375000000000000000 ) ) ;
#400 = ORIENTED_EDGE ( 'NONE', *, *, #283, .F. ) ;
#401 = ADVANCED_FACE ( 'NONE', ( #1282 ), #352, .T. ) ;
#402 = CARTESIAN_POINT ( 'NONE',  ( 13.00000000000000178, -16.00000000000000355, 5.500000000000000000 ) ) ;
#403 = ORIENTED_EDGE ( 'NONE', *, *, #2027, .T. ) ;
#404 = FACE_OUTER_BOUND ( 'NONE', #484, .T. ) ;
#405 = ORIENTED_EDGE ( 'NONE', *, *, #794, .F. ) ;
#406 = DIRECTION ( 'NONE',  ( 0.000000000000000000, 0.000000000000000000, 1.000000000000000000 ) ) ;
#407 = CIRCLE ( 'NONE', #2667, 0.3749999999999994449 ) ;
#408 = DIRECTION ( 'NONE',  ( 0.000000000000000000, 0.000000000000000000, 1.000000000000000000 ) ) ;
#409 = PLANE ( 'NONE',  #1604 ) ;
#410 = ORIENTED_EDGE ( 'NONE', *, *, #2203, .F. ) ;
#411 = EDGE_CURVE ( 'NONE', #2628, #2230, #2155, .T. ) ;
#412 = DIRECTION ( 'NONE',  ( 0.000000000000000000, 0.000000000000000000, -1.000000000000000000 ) ) ;
#413 = AXIS2_PLACEMENT_3D ( 'NONE', #3149, #1427, #3133 ) ;
#414 = DIRECTION ( 'NONE',  ( 1.000000000000000000, 0.000000000000000000, -0.000000000000000000 ) ) ;
#415 = ORIENTED_EDGE ( 'NONE', *, *, #218, .T. ) ;
#416 = AXIS2_PLACEMENT_3D ( 'NONE', #1905, #2042, #1531 ) ;
#417 = CARTESIAN_POINT ( 'NONE',  ( 9.000000000000001776, 16.00000000000000355, -7.750000000000000888 ) ) ;
#418 = AXIS2_PLACEMENT_3D ( 'NONE', #1611, #2797, #362 ) ;
#419 = VERTEX_POINT ( 'NONE', #497 ) ;
#420 = ADVANCED_FACE ( 'NONE', ( #1211 ), #2404, .T. ) ;
#421 = AXIS2_PLACEMENT_3D ( 'NONE', #1120, #612, #1351 ) ;
#422 = LINE ( 'NONE', #1653, #2838 ) ;
#423 = DIRECTION ( 'NONE',  ( -1.000000000000000000, -0.000000000000000000, -0.000000000000000000 ) ) ;
#424 = ORIENTED_EDGE ( 'NONE', *, *, #1314, .F. ) ;
#425 = CARTESIAN_POINT ( 'NONE',  ( 9.000000000000001776, 16.00000000000000355, 1.750000000000000000 ) ) ;
#426 = AXIS2_PLACEMENT_3D ( 'NONE', #463, #671, #1665 ) ;
#427 = TOROIDAL_SURFACE ( 'NONE', #483, 0.5000000000000006661, 1.000000000000000000 ) ;
#428 = DIRECTION ( 'NONE',  ( 0.000000000000000000, -0.000000000000000000, 1.000000000000000000 ) ) ;
#429 = CARTESIAN_POINT ( 'NONE',  ( 12.00000000000000000, -16.00000000000000355, -6.000000000000000888 ) ) ;
#430 = VERTEX_POINT ( 'NONE', #752 ) ;
#431 = CIRCLE ( 'NONE', #1248, 1.500000000000000444 ) ;
#432 = DIRECTION ( 'NONE',  ( 1.000000000000000000, 0.000000000000000000, 0.000000000000000000 ) ) ;
#433 = VECTOR ( 'NONE', #2652, 1000.000000000000000 ) ;
#434 = DIRECTION ( 'NONE',  ( 0.000000000000000000, 0.000000000000000000, -1.000000000000000000 ) ) ;
#435 = ORIENTED_EDGE ( 'NONE', *, *, #1662, .T. ) ;
#436 = UNCERTAINTY_MEASURE_WITH_UNIT (LENGTH_MEASURE( 1.000000000000000082E-05 ), #2417, 'distance_accuracy_value', 'NONE');
#437 = CARTESIAN_POINT ( 'NONE',  ( 8.000000000000000000, -16.00000000000000000, 5.375000000000000000 ) ) ;
#438 = EDGE_LOOP ( 'NONE', ( #2472, #2579, #1716, #1228 ) ) ;
#439 = DIRECTION ( 'NONE',  ( -1.000000000000000000, -0.000000000000000000, -0.000000000000000000 ) ) ;
#440 = ORIENTED_EDGE ( 'NONE', *, *, #853, .T. ) ;
#441 = DIRECTION ( 'NONE',  ( 0.000000000000000000, 0.000000000000000000, 1.000000000000000000 ) ) ;
#442 = ADVANCED_FACE ( 'NONE', ( #1473 ), #479, .F. ) ;
#443 = LINE ( 'NONE', #2111, #1654 ) ;
#444 = EDGE_LOOP ( 'NONE', ( #2754, #2701, #144, #1532 ) ) ;
#445 = DIRECTION ( 'NONE',  ( 0.000000000000000000, -1.000000000000000000, 0.000000000000000000 ) ) ;
#446 = SURFACE_SIDE_STYLE ('',( #689 ) ) ;
#447 = CARTESIAN_POINT ( 'NONE',  ( 1.000000000000000000, -17.00000000000000355, 18.25000000000000000 ) ) ;
#448 = ORIENTED_EDGE ( 'NONE', *, *, #2255, .F. ) ;
#449 = LINE ( 'NONE', #2375, #1855 ) ;
#450 = ORIENTED_EDGE ( 'NONE', *, *, #1521, .T. ) ;
#451 = EDGE_CURVE ( 'NONE', #2421, #1331, #520, .T. ) ;
#452 = CYLINDRICAL_SURFACE ( 'NONE', #2688, 1.500000000000000444 ) ;
#453 = EDGE_CURVE ( 'NONE', #2721, #2698, #202, .T. ) ;
#454 = ORIENTED_EDGE ( 'NONE', *, *, #2553, .F. ) ;
#455 = CARTESIAN_POINT ( 'NONE',  ( 9.000000000000001776, 16.00000000000000355, 0.000000000000000000 ) ) ;
#456 = LINE ( 'NONE', #1900, #2065 ) ;
#457 = EDGE_CURVE ( 'NONE', #1331, #2421, #2819, .T. ) ;
#458 = ORIENTED_EDGE ( 'NONE', *, *, #929, .F. ) ;
#459 = EDGE_CURVE ( 'NONE', #962, #419, #980, .T. ) ;
#460 = EDGE_CURVE ( 'NONE', #343, #2044, #735, .T. ) ;
#461 = DIRECTION ( 'NONE',  ( -1.000000000000000000, -0.000000000000000000, 0.000000000000000000 ) ) ;
#462 = DIRECTION ( 'NONE',  ( 1.000000000000000000, 0.000000000000000000, 0.000000000000000000 ) ) ;
#463 = CARTESIAN_POINT ( 'NONE',  ( 13.00000000000000178, 16.00000000000000355, 0.000000000000000000 ) ) ;
#464 = ORIENTED_EDGE ( 'NONE', *, *, #2752, .F. ) ;
#465 = AXIS2_PLACEMENT_3D ( 'NONE', #2363, #905, #1339 ) ;
#466 = CYLINDRICAL_SURFACE ( 'NONE', #2214, 1.500000000000000444 ) ;
#467 = ORIENTED_EDGE ( 'NONE', *, *, #1360, .T. ) ;
#468 = VECTOR ( 'NONE', #1827, 1000.000000000000000 ) ;
#469 = CARTESIAN_POINT ( 'NONE',  ( 13.00000000000000178, 16.00000000000000355, 0.000000000000000000 ) ) ;
#470 = VECTOR ( 'NONE', #1369, 1000.000000000000000 ) ;
#471 = ORIENTED_EDGE ( 'NONE', *, *, #1667, .F. ) ;
#472 = EDGE_CURVE ( 'NONE', #1016, #1740, #2765, .T. ) ;
#473 = AXIS2_PLACEMENT_3D ( 'NONE', #539, #523, #1031 ) ;
#474 = CARTESIAN_POINT ( 'NONE',  ( 8.000000000000000000, -16.00000000000000355, 7.000000000000000000 ) ) ;
#475 = DIRECTION ( 'NONE',  ( 0.000000000000000000, 0.000000000000000000, -1.000000000000000000 ) ) ;
#476 = DIRECTION ( 'NONE',  ( 0.000000000000000000, 0.000000000000000000, -1.000000000000000000 ) ) ;
#477 = CIRCLE ( 'NONE', #2930, 1.000000000000000000 ) ;
#478 = FACE_OUTER_BOUND ( 'NONE', #2697, .T. ) ;
#479 = PLANE ( 'NONE',  #1898 ) ;
#480 = DIRECTION ( 'NONE',  ( -1.000000000000000000, -0.000000000000000000, -0.000000000000000000 ) ) ;
#481 = EDGE_LOOP ( 'NONE', ( #537, #1744, #335, #2951 ) ) ;
#482 = EDGE_CURVE ( 'NONE', #268, #1838, #2181, .T. ) ;
#483 = AXIS2_PLACEMENT_3D ( 'NONE', #3109, #179, #2805 ) ;
#484 = EDGE_LOOP ( 'NONE', ( #1559, #1758 ) ) ;
#485 = CIRCLE ( 'NONE', #2937, 0.3749999999999992228 ) ;
#486 = CARTESIAN_POINT ( 'NONE',  ( 1.000000000000000000, -16.00000000000000000, 5.000000000000000000 ) ) ;
#487 = EDGE_CURVE ( 'NONE', #1395, #1740, #2675, .T. ) ;
#488 = ORIENTED_EDGE ( 'NONE', *, *, #1883, .F. ) ;
#489 = CIRCLE ( 'NONE', #2887, 0.5000000000000004441 ) ;
#490 = CARTESIAN_POINT ( 'NONE',  ( 8.000000000000000000, 16.00000000000000355, 0.6250000000000007772 ) ) ;
#491 = VECTOR ( 'NONE', #2289, 1000.000000000000000 ) ;
#492 = EDGE_LOOP ( 'NONE', ( #774, #1875, #337, #410 ) ) ;
#493 = FACE_OUTER_BOUND ( 'NONE', #3006, .T. ) ;
#494 = CARTESIAN_POINT ( 'NONE',  ( 1.000000000000000000, 17.49999999999999645, -18.99999999999999289 ) ) ;
#495 = DIRECTION ( 'NONE',  ( 0.000000000000000000, 0.000000000000000000, 1.000000000000000000 ) ) ;
#496 = CARTESIAN_POINT ( 'NONE',  ( 1.000000000000000000, 17.00000000000000711, -17.00000000000000000 ) ) ;
#497 = CARTESIAN_POINT ( 'NONE',  ( 9.000000000000001776, 16.00000000000000355, 4.500000000000000000 ) ) ;
#498 = DIRECTION ( 'NONE',  ( -1.000000000000000000, -0.000000000000000000, -0.000000000000000000 ) ) ;
#499 = ORIENTED_EDGE ( 'NONE', *, *, #460, .T. ) ;
#500 = ORIENTED_EDGE ( 'NONE', *, *, #713, .T. ) ;
#501 = CARTESIAN_POINT ( 'NONE',  ( 0.000000000000000000, 17.00000000000000711, -18.25000000000000355 ) ) ;
#502 = VERTEX_POINT ( 'NONE', #251 ) ;
#503 = EDGE_CURVE ( 'NONE', #1996, #2633, #2414, .T. ) ;
#504 = EDGE_CURVE ( 'NONE', #2388, #2651, #2908, .T. ) ;
#505 = LINE ( 'NONE', #1003, #1972 ) ;
#506 = VERTEX_POINT ( 'NONE', #1119 ) ;
#507 = FACE_OUTER_BOUND ( 'NONE', #717, .T. ) ;
#508 = FACE_BOUND ( 'NONE', #1579, .T. ) ;
#509 = ORIENTED_EDGE ( 'NONE', *, *, #174, .F. ) ;
#510 = DIRECTION ( 'NONE',  ( 1.000000000000000000, 0.000000000000000000, 0.000000000000000000 ) ) ;
#511 = DIRECTION ( 'NONE',  ( -0.000000000000000000, 1.000000000000000000, 9.637352644315595243E-17 ) ) ;
#512 = ORIENTED_EDGE ( 'NONE', *, *, #1027, .F. ) ;
#513 = ORIENTED_EDGE ( 'NONE', *, *, #1631, .T. ) ;
#514 = ADVANCED_FACE ( 'NONE', ( #2098 ), #715, .T. ) ;
#515 = EDGE_CURVE ( 'NONE', #996, #2981, #2971, .T. ) ;
#516 = MANIFOLD_SOLID_BREP ( 'Boss-Extrude7', #2463 ) ;
#517 = FACE_OUTER_BOUND ( 'NONE', #1454, .T. ) ;
#518 = ORIENTED_EDGE ( 'NONE', *, *, #482, .F. ) ;
#519 = CARTESIAN_POINT ( 'NONE',  ( 9.000000000000001776, -16.00000000000000355, 1.500000000000000444 ) ) ;
#520 = CIRCLE ( 'NONE', #413, 5.000000000000000888 ) ;
#521 = ORIENTED_EDGE ( 'NONE', *, *, #1683, .T. ) ;
#522 = EDGE_CURVE ( 'NONE', #749, #1103, #3124, .T. ) ;
#523 = DIRECTION ( 'NONE',  ( -1.000000000000000000, 0.000000000000000000, -0.000000000000000000 ) ) ;
#524 = DIRECTION ( 'NONE',  ( 1.000000000000000000, 0.000000000000000000, 0.000000000000000000 ) ) ;
#525 = CIRCLE ( 'NONE', #2572, 0.3749999999999994449 ) ;
#526 = AXIS2_PLACEMENT_3D ( 'NONE', #3054, #1557, #2772 ) ;
#527 = FACE_BOUND ( 'NONE', #657, .T. ) ;
#528 = FACE_OUTER_BOUND ( 'NONE', #1318, .T. ) ;
#529 = VERTEX_POINT ( 'NONE', #2990 ) ;
#530 = ORIENTED_EDGE ( 'NONE', *, *, #2948, .F. ) ;
#531 = AXIS2_PLACEMENT_3D ( 'NONE', #2700, #533, #2454 ) ;
#532 = VECTOR ( 'NONE', #2605, 1000.000000000000000 ) ;
#533 = DIRECTION ( 'NONE',  ( -1.000000000000000000, -0.000000000000000000, -0.000000000000000000 ) ) ;
#534 = ORIENTED_EDGE ( 'NONE', *, *, #1365, .F. ) ;
#535 = FACE_OUTER_BOUND ( 'NONE', #1293, .T. ) ;
#536 = AXIS2_PLACEMENT_3D ( 'NONE', #2036, #1812, #412 ) ;
#537 = ORIENTED_EDGE ( 'NONE', *, *, #2167, .F. ) ;
#538 = AXIS2_PLACEMENT_3D ( 'NONE', #311, #1290, #72 ) ;
#539 = CARTESIAN_POINT ( 'NONE',  ( 8.000000000000000000, 16.00000000000000355, -6.000000000000000888 ) ) ;
#540 = CARTESIAN_POINT ( 'NONE',  ( 8.000000000000000000, -16.00000000000000355, 0.000000000000000000 ) ) ;
#541 = ADVANCED_FACE ( 'NONE', ( #87 ), #798, .T. ) ;
#542 = FACE_BOUND ( 'NONE', #1011, .T. ) ;
#543 = EDGE_LOOP ( 'NONE', ( #1647, #2485 ) ) ;
#544 = CYLINDRICAL_SURFACE ( 'NONE', #531, 0.3749999999999960032 ) ;
#545 = ORIENTED_EDGE ( 'NONE', *, *, #2533, .F. ) ;
#546 = AXIS2_PLACEMENT_3D ( 'NONE', #2608, #1375, #2594 ) ;
#547 = CARTESIAN_POINT ( 'NONE',  ( 8.000000000000000000, -16.00000000000000355, -7.750000000000000888 ) ) ;
#548 = ORIENTED_EDGE ( 'NONE', *, *, #2017, .F. ) ;
#549 = EDGE_CURVE ( 'NONE', #1252, #2768, #1009, .T. ) ;
#550 = DIRECTION ( 'NONE',  ( 0.000000000000000000, -1.000000000000000000, -9.637352644315595243E-17 ) ) ;
#551 = CARTESIAN_POINT ( 'NONE',  ( 1.000000000000000000, 19.00000000000000000, -18.99999999999999289 ) ) ;
#552 = DIRECTION ( 'NONE',  ( -1.000000000000000000, -0.000000000000000000, -0.000000000000000000 ) ) ;
#553 = CARTESIAN_POINT ( 'NONE',  ( 9.000000000000001776, 16.00000000000000355, -6.000000000000000888 ) ) ;
#554 = DIRECTION ( 'NONE',  ( -0.000000000000000000, -0.000000000000000000, -1.000000000000000000 ) ) ;
#555 = ORIENTED_EDGE ( 'NONE', *, *, #522, .F. ) ;
#556 = EDGE_CURVE ( 'NONE', #2992, #2441, #309, .T. ) ;
#557 = EDGE_CURVE ( 'NONE', #984, #2891, #103, .T. ) ;
#558 = DIRECTION ( 'NONE',  ( -1.000000000000000000, -0.000000000000000000, 0.000000000000000000 ) ) ;
#559 = ORIENTED_EDGE ( 'NONE', *, *, #928, .F. ) ;
#560 = DIRECTION ( 'NONE',  ( -1.000000000000000000, -0.000000000000000000, -0.000000000000000000 ) ) ;
#561 = DIRECTION ( 'NONE',  ( -1.000000000000000000, -0.000000000000000000, -0.000000000000000000 ) ) ;
#562 = ORIENTED_EDGE ( 'NONE', *, *, #28, .F. ) ;
#563 = AXIS2_PLACEMENT_3D ( 'NONE', #2568, #1601, #1060 ) ;
#564 = CARTESIAN_POINT ( 'NONE',  ( 13.00000000000000178, -16.00000000000000355, -6.000000000000000888 ) ) ;
#565 = DIRECTION ( 'NONE',  ( -1.000000000000000000, -0.000000000000000000, -0.000000000000000000 ) ) ;
#566 = EDGE_CURVE ( 'NONE', #2343, #2683, #2919, .T. ) ;
#567 = CARTESIAN_POINT ( 'NONE',  ( 19.00000000000000000, 0.000000000000000000, 0.000000000000000000 ) ) ;
#568 = CIRCLE ( 'NONE', #3173, 1.500000000000000444 ) ;
#569 = FACE_OUTER_BOUND ( 'NONE', #2408, .T. ) ;
#570 = DIRECTION ( 'NONE',  ( 0.000000000000000000, 0.000000000000000000, -1.000000000000000000 ) ) ;
#571 = VECTOR ( 'NONE', #2143, 1000.000000000000000 ) ;
#572 = FACE_OUTER_BOUND ( 'NONE', #2252, .T. ) ;
#573 = ORIENTED_EDGE ( 'NONE', *, *, #1283, .F. ) ;
#574 = AXIS2_PLACEMENT_3D ( 'NONE', #47, #2007, #550 ) ;
#575 = DIRECTION ( 'NONE',  ( 0.000000000000000000, 0.000000000000000000, 1.000000000000000000 ) ) ;
#576 = AXIS2_PLACEMENT_3D ( 'NONE', #1988, #2724, #2712 ) ;
#577 = ORIENTED_EDGE ( 'NONE', *, *, #2077, .F. ) ;
#578 = AXIS2_PLACEMENT_3D ( 'NONE', #822, #498, #2544 ) ;
#579 = PLANE ( 'NONE',  #119 ) ;
#580 = DIRECTION ( 'NONE',  ( 1.000000000000000000, 0.000000000000000000, 0.000000000000000000 ) ) ;
#581 = EDGE_CURVE ( 'NONE', #718, #221, #622, .T. ) ;
#582 = CYLINDRICAL_SURFACE ( 'NONE', #526, 1.250000000000001110 ) ;
#583 = VERTEX_POINT ( 'NONE', #1984 ) ;
#584 = AXIS2_PLACEMENT_3D ( 'NONE', #2177, #667, #892 ) ;
#585 = CIRCLE ( 'NONE', #893, 1.250000000000001110 ) ;
#586 = DIRECTION ( 'NONE',  ( 0.000000000000000000, 0.000000000000000000, 1.000000000000000000 ) ) ;
#587 = VERTEX_POINT ( 'NONE', #2750 ) ;
#588 = LINE ( 'NONE', #2747, #2352 ) ;
#589 = AXIS2_PLACEMENT_3D ( 'NONE', #2995, #1746, #1254 ) ;
#590 = LINE ( 'NONE', #2060, #2484 ) ;
#591 = DIRECTION ( 'NONE',  ( -1.000000000000000000, 0.000000000000000000, 0.000000000000000000 ) ) ;
#592 = AXIS2_PLACEMENT_3D ( 'NONE', #871, #2861, #2091 ) ;
#593 = DIRECTION ( 'NONE',  ( -1.000000000000000000, -0.000000000000000000, -0.000000000000000000 ) ) ;
#594 = ORIENTED_EDGE ( 'NONE', *, *, #3039, .T. ) ;
#595 = PLANE ( 'NONE',  #987 ) ;
#596 = EDGE_LOOP ( 'NONE', ( #1449, #2953, #1302, #828 ) ) ;
#597 = DIRECTION ( 'NONE',  ( -1.000000000000000000, -0.000000000000000000, -0.000000000000000000 ) ) ;
#598 = DIRECTION ( 'NONE',  ( 1.000000000000000000, 0.000000000000000000, 0.000000000000000000 ) ) ;
#599 = ORIENTED_EDGE ( 'NONE', *, *, #1689, .F. ) ;
#600 = EDGE_CURVE ( 'NONE', #3029, #2683, #2238, .T. ) ;
#601 = EDGE_CURVE ( 'NONE', #1572, #1587, #2570, .T. ) ;
#602 = DIRECTION ( 'NONE',  ( 0.000000000000000000, 0.000000000000000000, -1.000000000000000000 ) ) ;
#603 = EDGE_LOOP ( 'NONE', ( #156, #1956 ) ) ;
#604 = FACE_OUTER_BOUND ( 'NONE', #1771, .T. ) ;
#605 = FACE_OUTER_BOUND ( 'NONE', #481, .T. ) ;
#606 = DIRECTION ( 'NONE',  ( 0.000000000000000000, 1.000000000000000000, -1.224646799147353207E-16 ) ) ;
#607 = DIRECTION ( 'NONE',  ( -1.000000000000000000, -0.000000000000000000, -0.000000000000000000 ) ) ;
#608 = EDGE_LOOP ( 'NONE', ( #2938, #1943, #534, #761 ) ) ;
#609 = DIRECTION ( 'NONE',  ( -1.000000000000000000, -0.000000000000000000, -0.000000000000000000 ) ) ;
#610 = VERTEX_POINT ( 'NONE', #2496 ) ;
#611 = LINE ( 'NONE', #804, #101 ) ;
#612 = DIRECTION ( 'NONE',  ( 1.000000000000000000, 0.000000000000000000, 0.000000000000000000 ) ) ;
#613 = ORIENTED_EDGE ( 'NONE', *, *, #1116, .F. ) ;
#614 = CARTESIAN_POINT ( 'NONE',  ( 0.000000000000000000, 19.00000000000000000, -18.99999999999999289 ) ) ;
#615 = EDGE_CURVE ( 'NONE', #2159, #1756, #1182, .T. ) ;
#616 = EDGE_LOOP ( 'NONE', ( #1915, #1661, #64, #1526 ) ) ;
#617 = DIRECTION ( 'NONE',  ( 0.000000000000000000, 0.000000000000000000, -1.000000000000000000 ) ) ;
#618 = AXIS2_PLACEMENT_3D ( 'NONE', #3012, #2526, #308 ) ;
#619 = CARTESIAN_POINT ( 'NONE',  ( 5.000000000000000000, 9.000000000000001776, -9.000000000000000000 ) ) ;
#620 = CARTESIAN_POINT ( 'NONE',  ( 1.000000000000000000, -16.00000000000000355, -1.000000000000000000 ) ) ;
#621 = ORIENTED_EDGE ( 'NONE', *, *, #677, .T. ) ;
#622 = CIRCLE ( 'NONE', #927, 0.3749999999999994449 ) ;
#623 = DIRECTION ( 'NONE',  ( 0.000000000000000000, 0.000000000000000000, 1.000000000000000000 ) ) ;
#624 = ORIENTED_EDGE ( 'NONE', *, *, #2118, .F. ) ;
#625 = AXIS2_PLACEMENT_3D ( 'NONE', #955, #2202, #710 ) ;
#626 = CARTESIAN_POINT ( 'NONE',  ( 8.000000000000000000, 16.00000000000000355, 6.000000000000000000 ) ) ;
#627 = AXIS2_PLACEMENT_3D ( 'NONE', #963, #1649, #1170 ) ;
#628 = PLANE ( 'NONE',  #2878 ) ;
#629 = VERTEX_POINT ( 'NONE', #1246 ) ;
#630 = VECTOR ( 'NONE', #1198, 1000.000000000000000 ) ;
#631 = LINE ( 'NONE', #1606, #634 ) ;
#632 = VERTEX_POINT ( 'NONE', #2284 ) ;
#633 = DIRECTION ( 'NONE',  ( -1.000000000000000000, -0.000000000000000000, -0.000000000000000000 ) ) ;
#634 = VECTOR ( 'NONE', #2103, 1000.000000000000000 ) ;
#635 = DIRECTION ( 'NONE',  ( -1.000000000000000000, -0.000000000000000000, 0.000000000000000000 ) ) ;
#636 = DIRECTION ( 'NONE',  ( -1.000000000000000000, -0.000000000000000000, 0.000000000000000000 ) ) ;
#637 = DIRECTION ( 'NONE',  ( 1.000000000000000000, 0.000000000000000000, 0.000000000000000000 ) ) ;
#638 = VECTOR ( 'NONE', #1299, 1000.000000000000000 ) ;
#639 = ORIENTED_EDGE ( 'NONE', *, *, #123, .T. ) ;
#640 = EDGE_CURVE ( 'NONE', #502, #356, #568, .T. ) ;
#641 = CIRCLE ( 'NONE', #1660, 0.3749999999999994449 ) ;
#642 = CARTESIAN_POINT ( 'NONE',  ( 9.000000000000001776, -16.00000000000000355, -6.000000000000000888 ) ) ;
#643 = DIRECTION ( 'NONE',  ( 0.000000000000000000, 0.000000000000000000, -1.000000000000000000 ) ) ;
#644 = EDGE_LOOP ( 'NONE', ( #2447, #2611, #141, #935 ) ) ;
#645 = DIRECTION ( 'NONE',  ( 1.000000000000000000, 0.000000000000000000, 0.000000000000000000 ) ) ;
#646 = ORIENTED_EDGE ( 'NONE', *, *, #2520, .T. ) ;
#647 = ORIENTED_EDGE ( 'NONE', *, *, #1872, .T. ) ;
#648 = PLANE ( 'NONE',  #867 ) ;
#649 = EDGE_CURVE ( 'NONE', #632, #749, #2466, .T. ) ;
#650 = CARTESIAN_POINT ( 'NONE',  ( 8.000000000000000000, 16.00000000000000355, -5.000000000000000000 ) ) ;
#651 = CARTESIAN_POINT ( 'NONE',  ( 20.00000000000000000, 0.000000000000000000, 16.50000000000000000 ) ) ;
#652 = DIRECTION ( 'NONE',  ( 0.000000000000000000, 0.000000000000000000, 1.000000000000000000 ) ) ;
#653 = ORIENTED_EDGE ( 'NONE', *, *, #3039, .F. ) ;
#654 = DIRECTION ( 'NONE',  ( -1.000000000000000000, -0.000000000000000000, -0.000000000000000000 ) ) ;
#655 = CARTESIAN_POINT ( 'NONE',  ( 9.000000000000001776, 16.00000000000000355, -1.500000000000000444 ) ) ;
#656 = ADVANCED_FACE ( 'NONE', ( #1783 ), #211, .T. ) ;
#657 = EDGE_LOOP ( 'NONE', ( #2426, #1626 ) ) ;
#658 = LINE ( 'NONE', #1909, #2680 ) ;
#659 = ORIENTED_EDGE ( 'NONE', *, *, #2807, .F. ) ;
#660 = DIRECTION ( 'NONE',  ( 0.000000000000000000, 0.000000000000000000, -1.000000000000000000 ) ) ;
#661 = DIRECTION ( 'NONE',  ( -1.000000000000000000, -0.000000000000000000, 0.000000000000000000 ) ) ;
#662 = ORIENTED_EDGE ( 'NONE', *, *, #451, .T. ) ;
#663 = DIRECTION ( 'NONE',  ( 0.000000000000000000, 0.000000000000000000, -1.000000000000000000 ) ) ;
#664 = CARTESIAN_POINT ( 'NONE',  ( 20.00000000000000000, 0.000000000000000000, 16.50000000000000000 ) ) ;
#665 = EDGE_CURVE ( 'NONE', #2768, #364, #2956, .T. ) ;
#666 = DIRECTION ( 'NONE',  ( -1.000000000000000000, -0.000000000000000000, 0.000000000000000000 ) ) ;
#667 = DIRECTION ( 'NONE',  ( 1.000000000000000000, 0.000000000000000000, 0.000000000000000000 ) ) ;
#668 = ORIENTED_EDGE ( 'NONE', *, *, #2499, .F. ) ;
#669 = CIRCLE ( 'NONE', #618, 1.250000000000001110 ) ;
#670 = FACE_OUTER_BOUND ( 'NONE', #1404, .T. ) ;
#671 = DIRECTION ( 'NONE',  ( 1.000000000000000000, 0.000000000000000000, 0.000000000000000000 ) ) ;
#672 = ORIENTED_EDGE ( 'NONE', *, *, #1314, .T. ) ;
#673 = AXIS2_PLACEMENT_3D ( 'NONE', #266, #2250, #1506 ) ;
#674 = CARTESIAN_POINT ( 'NONE',  ( 1.000000000000000000, 9.000000000000001776, 0.000000000000000000 ) ) ;
#675 = AXIS2_PLACEMENT_3D ( 'NONE', #1101, #1836, #2109 ) ;
#676 = ORIENTED_EDGE ( 'NONE', *, *, #1450, .F. ) ;
#677 = EDGE_CURVE ( 'NONE', #1121, #3152, #2619, .T. ) ;
#678 = AXIS2_PLACEMENT_3D ( 'NONE', #1515, #1017, #2223 ) ;
#679 = CARTESIAN_POINT ( 'NONE',  ( 1.000000000000000000, 16.99999999999999645, 15.75000000000000000 ) ) ;
#680 = EDGE_LOOP ( 'NONE', ( #2884, #813, #2335, #548 ) ) ;
#681 = CARTESIAN_POINT ( 'NONE',  ( 9.000000000000001776, -16.00000000000000355, -7.750000000000000888 ) ) ;
#682 = CIRCLE ( 'NONE', #168, 0.3749999999999994449 ) ;
#683 = AXIS2_PLACEMENT_3D ( 'NONE', #1356, #2359, #884 ) ;
#684 = FACE_OUTER_BOUND ( 'NONE', #1164, .T. ) ;
#685 = DIRECTION ( 'NONE',  ( -1.000000000000000000, 0.000000000000000000, 0.000000000000000000 ) ) ;
#686 = ORIENTED_EDGE ( 'NONE', *, *, #314, .F. ) ;
#687 = VECTOR ( 'NONE', #2043, 1000.000000000000000 ) ;
#688 = CARTESIAN_POINT ( 'NONE',  ( 9.000000000000001776, 16.00000000000000355, -4.250000000000000888 ) ) ;
#689 = SURFACE_STYLE_FILL_AREA ( #1438 ) ;
#690 = AXIS2_PLACEMENT_3D ( 'NONE', #3116, #2612, #1792 ) ;
#691 = DIRECTION ( 'NONE',  ( 0.000000000000000000, 0.000000000000000000, 1.000000000000000000 ) ) ;
#692 = ORIENTED_EDGE ( 'NONE', *, *, #260, .F. ) ;
#693 = CIRCLE ( 'NONE', #3036, 1.500000000000000444 ) ;
#694 = CARTESIAN_POINT ( 'NONE',  ( 8.000000000000000000, -16.00000000000000355, 0.000000000000000000 ) ) ;
#695 = ORIENTED_EDGE ( 'NONE', *, *, #2127, .T. ) ;
#696 = DIRECTION ( 'NONE',  ( 0.000000000000000000, 0.000000000000000000, -1.000000000000000000 ) ) ;
#697 = ORIENTED_EDGE ( 'NONE', *, *, #1481, .T. ) ;
#698 = ADVANCED_FACE ( 'NONE', ( #528 ), #1642, .T. ) ;
#699 = EDGE_CURVE ( 'NONE', #1603, #279, #931, .T. ) ;
#700 = DIRECTION ( 'NONE',  ( 1.000000000000000000, 0.000000000000000000, 0.000000000000000000 ) ) ;
#701 = ORIENTED_EDGE ( 'NONE', *, *, #699, .T. ) ;
#702 = FACE_OUTER_BOUND ( 'NONE', #367, .T. ) ;
#703 = PLANE ( 'NONE',  #1295 ) ;
#704 = ORIENTED_EDGE ( 'NONE', *, *, #1147, .T. ) ;
#705 = LINE ( 'NONE', #2912, #6 ) ;
#706 = ORIENTED_EDGE ( 'NONE', *, *, #2499, .T. ) ;
#707 = LINE ( 'NONE', #1942, #1605 ) ;
#708 = ORIENTED_EDGE ( 'NONE', *, *, #49, .T. ) ;
#709 = EDGE_CURVE ( 'NONE', #171, #2047, #2469, .T. ) ;
#710 = DIRECTION ( 'NONE',  ( 0.000000000000000000, 0.000000000000000000, -1.000000000000000000 ) ) ;
#711 = DIRECTION ( 'NONE',  ( 1.000000000000000000, 0.000000000000000000, 0.000000000000000000 ) ) ;
#712 = DIRECTION ( 'NONE',  ( 0.000000000000000000, 0.000000000000000000, 1.000000000000000000 ) ) ;
#713 = EDGE_CURVE ( 'NONE', #926, #2444, #1699, .T. ) ;
#714 = DIRECTION ( 'NONE',  ( 1.000000000000000000, 0.000000000000000000, 0.000000000000000000 ) ) ;
#715 = CYLINDRICAL_SURFACE ( 'NONE', #54, 1.500000000000000444 ) ;
#716 = FACE_OUTER_BOUND ( 'NONE', #2184, .T. ) ;
#717 = EDGE_LOOP ( 'NONE', ( #2729, #424 ) ) ;
#718 = VERTEX_POINT ( 'NONE', #1324 ) ;
#719 = AXIS2_PLACEMENT_3D ( 'NONE', #3008, #2996, #1300 ) ;
#720 = CARTESIAN_POINT ( 'NONE',  ( 8.000000000000000000, -16.00000000000000355, 0.6250000000000007772 ) ) ;
#721 = VERTEX_POINT ( 'NONE', #146 ) ;
#722 = VECTOR ( 'NONE', #1677, 1000.000000000000000 ) ;
#723 = CYLINDRICAL_SURFACE ( 'NONE', #2534, 0.3749999999999992228 ) ;
#724 = AXIS2_PLACEMENT_3D ( 'NONE', #2129, #891, #1340 ) ;
#725 = EDGE_LOOP ( 'NONE', ( #1840, #2288 ) ) ;
#726 = ADVANCED_FACE ( 'NONE', ( #872 ), #2300, .F. ) ;
#727 = CIRCLE ( 'NONE', #1540, 0.5000000000000004441 ) ;
#728 = APPLICATION_CONTEXT ( 'automotive_design' ) ;
#729 = LINE ( 'NONE', #2411, #1497 ) ;
#730 = AXIS2_PLACEMENT_3D ( 'NONE', #564, #1305, #1 ) ;
#731 = CYLINDRICAL_SURFACE ( 'NONE', #1353, 1.500000000000000444 ) ;
#732 = ORIENTED_EDGE ( 'NONE', *, *, #515, .F. ) ;
#733 = TOROIDAL_SURFACE ( 'NONE', #2473, 0.5000000000000004441, 1.000000000000000000 ) ;
#734 = CARTESIAN_POINT ( 'NONE',  ( 8.000000000000000000, -16.00000000000000355, -5.375000000000000000 ) ) ;
#735 = LINE ( 'NONE', #1726, #3073 ) ;
#736 = DIRECTION ( 'NONE',  ( 1.000000000000000000, 0.000000000000000000, 0.000000000000000000 ) ) ;
#737 = AXIS2_PLACEMENT_3D ( 'NONE', #2505, #736, #1287 ) ;
#738 = VERTEX_POINT ( 'NONE', #2847 ) ;
#739 = EDGE_CURVE ( 'NONE', #1061, #268, #1643, .T. ) ;
#740 = FACE_OUTER_BOUND ( 'NONE', #616, .T. ) ;
#741 = ORIENTED_EDGE ( 'NONE', *, *, #3056, .T. ) ;
#742 = CIRCLE ( 'NONE', #2940, 0.3749999999999992228 ) ;
#743 = CARTESIAN_POINT ( 'NONE',  ( 12.00000000000000000, -16.00000000000000355, 0.000000000000000000 ) ) ;
#744 = CIRCLE ( 'NONE', #948, 1.000000000000000000 ) ;
#745 = ORIENTED_EDGE ( 'NONE', *, *, #2641, .F. ) ;
#746 = DIRECTION ( 'NONE',  ( 0.000000000000000000, 0.000000000000000000, 1.000000000000000000 ) ) ;
#747 = EDGE_CURVE ( 'NONE', #738, #2841, #213, .T. ) ;
#748 = CARTESIAN_POINT ( 'NONE',  ( 0.000000000000000000, 16.99999999999999645, 17.00000000000000000 ) ) ;
#749 = VERTEX_POINT ( 'NONE', #2092 ) ;
#750 = EDGE_CURVE ( 'NONE', #2080, #430, #1132, .T. ) ;
#751 = CARTESIAN_POINT ( 'NONE',  ( 0.000000000000000000, -17.00000000000000355, 15.75000000000000355 ) ) ;
#752 = CARTESIAN_POINT ( 'NONE',  ( 9.000000000000001776, -16.00000000000000355, 7.750000000000000000 ) ) ;
#753 = ORIENTED_EDGE ( 'NONE', *, *, #954, .T. ) ;
#754 = ORIENTED_EDGE ( 'NONE', *, *, #2242, .T. ) ;
#755 = EDGE_CURVE ( 'NONE', #285, #1311, #3020, .T. ) ;
#756 = DIRECTION ( 'NONE',  ( -1.000000000000000000, -0.000000000000000000, -0.000000000000000000 ) ) ;
#757 = EDGE_LOOP ( 'NONE', ( #2639, #2145 ) ) ;
#758 = CARTESIAN_POINT ( 'NONE',  ( 8.000000000000000000, 16.00000000000000355, -1.374999999999999556 ) ) ;
#759 = EDGE_LOOP ( 'NONE', ( #1328, #559, #2272, #2089 ) ) ;
#760 = DIRECTION ( 'NONE',  ( 1.000000000000000000, 0.000000000000000000, 0.000000000000000000 ) ) ;
#761 = ORIENTED_EDGE ( 'NONE', *, *, #218, .F. ) ;
#762 = LINE ( 'NONE', #2495, #1253 ) ;
#763 = CARTESIAN_POINT ( 'NONE',  ( 13.00000000000000178, -16.00000000000000355, -6.000000000000000888 ) ) ;
#764 = VERTEX_POINT ( 'NONE', #2061 ) ;
#765 = VERTEX_POINT ( 'NONE', #2577 ) ;
#766 = DIRECTION ( 'NONE',  ( -1.000000000000000000, -0.000000000000000000, -0.000000000000000000 ) ) ;
#767 = ORIENTED_EDGE ( 'NONE', *, *, #2017, .T. ) ;
#768 = AXIS2_PLACEMENT_3D ( 'NONE', #2760, #1337, #2312 ) ;
#769 = DIRECTION ( 'NONE',  ( 0.000000000000000000, 0.000000000000000000, -1.000000000000000000 ) ) ;
#770 = ORIENTED_EDGE ( 'NONE', *, *, #566, .T. ) ;
#771 = ADVANCED_FACE ( 'NONE', ( #3081, #1129 ), #165, .T. ) ;
#772 = COLOUR_RGB ( '',0.7921568627450980005, 0.8196078431372548767, 0.9333333333333333481 ) ;
#773 = DIRECTION ( 'NONE',  ( 1.000000000000000000, 0.000000000000000000, 0.000000000000000000 ) ) ;
#774 = ORIENTED_EDGE ( 'NONE', *, *, #453, .F. ) ;
#775 = VECTOR ( 'NONE', #1361, 1000.000000000000000 ) ;
#776 = AXIS2_PLACEMENT_3D ( 'NONE', #1698, #1217, #2855 ) ;
#777 = FACE_OUTER_BOUND ( 'NONE', #2591, .T. ) ;
#778 = DIRECTION ( 'NONE',  ( 0.000000000000000000, 0.000000000000000000, 1.000000000000000000 ) ) ;
#779 = ORIENTED_EDGE ( 'NONE', *, *, #301, .T. ) ;
#780 = CARTESIAN_POINT ( 'NONE',  ( 1.000000000000000000, -8.999999999999998224, 0.000000000000000000 ) ) ;
#781 = ORIENTED_EDGE ( 'NONE', *, *, #2705, .F. ) ;
#782 = AXIS2_PLACEMENT_3D ( 'NONE', #136, #2599, #1296 ) ;
#783 = EDGE_CURVE ( 'NONE', #221, #718, #2110, .T. ) ;
#784 = AXIS2_PLACEMENT_3D ( 'NONE', #391, #2088, #1818 ) ;
#785 = LINE ( 'NONE', #2959, #2629 ) ;
#786 = ORIENTED_EDGE ( 'NONE', *, *, #3153, .F. ) ;
#787 = ADVANCED_FACE ( 'NONE', ( #395 ), #2315, .T. ) ;
#788 = CIRCLE ( 'NONE', #1553, 6.000000000000000888 ) ;
#789 = CYLINDRICAL_SURFACE ( 'NONE', #945, 1.249999999999997558 ) ;
#790 = ORIENTED_EDGE ( 'NONE', *, *, #1276, .F. ) ;
#791 = CIRCLE ( 'NONE', #845, 0.5000000000000004441 ) ;
#792 = CARTESIAN_POINT ( 'NONE',  ( 1.000000000000000000, 16.00000000000000355, -6.625000000000004441 ) ) ;
#793 = CARTESIAN_POINT ( 'NONE',  ( 9.000000000000001776, -16.00000000000000355, -7.500000000000001776 ) ) ;
#794 = EDGE_CURVE ( 'NONE', #364, #1042, #379, .T. ) ;
#795 = ADVANCED_FACE ( 'NONE', ( #117 ), #2609, .T. ) ;
#796 = DIRECTION ( 'NONE',  ( 1.000000000000000000, 0.000000000000000000, 0.000000000000000000 ) ) ;
#797 = DIRECTION ( 'NONE',  ( -1.000000000000000000, -0.000000000000000000, -0.000000000000000000 ) ) ;
#798 = CYLINDRICAL_SURFACE ( 'NONE', #1495, 1.500000000000000444 ) ;
#799 = ORIENTED_EDGE ( 'NONE', *, *, #1244, .T. ) ;
#800 = DIRECTION ( 'NONE',  ( 0.000000000000000000, 1.000000000000000000, 0.000000000000000000 ) ) ;
#801 = EDGE_CURVE ( 'NONE', #2997, #764, #2161, .T. ) ;
#802 = VERTEX_POINT ( 'NONE', #2078 ) ;
#803 = CARTESIAN_POINT ( 'NONE',  ( 12.00000000000000000, -16.00000000000000355, 0.000000000000000000 ) ) ;
#804 = CARTESIAN_POINT ( 'NONE',  ( 8.000000000000000000, 16.00000000000000355, 6.625000000000000888 ) ) ;
#805 = ORIENTED_EDGE ( 'NONE', *, *, #2127, .F. ) ;
#806 = PLANE ( 'NONE',  #473 ) ;
#807 = DIRECTION ( 'NONE',  ( -1.000000000000000000, -0.000000000000000000, -0.000000000000000000 ) ) ;
#808 = CARTESIAN_POINT ( 'NONE',  ( 8.000000000000000000, 16.00000000000000355, -5.000000000000000000 ) ) ;
#809 = EDGE_CURVE ( 'NONE', #3167, #1996, #3046, .T. ) ;
#810 = FACE_BOUND ( 'NONE', #2351, .T. ) ;
#811 = DIRECTION ( 'NONE',  ( 0.000000000000000000, 1.000000000000000000, -1.224646799147353207E-16 ) ) ;
#812 = DIRECTION ( 'NONE',  ( 0.000000000000000000, 0.000000000000000000, 1.000000000000000000 ) ) ;
#813 = ORIENTED_EDGE ( 'NONE', *, *, #1501, .T. ) ;
#814 = EDGE_CURVE ( 'NONE', #529, #2343, #2157, .T. ) ;
#815 = DIRECTION ( 'NONE',  ( 0.000000000000000000, 0.000000000000000000, 1.000000000000000000 ) ) ;
#816 = ORIENTED_EDGE ( 'NONE', *, *, #1799, .F. ) ;
#817 = AXIS2_PLACEMENT_3D ( 'NONE', #36, #2906, #712 ) ;
#818 = DIRECTION ( 'NONE',  ( 0.000000000000000000, 0.000000000000000000, 1.000000000000000000 ) ) ;
#819 = DIRECTION ( 'NONE',  ( 0.000000000000000000, 0.000000000000000000, 1.000000000000000000 ) ) ;
#820 = DIRECTION ( 'NONE',  ( -1.000000000000000000, 0.000000000000000000, 0.000000000000000000 ) ) ;
#821 = ORIENTED_EDGE ( 'NONE', *, *, #2895, .F. ) ;
#822 = CARTESIAN_POINT ( 'NONE',  ( 9.000000000000001776, 16.00000000000000355, -6.000000000000000888 ) ) ;
#823 = CARTESIAN_POINT ( 'NONE',  ( 9.000000000000001776, 16.00000000000000355, 0.000000000000000000 ) ) ;
#824 = AXIS2_PLACEMENT_3D ( 'NONE', #1021, #2737, #778 ) ;
#825 = FACE_BOUND ( 'NONE', #2075, .T. ) ;
#826 = CARTESIAN_POINT ( 'NONE',  ( 13.00000000000000178, -16.00000000000000355, -6.000000000000000888 ) ) ;
#827 = LINE ( 'NONE', #2032, #2377 ) ;
#828 = ORIENTED_EDGE ( 'NONE', *, *, #504, .F. ) ;
#829 = CIRCLE ( 'NONE', #2523, 1.250000000000001110 ) ;
#830 = CARTESIAN_POINT ( 'NONE',  ( 1.000000000000000000, 17.00000000000000711, -18.25000000000000355 ) ) ;
#831 = ADVANCED_FACE ( 'NONE', ( #1899 ), #3113, .F. ) ;
#832 = ADVANCED_FACE ( 'NONE', ( #2689 ), #2876, .T. ) ;
#833 = AXIS2_PLACEMENT_3D ( 'NONE', #1533, #271, #254 ) ;
#834 = ORIENTED_EDGE ( 'NONE', *, *, #2402, .T. ) ;
#835 = AXIS2_PLACEMENT_3D ( 'NONE', #2196, #3165, #973 ) ;
#836 = CARTESIAN_POINT ( 'NONE',  ( 5.000000000000000000, 9.000000000000001776, -9.000000000000000000 ) ) ;
#837 = CARTESIAN_POINT ( 'NONE',  ( 12.00000000000000000, 16.00000000000000355, 4.500000000000000000 ) ) ;
#838 = DIRECTION ( 'NONE',  ( -1.000000000000000000, -0.000000000000000000, 0.000000000000000000 ) ) ;
#839 = ORIENTED_EDGE ( 'NONE', *, *, #1732, .F. ) ;
#840 = AXIS2_PLACEMENT_3D ( 'NONE', #3114, #1192, #2387 ) ;
#841 = AXIS2_PLACEMENT_3D ( 'NONE', #2502, #1044, #1774 ) ;
#842 = CARTESIAN_POINT ( 'NONE',  ( 1.000000000000000000, -8.999999999999998224, 8.999999999999998224 ) ) ;
#843 = EDGE_LOOP ( 'NONE', ( #1567, #2094, #1261, #96 ) ) ;
#844 = CARTESIAN_POINT ( 'NONE',  ( 12.00000000000000000, -16.00000000000000355, 1.500000000000000444 ) ) ;
#845 = AXIS2_PLACEMENT_3D ( 'NONE', #2482, #2509, #2780 ) ;
#846 = DIRECTION ( 'NONE',  ( -0.000000000000000000, 0.000000000000000000, -1.000000000000000000 ) ) ;
#847 = EDGE_CURVE ( 'NONE', #2715, #285, #729, .T. ) ;
#848 = FACE_OUTER_BOUND ( 'NONE', #680, .T. ) ;
#849 = VERTEX_POINT ( 'NONE', #2920 ) ;
#850 = DIRECTION ( 'NONE',  ( -1.000000000000000000, -0.000000000000000000, -0.000000000000000000 ) ) ;
#851 = ORIENTED_EDGE ( 'NONE', *, *, #1405, .F. ) ;
#852 = EDGE_CURVE ( 'NONE', #2721, #2550, #106, .T. ) ;
#853 = EDGE_CURVE ( 'NONE', #1311, #285, #525, .T. ) ;
#854 = CARTESIAN_POINT ( 'NONE',  ( 1.000000000000000000, 16.00000000000000355, -5.375000000000000000 ) ) ;
#855 = CARTESIAN_POINT ( 'NONE',  ( 8.000000000000000000, 16.00000000000000000, 5.375000000000000000 ) ) ;
#856 = VERTEX_POINT ( 'NONE', #247 ) ;
#857 = ORIENTED_EDGE ( 'NONE', *, *, #713, .F. ) ;
#858 = CARTESIAN_POINT ( 'NONE',  ( 0.000000000000000000, 16.99999999999999645, 18.25000000000000355 ) ) ;
#859 = CARTESIAN_POINT ( 'NONE',  ( 1.000000000000000000, 19.00000000000000000, -18.99999999999999289 ) ) ;
#860 = CARTESIAN_POINT ( 'NONE',  ( 1.000000000000000000, 17.00000000000000711, -15.75000000000000000 ) ) ;
#861 = ORIENTED_EDGE ( 'NONE', *, *, #1501, .F. ) ;
#862 = CARTESIAN_POINT ( 'NONE',  ( 8.000000000000000000, -16.00000000000000355, -6.000000000000000888 ) ) ;
#863 = ORIENTED_EDGE ( 'NONE', *, *, #709, .F. ) ;
#864 = CARTESIAN_POINT ( 'NONE',  ( 12.00000000000000000, -16.00000000000000355, -4.500000000000000888 ) ) ;
#865 = CARTESIAN_POINT ( 'NONE',  ( 1.000000000000000000, 17.00000000000000711, -17.00000000000000000 ) ) ;
#866 = ORIENTED_EDGE ( 'NONE', *, *, #1912, .F. ) ;
#867 = AXIS2_PLACEMENT_3D ( 'NONE', #3060, #2361, #145 ) ;
#868 = ORIENTED_EDGE ( 'NONE', *, *, #2593, .T. ) ;
#869 = EDGE_CURVE ( 'NONE', #2715, #1181, #2362, .T. ) ;
#870 = CYLINDRICAL_SURFACE ( 'NONE', #1029, 0.3749999999999992228 ) ;
#871 = CARTESIAN_POINT ( 'NONE',  ( 8.000000000000000000, -16.00000000000000000, 5.000000000000000000 ) ) ;
#872 = FACE_OUTER_BOUND ( 'NONE', #2124, .T. ) ;
#873 = DIRECTION ( 'NONE',  ( -1.000000000000000000, -0.000000000000000000, -0.000000000000000000 ) ) ;
#874 = ORIENTED_EDGE ( 'NONE', *, *, #35, .F. ) ;
#875 = VECTOR ( 'NONE', #554, 1000.000000000000000 ) ;
#876 = DIRECTION ( 'NONE',  ( 1.000000000000000000, 0.000000000000000000, 0.000000000000000000 ) ) ;
#877 = EDGE_LOOP ( 'NONE', ( #911, #2541 ) ) ;
#878 = AXIS2_PLACEMENT_3D ( 'NONE', #474, #2398, #3127 ) ;
#879 = EDGE_CURVE ( 'NONE', #587, #2503, #3075, .T. ) ;
#880 = VECTOR ( 'NONE', #1444, 1000.000000000000000 ) ;
#881 = DIRECTION ( 'NONE',  ( 0.000000000000000000, 0.000000000000000000, -1.000000000000000000 ) ) ;
#882 = EDGE_CURVE ( 'NONE', #392, #2096, #938, .T. ) ;
#883 = EDGE_LOOP ( 'NONE', ( #33, #471 ) ) ;
#884 = DIRECTION ( 'NONE',  ( 0.000000000000000000, 0.000000000000000000, 1.000000000000000000 ) ) ;
#885 = AXIS2_PLACEMENT_3D ( 'NONE', #1846, #2342, #143 ) ;
#886 = ORIENTED_EDGE ( 'NONE', *, *, #1944, .F. ) ;
#887 = CARTESIAN_POINT ( 'NONE',  ( 8.000000000000000000, 16.00000000000000000, 5.000000000000000000 ) ) ;
#888 = AXIS2_PLACEMENT_3D ( 'NONE', #1548, #1342, #88 ) ;
#889 = ADVANCED_FACE ( 'NONE', ( #684 ), #2623, .T. ) ;
#890 = CARTESIAN_POINT ( 'NONE',  ( 1.000000000000000000, -16.00000000000000355, -7.000000000000000000 ) ) ;
#891 = DIRECTION ( 'NONE',  ( 1.000000000000000000, 0.000000000000000000, 0.000000000000000000 ) ) ;
#892 = DIRECTION ( 'NONE',  ( 0.000000000000000000, 0.000000000000000000, -1.000000000000000000 ) ) ;
#893 = AXIS2_PLACEMENT_3D ( 'NONE', #748, #1241, #2224 ) ;
#894 = EDGE_LOOP ( 'NONE', ( #2653, #1373, #2260, #2511 ) ) ;
#895 = VECTOR ( 'NONE', #3103, 1000.000000000000000 ) ;
#896 = CARTESIAN_POINT ( 'NONE',  ( 8.000000000000000000, -16.00000000000000000, 5.000000000000000000 ) ) ;
#897 = DIRECTION ( 'NONE',  ( -1.000000000000000000, -0.000000000000000000, -0.000000000000000000 ) ) ;
#898 = ORIENTED_EDGE ( 'NONE', *, *, #1841, .F. ) ;
#899 = DIRECTION ( 'NONE',  ( -1.000000000000000000, 0.000000000000000000, -0.000000000000000000 ) ) ;
#900 = EDGE_LOOP ( 'NONE', ( #2957, #851, #2707, #2918 ) ) ;
#901 = CARTESIAN_POINT ( 'NONE',  ( 5.000000000000000888, 7.347880794884120722E-16, -6.000000000000000888 ) ) ;
#902 = DIRECTION ( 'NONE',  ( 0.000000000000000000, 0.000000000000000000, -1.000000000000000000 ) ) ;
#903 = VERTEX_POINT ( 'NONE', #1423 ) ;
#904 = DIRECTION ( 'NONE',  ( 0.000000000000000000, 0.000000000000000000, -1.000000000000000000 ) ) ;
#905 = DIRECTION ( 'NONE',  ( 0.000000000000000000, 0.000000000000000000, 1.000000000000000000 ) ) ;
#906 = DIRECTION ( 'NONE',  ( 0.000000000000000000, 1.000000000000000000, 0.000000000000000000 ) ) ;
#907 = CYLINDRICAL_SURFACE ( 'NONE', #1508, 0.3749999999999994449 ) ;
#908 = ORIENTED_EDGE ( 'NONE', *, *, #1450, .T. ) ;
#909 = CARTESIAN_POINT ( 'NONE',  ( 5.000000000000000888, 0.000000000000000000, 6.000000000000000888 ) ) ;
#910 = CARTESIAN_POINT ( 'NONE',  ( 13.00000000000000178, 16.00000000000000355, -5.500000000000000888 ) ) ;
#911 = ORIENTED_EDGE ( 'NONE', *, *, #1831, .T. ) ;
#912 = ADVANCED_FACE ( 'NONE', ( #2892, #493 ), #2670, .F. ) ;
#913 = DIRECTION ( 'NONE',  ( -1.000000000000000000, -0.000000000000000000, -0.000000000000000000 ) ) ;
#914 = ORIENTED_EDGE ( 'NONE', *, *, #1926, .T. ) ;
#915 = CARTESIAN_POINT ( 'NONE',  ( 0.000000000000000000, -17.00000000000001421, -17.00000000000002132 ) ) ;
#916 = EDGE_LOOP ( 'NONE', ( #89, #2104, #646, #1097 ) ) ;
#917 = CARTESIAN_POINT ( 'NONE',  ( 8.000000000000000000, 16.00000000000000355, -1.000000000000000000 ) ) ;
#918 = CIRCLE ( 'NONE', #1491, 1.250000000000001110 ) ;
#919 = CARTESIAN_POINT ( 'NONE',  ( 9.000000000000001776, 16.00000000000000355, 4.250000000000000000 ) ) ;
#920 = DIRECTION ( 'NONE',  ( 1.000000000000000000, 0.000000000000000000, 0.000000000000000000 ) ) ;
#921 = ORIENTED_EDGE ( 'NONE', *, *, #1786, .F. ) ;
#922 = AXIS2_PLACEMENT_3D ( 'NONE', #808, #1543, #2282 ) ;
#923 = LINE ( 'NONE', #734, #2228 ) ;
#924 = DIRECTION ( 'NONE',  ( 0.000000000000000000, 0.000000000000000000, -1.000000000000000000 ) ) ;
#925 = FACE_BOUND ( 'NONE', #2597, .T. ) ;
#926 = VERTEX_POINT ( 'NONE', #1191 ) ;
#927 = AXIS2_PLACEMENT_3D ( 'NONE', #1054, #1770, #2510 ) ;
#928 = EDGE_CURVE ( 'NONE', #2722, #2866, #2923, .T. ) ;
#929 = EDGE_CURVE ( 'NONE', #1752, #2388, #2517, .T. ) ;
#930 = DIRECTION ( 'NONE',  ( -1.000000000000000000, -0.000000000000000000, -0.000000000000000000 ) ) ;
#931 = CIRCLE ( 'NONE', #316, 0.3749999999999994449 ) ;
#932 = EDGE_LOOP ( 'NONE', ( #2744, #1262, #1703, #448 ) ) ;
#933 = AXIS2_PLACEMENT_3D ( 'NONE', #389, #838, #2540 ) ;
#934 = FACE_BOUND ( 'NONE', #128, .T. ) ;
#935 = ORIENTED_EDGE ( 'NONE', *, *, #79, .F. ) ;
#936 = CIRCLE ( 'NONE', #321, 1.000000000000000000 ) ;
#937 = AXIS2_PLACEMENT_3D ( 'NONE', #1573, #661, #2557 ) ;
#938 = LINE ( 'NONE', #214, #2212 ) ;
#939 = CARTESIAN_POINT ( 'NONE',  ( 1.000000000000000000, -8.999999999999998224, -9.000000000000001776 ) ) ;
#940 = ORIENTED_EDGE ( 'NONE', *, *, #1263, .F. ) ;
#941 = CIRCLE ( 'NONE', #2014, 0.3749999999999994449 ) ;
#942 = EDGE_CURVE ( 'NONE', #926, #1752, #727, .T. ) ;
#943 = CARTESIAN_POINT ( 'NONE',  ( 12.00000000000000000, -16.00000000000000355, 6.000000000000000000 ) ) ;
#944 = SURFACE_STYLE_USAGE ( .BOTH. , #446 ) ;
#945 = AXIS2_PLACEMENT_3D ( 'NONE', #1235, #2936, #1267 ) ;
#946 = CARTESIAN_POINT ( 'NONE',  ( 8.000000000000000000, 16.00000000000000355, -6.000000000000000888 ) ) ;
#947 = ORIENTED_EDGE ( 'NONE', *, *, #929, .T. ) ;
#948 = AXIS2_PLACEMENT_3D ( 'NONE', #2464, #2989, #2268 ) ;
#949 = DIRECTION ( 'NONE',  ( -1.000000000000000000, -0.000000000000000000, -0.000000000000000000 ) ) ;
#950 = ORIENTED_EDGE ( 'NONE', *, *, #2136, .T. ) ;
#951 = ADVANCED_FACE ( 'NONE', ( #967 ), #2625, .F. ) ;
#952 = DIRECTION ( 'NONE',  ( -1.000000000000000000, -0.000000000000000000, 0.000000000000000000 ) ) ;
#953 = VERTEX_POINT ( 'NONE', #1410 ) ;
#954 = EDGE_CURVE ( 'NONE', #953, #1478, #155, .T. ) ;
#955 = CARTESIAN_POINT ( 'NONE',  ( 12.00000000000000000, 16.00000000000000355, -5.500000000000000888 ) ) ;
#956 = LINE ( 'NONE', #2158, #67 ) ;
#957 = VERTEX_POINT ( 'NONE', #2262 ) ;
#958 = LINE ( 'NONE', #3163, #384 ) ;
#959 = DIRECTION ( 'NONE',  ( -1.000000000000000000, -0.000000000000000000, -0.000000000000000000 ) ) ;
#960 = CARTESIAN_POINT ( 'NONE',  ( 12.00000000000000000, -16.00000000000000355, -7.500000000000001776 ) ) ;
#961 = ORIENTED_EDGE ( 'NONE', *, *, #2267, .T. ) ;
#962 = VERTEX_POINT ( 'NONE', #1779 ) ;
#963 = CARTESIAN_POINT ( 'NONE',  ( 12.00000000000000000, -16.00000000000000355, 5.500000000000000000 ) ) ;
#964 = ORIENTED_EDGE ( 'NONE', *, *, #1614, .T. ) ;
#965 = CARTESIAN_POINT ( 'NONE',  ( 8.000000000000000000, 16.00000000000000355, -5.375000000000000000 ) ) ;
#966 = ORIENTED_EDGE ( 'NONE', *, *, #3159, .F. ) ;
#967 = FACE_OUTER_BOUND ( 'NONE', #1585, .T. ) ;
#968 = EDGE_CURVE ( 'NONE', #2550, #2721, #1034, .T. ) ;
#969 = CARTESIAN_POINT ( 'NONE',  ( 9.000000000000001776, -16.00000000000000355, 0.000000000000000000 ) ) ;
#970 = ORIENTED_EDGE ( 'NONE', *, *, #2820, .F. ) ;
#971 = DIRECTION ( 'NONE',  ( 0.000000000000000000, 0.000000000000000000, -1.000000000000000000 ) ) ;
#972 = CARTESIAN_POINT ( 'NONE',  ( 9.000000000000001776, 16.00000000000000355, 0.000000000000000000 ) ) ;
#973 = DIRECTION ( 'NONE',  ( 0.000000000000000000, 0.000000000000000000, -1.000000000000000000 ) ) ;
#974 = ORIENTED_EDGE ( 'NONE', *, *, #3050, .T. ) ;
#975 = DIRECTION ( 'NONE',  ( -1.000000000000000000, -0.000000000000000000, -0.000000000000000000 ) ) ;
#976 = ORIENTED_EDGE ( 'NONE', *, *, #2854, .T. ) ;
#977 = AXIS2_PLACEMENT_3D ( 'NONE', #81, #580, #993 ) ;
#978 = DIRECTION ( 'NONE',  ( 0.000000000000000000, 0.000000000000000000, 1.000000000000000000 ) ) ;
#979 = ORIENTED_EDGE ( 'NONE', *, *, #1166, .T. ) ;
#980 = CIRCLE ( 'NONE', #1697, 1.500000000000000444 ) ;
#981 = DIRECTION ( 'NONE',  ( 0.000000000000000000, 0.000000000000000000, 1.000000000000000000 ) ) ;
#982 = AXIS2_PLACEMENT_3D ( 'NONE', #1541, #2952, #68 ) ;
#983 = EDGE_CURVE ( 'NONE', #19, #2193, #2822, .T. ) ;
#984 = VERTEX_POINT ( 'NONE', #792 ) ;
#985 = AXIS2_PLACEMENT_3D ( 'NONE', #2615, #2407, #2663 ) ;
#986 = CARTESIAN_POINT ( 'NONE',  ( 12.00000000000000000, 16.00000000000000355, -6.000000000000000888 ) ) ;
#987 = AXIS2_PLACEMENT_3D ( 'NONE', #2336, #2287, #1117 ) ;
#988 = DIRECTION ( 'NONE',  ( -1.000000000000000000, -0.000000000000000000, 0.000000000000000000 ) ) ;
#989 = ORIENTED_EDGE ( 'NONE', *, *, #549, .T. ) ;
#990 = ADVANCED_FACE ( 'NONE', ( #2245 ), #2524, .T. ) ;
#991 = VECTOR ( 'NONE', #2039, 1000.000000000000000 ) ;
#992 = LINE ( 'NONE', #1970, #1099 ) ;
#993 = DIRECTION ( 'NONE',  ( 0.000000000000000000, 0.000000000000000000, -1.000000000000000000 ) ) ;
#994 = VERTEX_POINT ( 'NONE', #2998 ) ;
#995 = AXIS2_PLACEMENT_3D ( 'NONE', #363, #99, #812 ) ;
#996 = VERTEX_POINT ( 'NONE', #2025 ) ;
#997 = AXIS2_PLACEMENT_3D ( 'NONE', #2233, #1978, #1720 ) ;
#998 = DIRECTION ( 'NONE',  ( 1.000000000000000000, 0.000000000000000000, 0.000000000000000000 ) ) ;
#999 = ORIENTED_EDGE ( 'NONE', *, *, #246, .F. ) ;
#1000 = AXIS2_PLACEMENT_3D ( 'NONE', #803, #291, #2702 ) ;
#1001 = ADVANCED_FACE ( 'NONE', ( #22 ), #2758, .T. ) ;
#1002 = ADVANCED_FACE ( 'NONE', ( #507, #306, #2478 ), #806, .T. ) ;
#1003 = CARTESIAN_POINT ( 'NONE',  ( 8.000000000000000000, -16.00000000000000355, -7.374999999999996447 ) ) ;
#1004 = AXIS2_PLACEMENT_3D ( 'NONE', #664, #1850, #2846 ) ;
#1005 = ORIENTED_EDGE ( 'NONE', *, *, #2156, .F. ) ;
#1006 = CARTESIAN_POINT ( 'NONE',  ( 8.000000000000000000, -16.00000000000000355, 1.000000000000000000 ) ) ;
#1007 = DIRECTION ( 'NONE',  ( 1.000000000000000000, 0.000000000000000000, -0.000000000000000000 ) ) ;
#1008 = CARTESIAN_POINT ( 'NONE',  ( 1.000000000000000000, 16.99999999999999645, 18.25000000000000355 ) ) ;
#1009 = LINE ( 'NONE', #1260, #875 ) ;
#1010 = ORIENTED_EDGE ( 'NONE', *, *, #2425, .F. ) ;
#1011 = EDGE_LOOP ( 'NONE', ( #2584, #2964 ) ) ;
#1012 = DIRECTION ( 'NONE',  ( 0.000000000000000000, 1.000000000000000000, -1.224646799147353207E-16 ) ) ;
#1013 = EDGE_CURVE ( 'NONE', #721, #903, #1992, .T. ) ;
#1014 = ORIENTED_EDGE ( 'NONE', *, *, #1303, .T. ) ;
#1015 = CARTESIAN_POINT ( 'NONE',  ( 13.00000000000000178, -16.00000000000000355, 6.000000000000000000 ) ) ;
#1016 = VERTEX_POINT ( 'NONE', #2717 ) ;
#1017 = DIRECTION ( 'NONE',  ( 1.000000000000000000, 0.000000000000000000, 0.000000000000000000 ) ) ;
#1018 = CARTESIAN_POINT ( 'NONE',  ( 1.000000000000000000, -16.00000000000000000, 5.375000000000000000 ) ) ;
#1019 = EDGE_CURVE ( 'NONE', #2849, #2532, #2259, .T. ) ;
#1020 = CARTESIAN_POINT ( 'NONE',  ( 9.000000000000001776, 16.00000000000000355, 7.750000000000000000 ) ) ;
#1021 = CARTESIAN_POINT ( 'NONE',  ( 12.00000000000000000, 16.00000000000000355, 0.000000000000000000 ) ) ;
#1022 = ORIENTED_EDGE ( 'NONE', *, *, #2734, .T. ) ;
#1023 = ORIENTED_EDGE ( 'NONE', *, *, #49, .F. ) ;
#1024 = PLANE ( 'NONE',  #1961 ) ;
#1025 = EDGE_LOOP ( 'NONE', ( #1224, #662 ) ) ;
#1026 = ADVANCED_FACE ( 'NONE', ( #2745 ), #1966, .T. ) ;
#1027 = EDGE_CURVE ( 'NONE', #2388, #2444, #2771, .T. ) ;
#1028 = LINE ( 'NONE', #17, #1657 ) ;
#1029 = AXIS2_PLACEMENT_3D ( 'NONE', #917, #633, #393 ) ;
#1030 = ORIENTED_EDGE ( 'NONE', *, *, #2617, .T. ) ;
#1031 = DIRECTION ( 'NONE',  ( -0.000000000000000000, 0.000000000000000000, 1.000000000000000000 ) ) ;
#1032 = DIRECTION ( 'NONE',  ( -1.000000000000000000, -0.000000000000000000, -0.000000000000000000 ) ) ;
#1033 = CARTESIAN_POINT ( 'NONE',  ( 12.00000000000000000, -16.00000000000000355, 6.000000000000000000 ) ) ;
#1034 = CIRCLE ( 'NONE', #982, 0.3749999999999992228 ) ;
#1035 = AXIS2_PLACEMENT_3D ( 'NONE', #1927, #899, #2650 ) ;
#1036 = DIRECTION ( 'NONE',  ( -0.000000000000000000, -0.000000000000000000, -1.000000000000000000 ) ) ;
#1037 = CARTESIAN_POINT ( 'NONE',  ( 8.000000000000000000, 16.00000000000000355, 6.000000000000000000 ) ) ;
#1038 = ORIENTED_EDGE ( 'NONE', *, *, #2226, .F. ) ;
#1039 = AXIS2_PLACEMENT_3D ( 'NONE', #3005, #876, #2274 ) ;
#1040 = CIRCLE ( 'NONE', #1706, 1.500000000000000444 ) ;
#1041 = FACE_OUTER_BOUND ( 'NONE', #3169, .T. ) ;
#1042 = VERTEX_POINT ( 'NONE', #2984 ) ;
#1043 = AXIS2_PLACEMENT_3D ( 'NONE', #620, #1362, #2334 ) ;
#1044 = DIRECTION ( 'NONE',  ( -1.000000000000000000, -0.000000000000000000, -0.000000000000000000 ) ) ;
#1045 = LINE ( 'NONE', #1329, #468 ) ;
#1046 = EDGE_LOOP ( 'NONE', ( #1960, #1595, #950, #1115 ) ) ;
#1047 = ADVANCED_FACE ( 'NONE', ( #1482 ), #2459, .T. ) ;
#1048 = AXIS2_PLACEMENT_3D ( 'NONE', #236, #2194, #1951 ) ;
#1049 = CARTESIAN_POINT ( 'NONE',  ( 1.000000000000000000, 16.99999999999999645, 17.00000000000000000 ) ) ;
#1050 = CYLINDRICAL_SURFACE ( 'NONE', #2172, 1.500000000000000444 ) ;
#1051 = ADVANCED_FACE ( 'NONE', ( #1239 ), #1980, .T. ) ;
#1052 = CARTESIAN_POINT ( 'NONE',  ( 12.00000000000000000, 16.00000000000000355, 6.000000000000000000 ) ) ;
#1053 = CYLINDRICAL_SURFACE ( 'NONE', #1867, 0.3749999999999992228 ) ;
#1054 = CARTESIAN_POINT ( 'NONE',  ( 8.000000000000000000, -16.00000000000000355, -5.000000000000000000 ) ) ;
#1055 = CARTESIAN_POINT ( 'NONE',  ( 1.000000000000000000, -16.00000000000000355, -0.6250000000000006661 ) ) ;
#1056 = ORIENTED_EDGE ( 'NONE', *, *, #233, .F. ) ;
#1057 = DIRECTION ( 'NONE',  ( 1.000000000000000000, 0.000000000000000000, 0.000000000000000000 ) ) ;
#1058 = ORIENTED_EDGE ( 'NONE', *, *, #847, .T. ) ;
#1059 = DIRECTION ( 'NONE',  ( 0.000000000000000000, -0.000000000000000000, -1.000000000000000000 ) ) ;
#1060 = DIRECTION ( 'NONE',  ( 0.000000000000000000, 0.000000000000000000, -1.000000000000000000 ) ) ;
#1061 = VERTEX_POINT ( 'NONE', #2235 ) ;
#1062 = LINE ( 'NONE', #2493, #991 ) ;
#1063 = DIRECTION ( 'NONE',  ( 1.000000000000000000, 0.000000000000000000, 0.000000000000000000 ) ) ;
#1064 = EDGE_CURVE ( 'NONE', #1562, #1858, #1701, .T. ) ;
#1065 = ADVANCED_FACE ( 'NONE', ( #2732 ), #1269, .F. ) ;
#1066 = DIRECTION ( 'NONE',  ( 0.000000000000000000, 0.000000000000000000, 1.000000000000000000 ) ) ;
#1067 = DIRECTION ( 'NONE',  ( -1.000000000000000000, -0.000000000000000000, 0.000000000000000000 ) ) ;
#1068 = DIRECTION ( 'NONE',  ( 0.000000000000000000, 0.000000000000000000, 1.000000000000000000 ) ) ;
#1069 = EDGE_LOOP ( 'NONE', ( #324, #624, #415, #1429 ) ) ;
#1070 = LINE ( 'NONE', #90, #1545 ) ;
#1071 = EDGE_LOOP ( 'NONE', ( #2614, #1681, #1091, #2662 ) ) ;
#1072 = VECTOR ( 'NONE', #2236, 1000.000000000000000 ) ;
#1073 = CARTESIAN_POINT ( 'NONE',  ( 1.000000000000000000, -17.49999999999999645, 19.00000000000000000 ) ) ;
#1074 = CARTESIAN_POINT ( 'NONE',  ( 0.000000000000000000, -17.00000000000001421, -18.25000000000002487 ) ) ;
#1075 = DIRECTION ( 'NONE',  ( 1.000000000000000000, 0.000000000000000000, 0.000000000000000000 ) ) ;
#1076 = EDGE_LOOP ( 'NONE', ( #2239, #193, #2308, #1806 ) ) ;
#1077 = ADVANCED_FACE ( 'NONE', ( #2504 ), #582, .F. ) ;
#1078 = EDGE_CURVE ( 'NONE', #1838, #239, #2365, .T. ) ;
#1079 = CIRCLE ( 'NONE', #2298, 1.750000000000000000 ) ;
#1080 = CARTESIAN_POINT ( 'NONE',  ( 12.00000000000000000, 16.00000000000000355, -6.000000000000000888 ) ) ;
#1081 = ORIENTED_EDGE ( 'NONE', *, *, #2954, .F. ) ;
#1082 = LINE ( 'NONE', #2987, #2153 ) ;
#1083 = DIRECTION ( 'NONE',  ( -0.000000000000000000, 0.000000000000000000, -1.000000000000000000 ) ) ;
#1084 = DIRECTION ( 'NONE',  ( 0.000000000000000000, 0.000000000000000000, -1.000000000000000000 ) ) ;
#1085 = DIRECTION ( 'NONE',  ( 0.000000000000000000, 0.000000000000000000, -1.000000000000000000 ) ) ;
#1086 = EDGE_LOOP ( 'NONE', ( #159, #2397 ) ) ;
#1087 = EDGE_CURVE ( 'NONE', #1748, #1173, #2166, .T. ) ;
#1088 = CIRCLE ( 'NONE', #421, 1.250000000000001110 ) ;
#1089 = CARTESIAN_POINT ( 'NONE',  ( 1.000000000000000000, -17.00000000000001421, -15.75000000000002132 ) ) ;
#1090 = CIRCLE ( 'NONE', #2727, 1.749999999999999778 ) ;
#1091 = ORIENTED_EDGE ( 'NONE', *, *, #2149, .T. ) ;
#1092 = VECTOR ( 'NONE', #1460, 1000.000000000000000 ) ;
#1093 = CARTESIAN_POINT ( 'NONE',  ( 12.00000000000000000, 16.00000000000000355, -0.5000000000000004441 ) ) ;
#1094 = PLANE ( 'NONE',  #3128 ) ;
#1095 = EDGE_LOOP ( 'NONE', ( #2488, #1920 ) ) ;
#1096 = DIRECTION ( 'NONE',  ( -0.000000000000000000, 1.000000000000000000, 1.224646799147353207E-16 ) ) ;
#1097 = ORIENTED_EDGE ( 'NONE', *, *, #503, .F. ) ;
#1098 = CARTESIAN_POINT ( 'NONE',  ( 9.000000000000001776, -16.00000000000000355, 6.000000000000000000 ) ) ;
#1099 = VECTOR ( 'NONE', #25, 1000.000000000000000 ) ;
#1100 = CARTESIAN_POINT ( 'NONE',  ( 13.00000000000000178, -16.00000000000000355, -5.500000000000000888 ) ) ;
#1101 = CARTESIAN_POINT ( 'NONE',  ( 9.000000000000001776, -16.00000000000000355, 6.000000000000000000 ) ) ;
#1102 = CARTESIAN_POINT ( 'NONE',  ( 9.000000000000001776, -16.00000000000000355, 6.000000000000000000 ) ) ;
#1103 = VERTEX_POINT ( 'NONE', #402 ) ;
#1104 = CARTESIAN_POINT ( 'NONE',  ( 8.000000000000000000, -16.00000000000000355, -1.000000000000000000 ) ) ;
#1105 = ORIENTED_EDGE ( 'NONE', *, *, #2939, .T. ) ;
#1106 = DIRECTION ( 'NONE',  ( 1.000000000000000000, 0.000000000000000000, 0.000000000000000000 ) ) ;
#1107 = ADVANCED_FACE ( 'NONE', ( #1828 ), #2603, .T. ) ;
#1108 = FACE_BOUND ( 'NONE', #1796, .T. ) ;
#1109 = EDGE_LOOP ( 'NONE', ( #1549, #2739 ) ) ;
#1110 = LINE ( 'NONE', #129, #1859 ) ;
#1111 = ORIENTED_EDGE ( 'NONE', *, *, #383, .T. ) ;
#1112 = CARTESIAN_POINT ( 'NONE',  ( 9.000000000000001776, 16.00000000000000355, -6.000000000000000888 ) ) ;
#1113 = DIRECTION ( 'NONE',  ( 0.000000000000000000, 0.000000000000000000, 1.000000000000000000 ) ) ;
#1114 = LINE ( 'NONE', #2093, #1298 ) ;
#1115 = ORIENTED_EDGE ( 'NONE', *, *, #472, .T. ) ;
#1116 = EDGE_CURVE ( 'NONE', #351, #2994, #1088, .T. ) ;
#1117 = DIRECTION ( 'NONE',  ( 0.000000000000000000, 0.000000000000000000, -1.000000000000000000 ) ) ;
#1118 = VERTEX_POINT ( 'NONE', #2340 ) ;
#1119 = CARTESIAN_POINT ( 'NONE',  ( 1.000000000000000000, 9.000000000000001776, 9.000000000000000000 ) ) ;
#1120 = CARTESIAN_POINT ( 'NONE',  ( 0.000000000000000000, -17.00000000000001421, -17.00000000000002132 ) ) ;
#1121 = VERTEX_POINT ( 'NONE', #1602 ) ;
#1122 = EDGE_CURVE ( 'NONE', #1599, #2201, #829, .T. ) ;
#1123 = ADVANCED_FACE ( 'NONE', ( #2325 ), #154, .F. ) ;
#1124 = CARTESIAN_POINT ( 'NONE',  ( 13.00000000000000178, -16.00000000000000355, 0.000000000000000000 ) ) ;
#1125 = AXIS2_PLACEMENT_3D ( 'NONE', #2607, #1588, #1143 ) ;
#1126 = ORIENTED_EDGE ( 'NONE', *, *, #20, .F. ) ;
#1127 = CYLINDRICAL_SURFACE ( 'NONE', #1277, 0.3749999999999994449 ) ;
#1128 = CARTESIAN_POINT ( 'NONE',  ( 8.000000000000000000, 16.00000000000000355, -4.625000000000000888 ) ) ;
#1129 = FACE_OUTER_BOUND ( 'NONE', #252, .T. ) ;
#1130 = DIRECTION ( 'NONE',  ( -1.000000000000000000, -0.000000000000000000, -0.000000000000000000 ) ) ;
#1131 = EDGE_LOOP ( 'NONE', ( #2801, #1258, #1139, #2243 ) ) ;
#1132 = CIRCLE ( 'NONE', #675, 1.749999999999999778 ) ;
#1133 = DIRECTION ( 'NONE',  ( -1.000000000000000000, -0.000000000000000000, -0.000000000000000000 ) ) ;
#1134 = CARTESIAN_POINT ( 'NONE',  ( 8.000000000000000000, 16.00000000000000355, 7.375000000000000000 ) ) ;
#1135 = ORIENTED_EDGE ( 'NONE', *, *, #459, .T. ) ;
#1136 = AXIS2_PLACEMENT_3D ( 'NONE', #1877, #2885, #192 ) ;
#1137 = AXIS2_PLACEMENT_3D ( 'NONE', #1794, #598, #881 ) ;
#1138 = DIRECTION ( 'NONE',  ( 0.000000000000000000, 0.000000000000000000, 1.000000000000000000 ) ) ;
#1139 = ORIENTED_EDGE ( 'NONE', *, *, #205, .T. ) ;
#1140 = CIRCLE ( 'NONE', #426, 0.5000000000000004441 ) ;
#1141 = LINE ( 'NONE', #679, #1760 ) ;
#1142 = ORIENTED_EDGE ( 'NONE', *, *, #301, .F. ) ;
#1143 = DIRECTION ( 'NONE',  ( 0.000000000000000000, 0.000000000000000000, 1.000000000000000000 ) ) ;
#1144 = AXIS2_PLACEMENT_3D ( 'NONE', #1640, #1130, #652 ) ;
#1145 = DIRECTION ( 'NONE',  ( 0.000000000000000000, 0.000000000000000000, -1.000000000000000000 ) ) ;
#1146 = CARTESIAN_POINT ( 'NONE',  ( 12.00000000000000000, -16.00000000000000355, 0.5000000000000004441 ) ) ;
#1147 = EDGE_CURVE ( 'NONE', #1159, #610, #318, .T. ) ;
#1148 = DIRECTION ( 'NONE',  ( 0.000000000000000000, 0.000000000000000000, 1.000000000000000000 ) ) ;
#1149 = CIRCLE ( 'NONE', #1811, 1.250000000000001110 ) ;
#1150 = ORIENTED_EDGE ( 'NONE', *, *, #3158, .F. ) ;
#1151 = CIRCLE ( 'NONE', #1201, 1.750000000000000000 ) ;
#1152 = DIRECTION ( 'NONE',  ( 0.000000000000000000, 0.000000000000000000, 1.000000000000000000 ) ) ;
#1153 = DIRECTION ( 'NONE',  ( 1.000000000000000000, 0.000000000000000000, 0.000000000000000000 ) ) ;
#1154 = VERTEX_POINT ( 'NONE', #108 ) ;
#1155 = CARTESIAN_POINT ( 'NONE',  ( 8.000000000000000000, -16.00000000000000355, -4.250000000000000888 ) ) ;
#1156 = EDGE_LOOP ( 'NONE', ( #1968, #1948, #257, #2330 ) ) ;
#1157 = DIRECTION ( 'NONE',  ( -1.000000000000000000, -0.000000000000000000, -0.000000000000000000 ) ) ;
#1158 = CYLINDRICAL_SURFACE ( 'NONE', #784, 0.3749999999999992228 ) ;
#1159 = VERTEX_POINT ( 'NONE', #2051 ) ;
#1160 = FACE_OUTER_BOUND ( 'NONE', #2455, .T. ) ;
#1161 = FACE_OUTER_BOUND ( 'NONE', #1255, .T. ) ;
#1162 = DIRECTION ( 'NONE',  ( 0.000000000000000000, 0.000000000000000000, -1.000000000000000000 ) ) ;
#1163 = FACE_OUTER_BOUND ( 'NONE', #1773, .T. ) ;
#1164 = EDGE_LOOP ( 'NONE', ( #686, #781, #1861, #1249 ) ) ;
#1165 = ADVANCED_FACE ( 'NONE', ( #2117 ), #94, .T. ) ;
#1166 = EDGE_CURVE ( 'NONE', #802, #994, #1596, .T. ) ;
#1167 = LINE ( 'NONE', #836, #895 ) ;
#1168 = FACE_OUTER_BOUND ( 'NONE', #91, .T. ) ;
#1169 = ORIENTED_EDGE ( 'NONE', *, *, #1256, .T. ) ;
#1170 = DIRECTION ( 'NONE',  ( 0.000000000000000000, 0.000000000000000000, -1.000000000000000000 ) ) ;
#1171 = EDGE_LOOP ( 'NONE', ( #2327, #2376 ) ) ;
#1172 = CARTESIAN_POINT ( 'NONE',  ( 20.00000000000000000, 6.735557395310443009E-16, 5.000000000000000888 ) ) ;
#1173 = VERTEX_POINT ( 'NONE', #855 ) ;
#1174 = DIRECTION ( 'NONE',  ( 0.000000000000000000, 0.000000000000000000, -1.000000000000000000 ) ) ;
#1175 = DIRECTION ( 'NONE',  ( 0.000000000000000000, 0.000000000000000000, 1.000000000000000000 ) ) ;
#1176 = VERTEX_POINT ( 'NONE', #1584 ) ;
#1177 = CARTESIAN_POINT ( 'NONE',  ( 1.000000000000000000, 16.00000000000000000, 5.000000000000000000 ) ) ;
#1178 = DIRECTION ( 'NONE',  ( 0.000000000000000000, 9.130123557772669567E-17, -1.000000000000000000 ) ) ;
#1179 = DIRECTION ( 'NONE',  ( -1.000000000000000000, -0.000000000000000000, -0.000000000000000000 ) ) ;
#1180 = ADVANCED_FACE ( 'NONE', ( #2569, #340 ), #1317, .F. ) ;
#1181 = VERTEX_POINT ( 'NONE', #2792 ) ;
#1182 = CIRCLE ( 'NONE', #1589, 0.3749999999999994449 ) ;
#1183 = DIRECTION ( 'NONE',  ( -1.000000000000000000, -0.000000000000000000, -0.000000000000000000 ) ) ;
#1184 = AXIS2_PLACEMENT_3D ( 'NONE', #198, #1686, #1658 ) ;
#1185 = EDGE_LOOP ( 'NONE', ( #1817, #1516 ) ) ;
#1186 = AXIS2_PLACEMENT_3D ( 'NONE', #1765, #2966, #1500 ) ;
#1187 = DIRECTION ( 'NONE',  ( -1.000000000000000000, -0.000000000000000000, -0.000000000000000000 ) ) ;
#1188 = VERTEX_POINT ( 'NONE', #371 ) ;
#1189 = CIRCLE ( 'NONE', #2979, 0.3749999999999992228 ) ;
#1190 = CIRCLE ( 'NONE', #885, 0.3749999999999960032 ) ;
#1191 = CARTESIAN_POINT ( 'NONE',  ( 13.00000000000000178, 16.00000000000000355, -6.500000000000001776 ) ) ;
#1192 = DIRECTION ( 'NONE',  ( -1.000000000000000000, 0.000000000000000000, -0.000000000000000000 ) ) ;
#1193 = ORIENTED_EDGE ( 'NONE', *, *, #504, .T. ) ;
#1194 = CIRCLE ( 'NONE', #16, 0.3749999999999994449 ) ;
#1195 = DIRECTION ( 'NONE',  ( 0.000000000000000000, 0.000000000000000000, -1.000000000000000000 ) ) ;
#1196 = CARTESIAN_POINT ( 'NONE',  ( 8.000000000000000000, -16.00000000000000355, -1.374999999999999334 ) ) ;
#1197 = TOROIDAL_SURFACE ( 'NONE', #690, 5.000000000000000888, 1.000000000000000000 ) ;
#1198 = DIRECTION ( 'NONE',  ( -1.000000000000000000, -0.000000000000000000, -0.000000000000000000 ) ) ;
#1199 = VERTEX_POINT ( 'NONE', #3072 ) ;
#1200 = ORIENTED_EDGE ( 'NONE', *, *, #3077, .T. ) ;
#1201 = AXIS2_PLACEMENT_3D ( 'NONE', #1803, #1564, #2547 ) ;
#1202 = CARTESIAN_POINT ( 'NONE',  ( 1.000000000000000000, -19.00000000000000000, -17.49999999999999645 ) ) ;
#1203 = EDGE_LOOP ( 'NONE', ( #1421, #1058, #2134, #3009 ) ) ;
#1204 = ADVANCED_FACE ( 'NONE', ( #1330 ), #1094, .F. ) ;
#1205 = CARTESIAN_POINT ( 'NONE',  ( 13.00000000000000178, 16.00000000000000355, 5.500000000000000000 ) ) ;
#1206 = ORIENTED_EDGE ( 'NONE', *, *, #2939, .F. ) ;
#1207 = CARTESIAN_POINT ( 'NONE',  ( 8.000000000000000000, -16.00000000000000355, -1.000000000000000000 ) ) ;
#1208 = CARTESIAN_POINT ( 'NONE',  ( 13.00000000000000178, 16.00000000000000355, 6.000000000000000000 ) ) ;
#1209 = DIRECTION ( 'NONE',  ( 0.000000000000000000, 0.000000000000000000, 1.000000000000000000 ) ) ;
#1210 = DIRECTION ( 'NONE',  ( -1.000000000000000000, -0.000000000000000000, -0.000000000000000000 ) ) ;
#1211 = FACE_OUTER_BOUND ( 'NONE', #1071, .T. ) ;
#1212 = DIRECTION ( 'NONE',  ( -1.000000000000000000, -0.000000000000000000, -0.000000000000000000 ) ) ;
#1213 = ORIENTED_EDGE ( 'NONE', *, *, #677, .F. ) ;
#1214 = ADVANCED_FACE ( 'NONE', ( #1108, #2818 ), #628, .F. ) ;
#1215 = ORIENTED_EDGE ( 'NONE', *, *, #1786, .T. ) ;
#1216 = EDGE_CURVE ( 'NONE', #506, #957, #2170, .T. ) ;
#1217 = DIRECTION ( 'NONE',  ( 1.000000000000000000, 0.000000000000000000, 0.000000000000000000 ) ) ;
#1218 = ORIENTED_EDGE ( 'NONE', *, *, #1982, .F. ) ;
#1219 = CARTESIAN_POINT ( 'NONE',  ( 8.000000000000000000, 16.00000000000000355, 7.750000000000000000 ) ) ;
#1220 = EDGE_LOOP ( 'NONE', ( #647, #1413, #1785, #1419 ) ) ;
#1221 = EDGE_CURVE ( 'NONE', #212, #1199, #2422, .T. ) ;
#1222 = DIRECTION ( 'NONE',  ( -0.000000000000000000, 0.000000000000000000, 1.000000000000000000 ) ) ;
#1223 = PLANE ( 'NONE',  #378 ) ;
#1224 = ORIENTED_EDGE ( 'NONE', *, *, #457, .T. ) ;
#1225 = CARTESIAN_POINT ( 'NONE',  ( 8.000000000000000000, 16.00000000000000355, 6.625000000000000888 ) ) ;
#1226 = DIRECTION ( 'NONE',  ( -1.000000000000000000, -0.000000000000000000, -0.000000000000000000 ) ) ;
#1227 = EDGE_LOOP ( 'NONE', ( #863, #745, #450, #1887 ) ) ;
#1228 = ORIENTED_EDGE ( 'NONE', *, *, #2255, .T. ) ;
#1229 = AXIS2_PLACEMENT_3D ( 'NONE', #2507, #796, #296 ) ;
#1230 = CIRCLE ( 'NONE', #2871, 1.500000000000001332 ) ;
#1231 = DIRECTION ( 'NONE',  ( -1.000000000000000000, -0.000000000000000000, -0.000000000000000000 ) ) ;
#1232 = EDGE_CURVE ( 'NONE', #2230, #200, #226, .T. ) ;
#1233 = VERTEX_POINT ( 'NONE', #1202 ) ;
#1234 = AXIS2_PLACEMENT_3D ( 'NONE', #763, #1739, #2720 ) ;
#1235 = CARTESIAN_POINT ( 'NONE',  ( 1.000000000000000000, -17.00000000000000355, 17.00000000000000000 ) ) ;
#1236 = AXIS2_PLACEMENT_3D ( 'NONE', #1917, #3160, #441 ) ;
#1237 = VERTEX_POINT ( 'NONE', #241 ) ;
#1238 = AXIS2_PLACEMENT_3D ( 'NONE', #2899, #1632, #1680 ) ;
#1239 = FACE_OUTER_BOUND ( 'NONE', #3122, .T. ) ;
#1240 = CIRCLE ( 'NONE', #1294, 1.749999999999999778 ) ;
#1241 = DIRECTION ( 'NONE',  ( 1.000000000000000000, 0.000000000000000000, 0.000000000000000000 ) ) ;
#1242 = CARTESIAN_POINT ( 'NONE',  ( 1.000000000000000000, -17.00000000000001421, -18.25000000000002487 ) ) ;
#1243 = CIRCLE ( 'NONE', #1965, 1.749999999999999778 ) ;
#1244 = EDGE_CURVE ( 'NONE', #629, #137, #370, .T. ) ;
#1245 = FACE_OUTER_BOUND ( 'NONE', #2165, .T. ) ;
#1246 = CARTESIAN_POINT ( 'NONE',  ( 8.000000000000000000, -16.00000000000000355, 1.374999999999999556 ) ) ;
#1247 = ORIENTED_EDGE ( 'NONE', *, *, #852, .F. ) ;
#1248 = AXIS2_PLACEMENT_3D ( 'NONE', #2270, #975, #10 ) ;
#1249 = ORIENTED_EDGE ( 'NONE', *, *, #387, .F. ) ;
#1250 = VECTOR ( 'NONE', #1913, 1000.000000000000000 ) ;
#1251 = DIRECTION ( 'NONE',  ( 0.000000000000000000, 0.000000000000000000, 1.000000000000000000 ) ) ;
#1252 = VERTEX_POINT ( 'NONE', #1668 ) ;
#1253 = VECTOR ( 'NONE', #1036, 1000.000000000000000 ) ;
#1254 = DIRECTION ( 'NONE',  ( 0.000000000000000000, 0.000000000000000000, 1.000000000000000000 ) ) ;
#1255 = EDGE_LOOP ( 'NONE', ( #1150, #467, #1762, #2053 ) ) ;
#1256 = EDGE_CURVE ( 'NONE', #738, #849, #2682, .T. ) ;
#1257 = DIRECTION ( 'NONE',  ( 0.000000000000000000, 0.000000000000000000, -1.000000000000000000 ) ) ;
#1258 = ORIENTED_EDGE ( 'NONE', *, *, #1890, .T. ) ;
#1259 = PLANE ( 'NONE',  #538 ) ;
#1260 = CARTESIAN_POINT ( 'NONE',  ( 5.000000000000000000, -8.999999999999998224, -9.000000000000001776 ) ) ;
#1261 = ORIENTED_EDGE ( 'NONE', *, *, #2226, .T. ) ;
#1262 = ORIENTED_EDGE ( 'NONE', *, *, #2617, .F. ) ;
#1263 = EDGE_CURVE ( 'NONE', #2974, #2141, #705, .T. ) ;
#1264 = EDGE_CURVE ( 'NONE', #392, #1103, #2006, .T. ) ;
#1265 = FACE_OUTER_BOUND ( 'NONE', #444, .T. ) ;
#1266 = ORIENTED_EDGE ( 'NONE', *, *, #1013, .F. ) ;
#1267 = DIRECTION ( 'NONE',  ( 0.000000000000000000, 0.000000000000000000, 1.000000000000000000 ) ) ;
#1268 = EDGE_LOOP ( 'NONE', ( #964, #2035 ) ) ;
#1269 = PLANE ( 'NONE',  #574 ) ;
#1270 = DIRECTION ( 'NONE',  ( -1.000000000000000000, -0.000000000000000000, 0.000000000000000000 ) ) ;
#1271 = ADVANCED_FACE ( 'NONE', ( #3091 ), #2185, .F. ) ;
#1272 = DIRECTION ( 'NONE',  ( 0.000000000000000000, 0.000000000000000000, 1.000000000000000000 ) ) ;
#1273 = CARTESIAN_POINT ( 'NONE',  ( 1.000000000000000000, -16.00000000000000000, 5.000000000000000000 ) ) ;
#1274 = DIRECTION ( 'NONE',  ( 0.000000000000000000, 0.000000000000000000, 1.000000000000000000 ) ) ;
#1275 = ORIENTED_EDGE ( 'NONE', *, *, #1831, .F. ) ;
#1276 = EDGE_CURVE ( 'NONE', #2856, #43, #2826, .T. ) ;
#1277 = AXIS2_PLACEMENT_3D ( 'NONE', #887, #2106, #2142 ) ;
#1278 = DIRECTION ( 'NONE',  ( 0.000000000000000000, 0.000000000000000000, -1.000000000000000000 ) ) ;
#1279 = ORIENTED_EDGE ( 'NONE', *, *, #1732, .T. ) ;
#1280 = AXIS2_PLACEMENT_3D ( 'NONE', #1112, #3111, #1882 ) ;
#1281 = DIRECTION ( 'NONE',  ( -1.000000000000000000, -0.000000000000000000, -0.000000000000000000 ) ) ;
#1282 = FACE_OUTER_BOUND ( 'NONE', #2764, .T. ) ;
#1283 = EDGE_CURVE ( 'NONE', #1176, #2856, #449, .T. ) ;
#1284 = CIRCLE ( 'NONE', #2816, 0.3749999999999960032 ) ;
#1285 = EDGE_LOOP ( 'NONE', ( #78, #3078, #2735, #245 ) ) ;
#1286 = CARTESIAN_POINT ( 'NONE',  ( 1.000000000000000000, -17.49999999999999645, -19.00000000000000000 ) ) ;
#1287 = DIRECTION ( 'NONE',  ( 0.000000000000000000, 0.000000000000000000, 1.000000000000000000 ) ) ;
#1288 = CARTESIAN_POINT ( 'NONE',  ( 8.000000000000000000, -16.00000000000000355, 7.750000000000000000 ) ) ;
#1289 = CIRCLE ( 'NONE', #1238, 1.000000000000000000 ) ;
#1290 = DIRECTION ( 'NONE',  ( -1.000000000000000000, 0.000000000000000000, -0.000000000000000000 ) ) ;
#1291 = DIRECTION ( 'NONE',  ( -1.000000000000000000, -0.000000000000000000, 0.000000000000000000 ) ) ;
#1292 = DIRECTION ( 'NONE',  ( 0.000000000000000000, -0.000000000000000000, 1.000000000000000000 ) ) ;
#1293 = EDGE_LOOP ( 'NONE', ( #304, #2687, #2100, #1081 ) ) ;
#1294 = AXIS2_PLACEMENT_3D ( 'NONE', #862, #1364, #1856 ) ;
#1295 = AXIS2_PLACEMENT_3D ( 'NONE', #1415, #3150, #434 ) ;
#1296 = DIRECTION ( 'NONE',  ( 0.000000000000000000, 0.000000000000000000, -1.000000000000000000 ) ) ;
#1297 = VERTEX_POINT ( 'NONE', #1155 ) ;
#1298 = VECTOR ( 'NONE', #2671, 1000.000000000000000 ) ;
#1299 = DIRECTION ( 'NONE',  ( 1.000000000000000000, -0.000000000000000000, -0.000000000000000000 ) ) ;
#1300 = DIRECTION ( 'NONE',  ( 0.000000000000000000, 0.000000000000000000, -1.000000000000000000 ) ) ;
#1301 = CIRCLE ( 'NONE', #2379, 1.500000000000000444 ) ;
#1302 = ORIENTED_EDGE ( 'NONE', *, *, #260, .T. ) ;
#1303 = EDGE_CURVE ( 'NONE', #1599, #1478, #658, .T. ) ;
#1304 = AXIS2_PLACEMENT_3D ( 'NONE', #943, #510, #971 ) ;
#1305 = DIRECTION ( 'NONE',  ( 1.000000000000000000, 0.000000000000000000, 0.000000000000000000 ) ) ;
#1306 = DIRECTION ( 'NONE',  ( 0.000000000000000000, 0.000000000000000000, -1.000000000000000000 ) ) ;
#1307 = FACE_OUTER_BOUND ( 'NONE', #3064, .T. ) ;
#1308 = FACE_OUTER_BOUND ( 'NONE', #2069, .T. ) ;
#1309 = CARTESIAN_POINT ( 'NONE',  ( 1.000000000000000000, 16.00000000000000355, 7.000000000000000000 ) ) ;
#1310 = LINE ( 'NONE', #2285, #1403 ) ;
#1311 = VERTEX_POINT ( 'NONE', #1398 ) ;
#1312 = FACE_BOUND ( 'NONE', #292, .T. ) ;
#1313 = ORIENTED_EDGE ( 'NONE', *, *, #1872, .F. ) ;
#1314 = EDGE_CURVE ( 'NONE', #1237, #1431, #2521, .T. ) ;
#1315 = CARTESIAN_POINT ( 'NONE',  ( 13.00000000000000178, -16.00000000000000355, -6.000000000000000888 ) ) ;
#1316 = DIRECTION ( 'NONE',  ( 0.000000000000000000, 0.000000000000000000, -1.000000000000000000 ) ) ;
#1317 = PLANE ( 'NONE',  #1345 ) ;
#1318 = EDGE_LOOP ( 'NONE', ( #1655, #3089, #3038, #1684 ) ) ;
#1319 = DIRECTION ( 'NONE',  ( 0.000000000000000000, 0.000000000000000000, -1.000000000000000000 ) ) ;
#1320 = EDGE_CURVE ( 'NONE', #137, #1159, #3106, .T. ) ;
#1321 = VERTEX_POINT ( 'NONE', #1464 ) ;
#1322 = CARTESIAN_POINT ( 'NONE',  ( 20.00000000000000000, 0.000000000000000000, 0.000000000000000000 ) ) ;
#1323 = FACE_BOUND ( 'NONE', #3025, .T. ) ;
#1324 = CARTESIAN_POINT ( 'NONE',  ( 8.000000000000000000, -16.00000000000000355, -5.375000000000000000 ) ) ;
#1325 = DIRECTION ( 'NONE',  ( 1.000000000000000000, 0.000000000000000000, 0.000000000000000000 ) ) ;
#1326 = VERTEX_POINT ( 'NONE', #2424 ) ;
#1327 = CARTESIAN_POINT ( 'NONE',  ( 1.000000000000000000, 16.00000000000000355, 1.000000000000000000 ) ) ;
#1328 = ORIENTED_EDGE ( 'NONE', *, *, #360, .F. ) ;
#1329 = CARTESIAN_POINT ( 'NONE',  ( 8.000000000000000000, -16.00000000000000355, -4.625000000000000888 ) ) ;
#1330 = FACE_OUTER_BOUND ( 'NONE', #3055, .T. ) ;
#1331 = VERTEX_POINT ( 'NONE', #1430 ) ;
#1332 = AXIS2_PLACEMENT_3D ( 'NONE', #567, #115, #617 ) ;
#1333 = EDGE_CURVE ( 'NONE', #765, #2421, #1289, .T. ) ;
#1334 = CIRCLE ( 'NONE', #2462, 1.749999999999999778 ) ;
#1335 = LINE ( 'NONE', #1864, #3135 ) ;
#1336 = EDGE_LOOP ( 'NONE', ( #708, #2400 ) ) ;
#1337 = DIRECTION ( 'NONE',  ( 0.000000000000000000, 9.637352644315595243E-17, -1.000000000000000000 ) ) ;
#1338 = VECTOR ( 'NONE', #332, 1000.000000000000000 ) ;
#1339 = DIRECTION ( 'NONE',  ( 1.000000000000000000, 0.000000000000000000, 0.000000000000000000 ) ) ;
#1340 = DIRECTION ( 'NONE',  ( 0.000000000000000000, 0.000000000000000000, 1.000000000000000000 ) ) ;
#1341 = AXIS2_PLACEMENT_3D ( 'NONE', #651, #98, #1869 ) ;
#1342 = DIRECTION ( 'NONE',  ( -1.000000000000000000, -0.000000000000000000, -0.000000000000000000 ) ) ;
#1343 = ORIENTED_EDGE ( 'NONE', *, *, #814, .F. ) ;
#1344 = EDGE_CURVE ( 'NONE', #1865, #200, #1544, .T. ) ;
#1345 = AXIS2_PLACEMENT_3D ( 'NONE', #3024, #2291, #1815 ) ;
#1346 = DIRECTION ( 'NONE',  ( 1.000000000000000000, 0.000000000000000000, 0.000000000000000000 ) ) ;
#1347 = AXIS2_PLACEMENT_3D ( 'NONE', #2566, #2535, #575 ) ;
#1348 = ORIENTED_EDGE ( 'NONE', *, *, #294, .T. ) ;
#1349 = AXIS2_PLACEMENT_3D ( 'NONE', #3134, #1153, #152 ) ;
#1350 = CARTESIAN_POINT ( 'NONE',  ( 12.00000000000000000, 16.00000000000000355, 0.000000000000000000 ) ) ;
#1351 = DIRECTION ( 'NONE',  ( 0.000000000000000000, 0.000000000000000000, -1.000000000000000000 ) ) ;
#1352 = VERTEX_POINT ( 'NONE', #417 ) ;
#1353 = AXIS2_PLACEMENT_3D ( 'NONE', #1208, #234, #1708 ) ;
#1354 = CIRCLE ( 'NONE', #997, 1.749999999999999778 ) ;
#1355 = ADVANCED_FACE ( 'NONE', ( #173 ), #466, .T. ) ;
#1356 = CARTESIAN_POINT ( 'NONE',  ( 8.000000000000000000, 16.00000000000000355, 1.000000000000000000 ) ) ;
#1357 = VERTEX_POINT ( 'NONE', #437 ) ;
#1358 = DIRECTION ( 'NONE',  ( -1.000000000000000000, -0.000000000000000000, -0.000000000000000000 ) ) ;
#1359 = AXIS2_PLACEMENT_3D ( 'NONE', #2369, #432, #1380 ) ;
#1360 = EDGE_CURVE ( 'NONE', #2479, #279, #207, .T. ) ;
#1361 = DIRECTION ( 'NONE',  ( -1.000000000000000000, -0.000000000000000000, -0.000000000000000000 ) ) ;
#1362 = DIRECTION ( 'NONE',  ( -1.000000000000000000, -0.000000000000000000, 0.000000000000000000 ) ) ;
#1363 = ORIENTED_EDGE ( 'NONE', *, *, #272, .T. ) ;
#1364 = DIRECTION ( 'NONE',  ( 1.000000000000000000, 0.000000000000000000, 0.000000000000000000 ) ) ;
#1365 = EDGE_CURVE ( 'NONE', #3155, #1321, #2626, .T. ) ;
#1366 = EDGE_CURVE ( 'NONE', #2718, #273, #1648, .T. ) ;
#1367 = EDGE_LOOP ( 'NONE', ( #3130, #2112, #1973, #1736 ) ) ;
#1368 = CIRCLE ( 'NONE', #1468, 1.000000000000000000 ) ;
#1369 = DIRECTION ( 'NONE',  ( -1.000000000000000000, -0.000000000000000000, -0.000000000000000000 ) ) ;
#1370 = DIRECTION ( 'NONE',  ( -0.000000000000000000, 0.000000000000000000, 1.000000000000000000 ) ) ;
#1371 = ORIENTED_EDGE ( 'NONE', *, *, #2916, .T. ) ;
#1372 = CARTESIAN_POINT ( 'NONE',  ( 13.00000000000000178, -16.00000000000000355, 0.5000000000000004441 ) ) ;
#1373 = ORIENTED_EDGE ( 'NONE', *, *, #783, .F. ) ;
#1374 = CYLINDRICAL_SURFACE ( 'NONE', #2965, 1.500000000000000444 ) ;
#1375 = DIRECTION ( 'NONE',  ( 1.000000000000000000, 0.000000000000000000, 0.000000000000000000 ) ) ;
#1376 = ADVANCED_FACE ( 'NONE', ( #1265 ), #1024, .F. ) ;
#1377 = DIRECTION ( 'NONE',  ( -0.000000000000000000, 1.000000000000000000, 1.224646799147353207E-16 ) ) ;
#1378 = CARTESIAN_POINT ( 'NONE',  ( 9.000000000000001776, -16.00000000000000355, 4.500000000000000000 ) ) ;
#1379 = ORIENTED_EDGE ( 'NONE', *, *, #411, .F. ) ;
#1380 = DIRECTION ( 'NONE',  ( 0.000000000000000000, 0.000000000000000000, -1.000000000000000000 ) ) ;
#1381 = DIRECTION ( 'NONE',  ( 1.000000000000000000, 0.000000000000000000, 0.000000000000000000 ) ) ;
#1382 = VERTEX_POINT ( 'NONE', #1717 ) ;
#1383 = ADVANCED_FACE ( 'NONE', ( #1041 ), #733, .T. ) ;
#1384 = DIRECTION ( 'NONE',  ( 0.000000000000000000, 0.000000000000000000, -1.000000000000000000 ) ) ;
#1385 = VERTEX_POINT ( 'NONE', #2753 ) ;
#1386 = ADVANCED_FACE ( 'NONE', ( #517 ), #300, .T. ) ;
#1387 = ORIENTED_EDGE ( 'NONE', *, *, #2593, .F. ) ;
#1388 = CARTESIAN_POINT ( 'NONE',  ( 1.000000000000000000, -17.00000000000000355, 18.25000000000000000 ) ) ;
#1389 = CARTESIAN_POINT ( 'NONE',  ( 12.00000000000000000, 16.00000000000000355, -6.500000000000001776 ) ) ;
#1390 = CARTESIAN_POINT ( 'NONE',  ( 8.000000000000000000, -16.00000000000000355, -7.000000000000000000 ) ) ;
#1391 = EDGE_LOOP ( 'NONE', ( #3068, #976, #1764, #400 ) ) ;
#1392 = VECTOR ( 'NONE', #1712, 1000.000000000000000 ) ;
#1393 = AXIS2_PLACEMENT_3D ( 'NONE', #327, #2941, #1527 ) ;
#1394 = CARTESIAN_POINT ( 'NONE',  ( 1.000000000000000000, -17.00000000000001421, -17.00000000000002132 ) ) ;
#1395 = VERTEX_POINT ( 'NONE', #2018 ) ;
#1396 = AXIS2_PLACEMENT_3D ( 'NONE', #694, #1940, #3121 ) ;
#1397 = CIRCLE ( 'NONE', #269, 1.500000000000000444 ) ;
#1398 = CARTESIAN_POINT ( 'NONE',  ( 1.000000000000000000, -16.00000000000000355, 7.375000000000000000 ) ) ;
#1399 = ORIENTED_EDGE ( 'NONE', *, *, #182, .T. ) ;
#1400 = CIRCLE ( 'NONE', #937, 1.750000000000001554 ) ;
#1401 = DIRECTION ( 'NONE',  ( -1.000000000000000000, -0.000000000000000000, -0.000000000000000000 ) ) ;
#1402 = DIRECTION ( 'NONE',  ( -1.000000000000000000, -0.000000000000000000, -0.000000000000000000 ) ) ;
#1403 = VECTOR ( 'NONE', #2783, 1000.000000000000000 ) ;
#1404 = EDGE_LOOP ( 'NONE', ( #315, #2972, #405, #1997 ) ) ;
#1405 = EDGE_CURVE ( 'NONE', #1727, #349, #1857, .T. ) ;
#1406 = EDGE_CURVE ( 'NONE', #1188, #1352, #1090, .T. ) ;
#1407 = CARTESIAN_POINT ( 'NONE',  ( 1.000000000000000000, -16.00000000000000355, -4.625000000000000888 ) ) ;
#1408 = AXIS2_PLACEMENT_3D ( 'NONE', #2728, #1525, #769 ) ;
#1409 = PRODUCT_CONTEXT ( 'NONE', #728, 'mechanical' ) ;
#1410 = CARTESIAN_POINT ( 'NONE',  ( 0.000000000000000000, 17.00000000000000711, -15.75000000000000000 ) ) ;
#1411 = DIRECTION ( 'NONE',  ( 0.000000000000000000, 0.000000000000000000, -1.000000000000000000 ) ) ;
#1412 = AXIS2_PLACEMENT_3D ( 'NONE', #2314, #635, #1610 ) ;
#1413 = ORIENTED_EDGE ( 'NONE', *, *, #2649, .T. ) ;
#1414 = LINE ( 'NONE', #1073, #638 ) ;
#1415 = CARTESIAN_POINT ( 'NONE',  ( 8.000000000000000000, -16.00000000000000355, 0.000000000000000000 ) ) ;
#1416 = EDGE_LOOP ( 'NONE', ( #125, #868, #966, #95 ) ) ;
#1417 = CARTESIAN_POINT ( 'NONE',  ( 8.000000000000000000, 16.00000000000000355, -5.375000000000000000 ) ) ;
#1418 = EDGE_CURVE ( 'NONE', #2131, #100, #2932, .T. ) ;
#1419 = ORIENTED_EDGE ( 'NONE', *, *, #205, .F. ) ;
#1420 = DIRECTION ( 'NONE',  ( 0.000000000000000000, 0.000000000000000000, 1.000000000000000000 ) ) ;
#1421 = ORIENTED_EDGE ( 'NONE', *, *, #869, .F. ) ;
#1422 = ADVANCED_FACE ( 'NONE', ( #1729 ), #1761, .T. ) ;
#1423 = CARTESIAN_POINT ( 'NONE',  ( 0.000000000000000000, -17.49999999999999645, -19.00000000000000000 ) ) ;
#1424 = DIRECTION ( 'NONE',  ( -1.000000000000000000, -0.000000000000000000, -0.000000000000000000 ) ) ;
#1425 = ORIENTED_EDGE ( 'NONE', *, *, #160, .T. ) ;
#1426 = DIRECTION ( 'NONE',  ( -1.000000000000000000, -0.000000000000000000, -0.000000000000000000 ) ) ;
#1427 = DIRECTION ( 'NONE',  ( 1.000000000000000000, 0.000000000000000000, 0.000000000000000000 ) ) ;
#1428 = CYLINDRICAL_SURFACE ( 'NONE', #1802, 0.3749999999999992228 ) ;
#1429 = ORIENTED_EDGE ( 'NONE', *, *, #1932, .F. ) ;
#1430 = CARTESIAN_POINT ( 'NONE',  ( 20.00000000000000000, 0.000000000000000000, -5.000000000000000888 ) ) ;
#1431 = VERTEX_POINT ( 'NONE', #2231 ) ;
#1432 = CARTESIAN_POINT ( 'NONE',  ( 9.000000000000001776, 16.00000000000000355, 0.000000000000000000 ) ) ;
#1433 = EDGE_LOOP ( 'NONE', ( #1343, #2501, #1910, #1991 ) ) ;
#1434 = DIRECTION ( 'NONE',  ( 0.000000000000000000, 0.000000000000000000, 1.000000000000000000 ) ) ;
#1435 = CARTESIAN_POINT ( 'NONE',  ( 9.000000000000001776, -16.00000000000000355, 6.000000000000000000 ) ) ;
#1436 = ORIENTED_EDGE ( 'NONE', *, *, #1244, .F. ) ;
#1437 = CARTESIAN_POINT ( 'NONE',  ( 19.00000000000000000, 0.000000000000000000, -5.000000000000000888 ) ) ;
#1438 = FILL_AREA_STYLE ('',( #1692 ) ) ;
#1439 = CIRCLE ( 'NONE', #1949, 1.749999999999999778 ) ;
#1440 = FACE_OUTER_BOUND ( 'NONE', #1227, .T. ) ;
#1441 = ORIENTED_EDGE ( 'NONE', *, *, #1418, .F. ) ;
#1442 = ORIENTED_EDGE ( 'NONE', *, *, #2491, .T. ) ;
#1443 = EDGE_CURVE ( 'NONE', #349, #3152, #477, .T. ) ;
#1444 = DIRECTION ( 'NONE',  ( -0.000000000000000000, -0.000000000000000000, -1.000000000000000000 ) ) ;
#1445 = AXIS2_PLACEMENT_3D ( 'NONE', #1049, #760, #1257 ) ;
#1446 = ORIENTED_EDGE ( 'NONE', *, *, #1667, .T. ) ;
#1447 = VECTOR ( 'NONE', #3154, 1000.000000000000000 ) ;
#1448 = DIRECTION ( 'NONE',  ( 1.000000000000000000, 0.000000000000000000, 0.000000000000000000 ) ) ;
#1449 = ORIENTED_EDGE ( 'NONE', *, *, #1027, .T. ) ;
#1450 = EDGE_CURVE ( 'NONE', #1727, #1826, #785, .T. ) ;
#1451 = AXIS2_PLACEMENT_3D ( 'NONE', #3027, #480, #2437 ) ;
#1452 = DIRECTION ( 'NONE',  ( 1.000000000000000000, 0.000000000000000000, 0.000000000000000000 ) ) ;
#1453 = CARTESIAN_POINT ( 'NONE',  ( 1.000000000000000000, 16.00000000000000000, 4.625000000000000888 ) ) ;
#1454 = EDGE_LOOP ( 'NONE', ( #732, #1467, #1941, #545 ) ) ;
#1455 = ADVANCED_FACE ( 'NONE', ( #2198 ), #2740, .T. ) ;
#1456 = AXIS2_PLACEMENT_3D ( 'NONE', #1390, #1424, #1148 ) ;
#1457 = CARTESIAN_POINT ( 'NONE',  ( 9.000000000000001776, 16.00000000000000355, 0.000000000000000000 ) ) ;
#1458 = DIRECTION ( 'NONE',  ( 1.000000000000000000, 0.000000000000000000, 0.000000000000000000 ) ) ;
#1459 = VECTOR ( 'NONE', #2443, 1000.000000000000000 ) ;
#1460 = DIRECTION ( 'NONE',  ( -1.000000000000000000, -0.000000000000000000, -0.000000000000000000 ) ) ;
#1461 = ORIENTED_EDGE ( 'NONE', *, *, #2481, .F. ) ;
#1462 = ORIENTED_EDGE ( 'NONE', *, *, #320, .T. ) ;
#1463 = ADVANCED_FACE ( 'NONE', ( #740 ), #544, .T. ) ;
#1464 = CARTESIAN_POINT ( 'NONE',  ( 1.000000000000000888, 2.143131898507868790E-16, 14.75000000000000000 ) ) ;
#1465 = EDGE_LOOP ( 'NONE', ( #676, #3105, #695, #2468 ) ) ;
#1466 = CARTESIAN_POINT ( 'NONE',  ( 9.000000000000001776, 16.00000000000000355, -7.750000000000000888 ) ) ;
#1467 = ORIENTED_EDGE ( 'NONE', *, *, #2328, .T. ) ;
#1468 = AXIS2_PLACEMENT_3D ( 'NONE', #1821, #3080, #1145 ) ;
#1469 = DIRECTION ( 'NONE',  ( 1.000000000000000000, 0.000000000000000000, 0.000000000000000000 ) ) ;
#1470 = FACE_BOUND ( 'NONE', #3035, .T. ) ;
#1471 = ORIENTED_EDGE ( 'NONE', *, *, #2589, .T. ) ;
#1472 = DIRECTION ( 'NONE',  ( -1.000000000000000000, -0.000000000000000000, -0.000000000000000000 ) ) ;
#1473 = FACE_OUTER_BOUND ( 'NONE', #438, .T. ) ;
#1474 = CARTESIAN_POINT ( 'NONE',  ( 0.000000000000000000, 17.49999999999999645, -17.49999999999999289 ) ) ;
#1475 = ORIENTED_EDGE ( 'NONE', *, *, #1554, .F. ) ;
#1476 = EDGE_LOOP ( 'NONE', ( #1535, #1348 ) ) ;
#1477 = DIRECTION ( 'NONE',  ( 0.000000000000000000, 0.000000000000000000, 1.000000000000000000 ) ) ;
#1478 = VERTEX_POINT ( 'NONE', #501 ) ;
#1479 = CARTESIAN_POINT ( 'NONE',  ( 1.000000000000000000, 19.00000000000000000, 17.49999999999999645 ) ) ;
#1480 = ORIENTED_EDGE ( 'NONE', *, *, #3001, .F. ) ;
#1481 = EDGE_CURVE ( 'NONE', #1357, #1176, #2009, .T. ) ;
#1482 = FACE_OUTER_BOUND ( 'NONE', #932, .T. ) ;
#1483 = DIRECTION ( 'NONE',  ( 0.000000000000000000, 0.000000000000000000, -1.000000000000000000 ) ) ;
#1484 = ORIENTED_EDGE ( 'NONE', *, *, #2827, .T. ) ;
#1485 = DIRECTION ( 'NONE',  ( -1.000000000000000000, -0.000000000000000000, -0.000000000000000000 ) ) ;
#1486 = DIRECTION ( 'NONE',  ( 1.000000000000000000, 0.000000000000000000, 0.000000000000000000 ) ) ;
#1487 = ORIENTED_EDGE ( 'NONE', *, *, #2339, .F. ) ;
#1488 = ORIENTED_EDGE ( 'NONE', *, *, #1591, .F. ) ;
#1489 = AXIS2_PLACEMENT_3D ( 'NONE', #823, #1063, #1529 ) ;
#1490 = CIRCLE ( 'NONE', #1791, 1.500000000000000444 ) ;
#1491 = AXIS2_PLACEMENT_3D ( 'NONE', #1688, #2922, #476 ) ;
#1492 = EDGE_CURVE ( 'NONE', #583, #1826, #373, .T. ) ;
#1493 = DIRECTION ( 'NONE',  ( 0.000000000000000000, 0.000000000000000000, 1.000000000000000000 ) ) ;
#1494 = EDGE_LOOP ( 'NONE', ( #217, #1669, #3119, #1480 ) ) ;
#1495 = AXIS2_PLACEMENT_3D ( 'NONE', #826, #1995, #38 ) ;
#1496 = FACE_OUTER_BOUND ( 'NONE', #1131, .T. ) ;
#1497 = VECTOR ( 'NONE', #2903, 1000.000000000000000 ) ;
#1498 = ORIENTED_EDGE ( 'NONE', *, *, #983, .F. ) ;
#1499 = VECTOR ( 'NONE', #2440, 1000.000000000000000 ) ;
#1500 = DIRECTION ( 'NONE',  ( 0.000000000000000000, 0.000000000000000000, 1.000000000000000000 ) ) ;
#1501 = EDGE_CURVE ( 'NONE', #2080, #2186, #2213, .T. ) ;
#1502 = EDGE_CURVE ( 'NONE', #1562, #1321, #1070, .T. ) ;
#1503 = FACE_OUTER_BOUND ( 'NONE', #1025, .T. ) ;
#1504 = AXIS2_PLACEMENT_3D ( 'NONE', #1080, #1032, #2056 ) ;
#1505 = DIRECTION ( 'NONE',  ( 0.000000000000000000, -1.000000000000000000, -9.637352644315595243E-17 ) ) ;
#1506 = DIRECTION ( 'NONE',  ( 0.000000000000000000, 0.000000000000000000, -1.000000000000000000 ) ) ;
#1507 = ORIENTED_EDGE ( 'NONE', *, *, #1883, .T. ) ;
#1508 = AXIS2_PLACEMENT_3D ( 'NONE', #1933, #2412, #1175 ) ;
#1509 = ORIENTED_EDGE ( 'NONE', *, *, #2867, .T. ) ;
#1510 = AXIS2_PLACEMENT_3D ( 'NONE', #2755, #1281, #2022 ) ;
#1511 = CARTESIAN_POINT ( 'NONE',  ( 8.000000000000000000, -16.00000000000000000, 5.000000000000000000 ) ) ;
#1512 = ORIENTED_EDGE ( 'NONE', *, *, #2357, .F. ) ;
#1513 = CYLINDRICAL_SURFACE ( 'NONE', #841, 0.3749999999999960032 ) ;
#1514 = ORIENTED_EDGE ( 'NONE', *, *, #1974, .F. ) ;
#1515 = CARTESIAN_POINT ( 'NONE',  ( 13.00000000000000178, 16.00000000000000355, 6.000000000000000000 ) ) ;
#1516 = ORIENTED_EDGE ( 'NONE', *, *, #3118, .T. ) ;
#1517 = EDGE_CURVE ( 'NONE', #2230, #2628, #1598, .T. ) ;
#1518 = FACE_OUTER_BOUND ( 'NONE', #2410, .T. ) ;
#1519 = CARTESIAN_POINT ( 'NONE',  ( 12.00000000000000000, 16.00000000000000355, 6.000000000000000000 ) ) ;
#1520 = EDGE_LOOP ( 'NONE', ( #2879, #196 ) ) ;
#1521 = EDGE_CURVE ( 'NONE', #3167, #2902, #936, .T. ) ;
#1522 = DIRECTION ( 'NONE',  ( 1.000000000000000000, 0.000000000000000000, 0.000000000000000000 ) ) ;
#1523 = ORIENTED_EDGE ( 'NONE', *, *, #79, .T. ) ;
#1524 = ADVANCED_FACE ( 'NONE', ( #2321 ), #1568, .T. ) ;
#1525 = DIRECTION ( 'NONE',  ( -1.000000000000000000, -0.000000000000000000, 0.000000000000000000 ) ) ;
#1526 = ORIENTED_EDGE ( 'NONE', *, *, #1705, .F. ) ;
#1527 = DIRECTION ( 'NONE',  ( 0.000000000000000000, 0.000000000000000000, 1.000000000000000000 ) ) ;
#1528 = LINE ( 'NONE', #328, #1652 ) ;
#1529 = DIRECTION ( 'NONE',  ( 0.000000000000000000, 0.000000000000000000, 1.000000000000000000 ) ) ;
#1530 = DIRECTION ( 'NONE',  ( 1.000000000000000000, 0.000000000000000000, 0.000000000000000000 ) ) ;
#1531 = DIRECTION ( 'NONE',  ( 0.000000000000000000, 0.000000000000000000, -1.000000000000000000 ) ) ;
#1532 = ORIENTED_EDGE ( 'NONE', *, *, #1799, .T. ) ;
#1533 = CARTESIAN_POINT ( 'NONE',  ( 0.000000000000000000, 16.99999999999999645, 17.00000000000000000 ) ) ;
#1534 = ADVANCED_FACE ( 'NONE', ( #2066 ), #122, .T. ) ;
#1535 = ORIENTED_EDGE ( 'NONE', *, *, #2083, .T. ) ;
#1536 = CIRCLE ( 'NONE', #1280, 1.500000000000000444 ) ;
#1537 = DIRECTION ( 'NONE',  ( -1.000000000000000000, -0.000000000000000000, -0.000000000000000000 ) ) ;
#1538 = DIRECTION ( 'NONE',  ( 1.000000000000000000, 0.000000000000000000, 0.000000000000000000 ) ) ;
#1539 = EDGE_LOOP ( 'NONE', ( #1848, #2911, #1507, #1907 ) ) ;
#1540 = AXIS2_PLACEMENT_3D ( 'NONE', #232, #1452, #2431 ) ;
#1541 = CARTESIAN_POINT ( 'NONE',  ( 8.000000000000000000, -16.00000000000000355, -1.000000000000000000 ) ) ;
#1542 = LINE ( 'NONE', #551, #2116 ) ;
#1543 = DIRECTION ( 'NONE',  ( -1.000000000000000000, -0.000000000000000000, -0.000000000000000000 ) ) ;
#1544 = CIRCLE ( 'NONE', #985, 0.3749999999999992228 ) ;
#1545 = VECTOR ( 'NONE', #2583, 1000.000000000000000 ) ;
#1546 = DIRECTION ( 'NONE',  ( 0.000000000000000000, 0.000000000000000000, 1.000000000000000000 ) ) ;
#1547 = ADVANCED_FACE ( 'NONE', ( #1597 ), #2081, .T. ) ;
#1548 = CARTESIAN_POINT ( 'NONE',  ( 9.000000000000001776, 16.00000000000000355, 6.000000000000000000 ) ) ;
#1549 = ORIENTED_EDGE ( 'NONE', *, *, #1517, .T. ) ;
#1550 = AXIS2_PLACEMENT_3D ( 'NONE', #2470, #30, #1251 ) ;
#1551 = CARTESIAN_POINT ( 'NONE',  ( 9.000000000000001776, -16.00000000000000355, 4.250000000000000000 ) ) ;
#1552 = EDGE_LOOP ( 'NONE', ( #979, #2563 ) ) ;
#1553 = AXIS2_PLACEMENT_3D ( 'NONE', #2921, #2942, #1483 ) ;
#1554 = EDGE_CURVE ( 'NONE', #2550, #2148, #2800, .T. ) ;
#1555 = CARTESIAN_POINT ( 'NONE',  ( 0.000000000000000000, -17.49999999999999645, 19.00000000000000000 ) ) ;
#1556 = CARTESIAN_POINT ( 'NONE',  ( 8.000000000000000000, 16.00000000000000355, -7.000000000000000000 ) ) ;
#1557 = DIRECTION ( 'NONE',  ( -1.000000000000000000, -0.000000000000000000, -0.000000000000000000 ) ) ;
#1558 = AXIS2_PLACEMENT_3D ( 'NONE', #3171, #2489, #981 ) ;
#1559 = ORIENTED_EDGE ( 'NONE', *, *, #1078, .F. ) ;
#1560 = AXIS2_PLACEMENT_3D ( 'NONE', #896, #654, #818 ) ;
#1561 = DIRECTION ( 'NONE',  ( 1.000000000000000000, 0.000000000000000000, 0.000000000000000000 ) ) ;
#1562 = VERTEX_POINT ( 'NONE', #3051 ) ;
#1563 = CYLINDRICAL_SURFACE ( 'NONE', #149, 1.250000000000001110 ) ;
#1564 = DIRECTION ( 'NONE',  ( 1.000000000000000000, 0.000000000000000000, 0.000000000000000000 ) ) ;
#1565 = DIRECTION ( 'NONE',  ( -1.000000000000000000, -0.000000000000000000, 0.000000000000000000 ) ) ;
#1566 = DIRECTION ( 'NONE',  ( 0.000000000000000000, 0.000000000000000000, 1.000000000000000000 ) ) ;
#1567 = ORIENTED_EDGE ( 'NONE', *, *, #1926, .F. ) ;
#1568 = CYLINDRICAL_SURFACE ( 'NONE', #1347, 1.749999999999999778 ) ;
#1569 = ORIENTED_EDGE ( 'NONE', *, *, #1591, .T. ) ;
#1570 = LINE ( 'NONE', #1793, #2356 ) ;
#1571 = DIRECTION ( 'NONE',  ( 1.000000000000000000, 0.000000000000000000, 0.000000000000000000 ) ) ;
#1572 = VERTEX_POINT ( 'NONE', #1089 ) ;
#1573 = CARTESIAN_POINT ( 'NONE',  ( 1.000000000000000888, 0.000000000000000000, 16.50000000000000000 ) ) ;
#1574 = ORIENTED_EDGE ( 'NONE', *, *, #174, .T. ) ;
#1575 = EDGE_CURVE ( 'NONE', #1297, #2678, #1240, .T. ) ;
#1576 = CYLINDRICAL_SURFACE ( 'NONE', #1636, 6.000000000000000888 ) ;
#1577 = CARTESIAN_POINT ( 'NONE',  ( 1.000000000000000000, 16.00000000000000355, -5.000000000000000000 ) ) ;
#1578 = CARTESIAN_POINT ( 'NONE',  ( 8.000000000000000000, 16.00000000000000355, 7.000000000000000000 ) ) ;
#1579 = EDGE_LOOP ( 'NONE', ( #3041, #2171 ) ) ;
#1580 = FACE_OUTER_BOUND ( 'NONE', #2726, .T. ) ;
#1581 = ORIENTED_EDGE ( 'NONE', *, *, #272, .F. ) ;
#1582 = EDGE_CURVE ( 'NONE', #1173, #1730, #1616, .T. ) ;
#1583 = DIRECTION ( 'NONE',  ( 1.000000000000000000, 0.000000000000000000, 0.000000000000000000 ) ) ;
#1584 = CARTESIAN_POINT ( 'NONE',  ( 8.000000000000000000, -16.00000000000000000, 4.625000000000000888 ) ) ;
#1585 = EDGE_LOOP ( 'NONE', ( #1169, #1574, #1637, #1471 ) ) ;
#1586 = FACE_BOUND ( 'NONE', #1109, .T. ) ;
#1587 = VERTEX_POINT ( 'NONE', #1839 ) ;
#1588 = DIRECTION ( 'NONE',  ( -1.000000000000000000, -0.000000000000000000, -0.000000000000000000 ) ) ;
#1589 = AXIS2_PLACEMENT_3D ( 'NONE', #1309, #1291, #2031 ) ;
#1590 = ADVANCED_FACE ( 'NONE', ( #1580, #2814, #1312 ), #595, .F. ) ;
#1591 = EDGE_CURVE ( 'NONE', #349, #1727, #3026, .T. ) ;
#1592 = CARTESIAN_POINT ( 'NONE',  ( 13.00000000000000178, -16.00000000000000355, -1.500000000000000444 ) ) ;
#1593 = AXIS2_PLACEMENT_3D ( 'NONE', #455, #1885, #1222 ) ;
#1594 = LINE ( 'NONE', #1853, #687 ) ;
#1595 = ORIENTED_EDGE ( 'NONE', *, *, #387, .T. ) ;
#1596 = CIRCLE ( 'NONE', #1137, 0.3749999999999960032 ) ;
#1597 = FACE_OUTER_BOUND ( 'NONE', #1433, .T. ) ;
#1598 = CIRCLE ( 'NONE', #2681, 0.3749999999999992228 ) ;
#1599 = VERTEX_POINT ( 'NONE', #830 ) ;
#1600 = AXIS2_PLACEMENT_3D ( 'NONE', #1906, #2852, #691 ) ;
#1601 = DIRECTION ( 'NONE',  ( -1.000000000000000000, -0.000000000000000000, 0.000000000000000000 ) ) ;
#1602 = CARTESIAN_POINT ( 'NONE',  ( 13.00000000000000178, -16.00000000000000355, -6.500000000000001776 ) ) ;
#1603 = VERTEX_POINT ( 'NONE', #3067 ) ;
#1604 = AXIS2_PLACEMENT_3D ( 'NONE', #1435, #920, #216 ) ;
#1605 = VECTOR ( 'NONE', #1682, 1000.000000000000000 ) ;
#1606 = CARTESIAN_POINT ( 'NONE',  ( 8.000000000000000000, -16.00000000000000355, 1.374999999999999334 ) ) ;
#1607 = ORIENTED_EDGE ( 'NONE', *, *, #2203, .T. ) ;
#1608 = DIRECTION ( 'NONE',  ( -1.000000000000000000, -0.000000000000000000, -0.000000000000000000 ) ) ;
#1609 = VECTOR ( 'NONE', #1426, 1000.000000000000000 ) ;
#1610 = DIRECTION ( 'NONE',  ( 0.000000000000000000, 0.000000000000000000, -1.000000000000000000 ) ) ;
#1611 = CARTESIAN_POINT ( 'NONE',  ( 9.000000000000001776, 16.00000000000000355, 0.000000000000000000 ) ) ;
#1612 = DIRECTION ( 'NONE',  ( 1.000000000000000000, 0.000000000000000000, 0.000000000000000000 ) ) ;
#1613 = ORIENTED_EDGE ( 'NONE', *, *, #314, .T. ) ;
#1614 = EDGE_CURVE ( 'NONE', #2902, #2047, #2774, .T. ) ;
#1615 = DIRECTION ( 'NONE',  ( -1.000000000000000000, -0.000000000000000000, -0.000000000000000000 ) ) ;
#1616 = LINE ( 'NONE', #2787, #2368 ) ;
#1617 = EDGE_LOOP ( 'NONE', ( #970, #1641, #2870, #1135 ) ) ;
#1618 = EDGE_CURVE ( 'NONE', #2651, #2751, #1397, .T. ) ;
#1619 = CARTESIAN_POINT ( 'NONE',  ( 1.000000000000000000, 19.00000000000000000, -18.99999999999999289 ) ) ;
#1620 = ORIENTED_EDGE ( 'NONE', *, *, #259, .F. ) ;
#1621 = EDGE_LOOP ( 'NONE', ( #242, #1425, #1111, #2874 ) ) ;
#1622 = CARTESIAN_POINT ( 'NONE',  ( 1.000000000000000000, -16.00000000000000355, -6.625000000000004441 ) ) ;
#1623 = FACE_OUTER_BOUND ( 'NONE', #1069, .T. ) ;
#1624 = DIRECTION ( 'NONE',  ( 0.000000000000000000, 0.000000000000000000, 1.000000000000000000 ) ) ;
#1625 = DIRECTION ( 'NONE',  ( -1.000000000000000000, -0.000000000000000000, 0.000000000000000000 ) ) ;
#1626 = ORIENTED_EDGE ( 'NONE', *, *, #2961, .T. ) ;
#1627 = CARTESIAN_POINT ( 'NONE',  ( 8.000000000000000000, 16.00000000000000355, 7.375000000000000000 ) ) ;
#1628 = CARTESIAN_POINT ( 'NONE',  ( 8.000000000000000000, 16.00000000000000000, 4.625000000000000888 ) ) ;
#1629 = ORIENTED_EDGE ( 'NONE', *, *, #755, .T. ) ;
#1630 = ADVANCED_FACE ( 'NONE', ( #1809 ), #1789, .T. ) ;
#1631 = EDGE_CURVE ( 'NONE', #1382, #2141, #1189, .T. ) ;
#1632 = DIRECTION ( 'NONE',  ( 0.000000000000000000, 1.000000000000000000, -1.224646799147353207E-16 ) ) ;
#1633 = ORIENTED_EDGE ( 'NONE', *, *, #1418, .T. ) ;
#1634 = DIRECTION ( 'NONE',  ( 0.000000000000000000, 0.000000000000000000, 1.000000000000000000 ) ) ;
#1635 = DIRECTION ( 'NONE',  ( 0.000000000000000000, 0.000000000000000000, 1.000000000000000000 ) ) ;
#1636 = AXIS2_PLACEMENT_3D ( 'NONE', #2808, #70, #2248 ) ;
#1637 = ORIENTED_EDGE ( 'NONE', *, *, #3049, .F. ) ;
#1638 = CARTESIAN_POINT ( 'NONE',  ( 8.000000000000000000, 16.00000000000000355, -1.750000000000000000 ) ) ;
#1639 = DIRECTION ( 'NONE',  ( 0.000000000000000000, 0.000000000000000000, -1.000000000000000000 ) ) ;
#1640 = CARTESIAN_POINT ( 'NONE',  ( 13.00000000000000178, -16.00000000000000355, 0.000000000000000000 ) ) ;
#1641 = ORIENTED_EDGE ( 'NONE', *, *, #2425, .T. ) ;
#1642 = TOROIDAL_SURFACE ( 'NONE', #2052, 5.000000000000000888, 1.000000000000000000 ) ;
#1643 = CIRCLE ( 'NONE', #418, 1.750000000000000000 ) ;
#1644 = ADVANCED_FACE ( 'NONE', ( #716 ), #1923, .T. ) ;
#1645 = DIRECTION ( 'NONE',  ( 0.000000000000000000, -1.000000000000000000, 0.000000000000000000 ) ) ;
#1646 = CARTESIAN_POINT ( 'NONE',  ( 13.00000000000000178, 16.00000000000000355, -0.5000000000000004441 ) ) ;
#1647 = ORIENTED_EDGE ( 'NONE', *, *, #3082, .T. ) ;
#1648 = CIRCLE ( 'NONE', #61, 0.3749999999999994449 ) ;
#1649 = DIRECTION ( 'NONE',  ( 0.000000000000000000, -1.000000000000000000, 0.000000000000000000 ) ) ;
#1650 = VERTEX_POINT ( 'NONE', #1646 ) ;
#1651 = EDGE_CURVE ( 'NONE', #2722, #2159, #2370, .T. ) ;
#1652 = VECTOR ( 'NONE', #1212, 1000.000000000000000 ) ;
#1653 = CARTESIAN_POINT ( 'NONE',  ( 0.000000000000000000, 19.00000000000000000, 19.00000000000000355 ) ) ;
#1654 = VECTOR ( 'NONE', #685, 1000.000000000000000 ) ;
#1655 = ORIENTED_EDGE ( 'NONE', *, *, #76, .F. ) ;
#1656 = DIRECTION ( 'NONE',  ( -1.000000000000000000, -0.000000000000000000, -0.000000000000000000 ) ) ;
#1657 = VECTOR ( 'NONE', #276, 1000.000000000000000 ) ;
#1658 = DIRECTION ( 'NONE',  ( 0.000000000000000000, 0.000000000000000000, 1.000000000000000000 ) ) ;
#1659 = CYLINDRICAL_SURFACE ( 'NONE', #1144, 1.500000000000000444 ) ;
#1660 = AXIS2_PLACEMENT_3D ( 'NONE', #1273, #1782, #2762 ) ;
#1661 = ORIENTED_EDGE ( 'NONE', *, *, #1166, .F. ) ;
#1662 = EDGE_CURVE ( 'NONE', #2604, #105, #2829, .T. ) ;
#1663 = LINE ( 'NONE', #2435, #1609 ) ;
#1664 = CARTESIAN_POINT ( 'NONE',  ( 13.00000000000000178, 16.00000000000000355, -1.500000000000000444 ) ) ;
#1665 = DIRECTION ( 'NONE',  ( 0.000000000000000000, 0.000000000000000000, 1.000000000000000000 ) ) ;
#1666 = VERTEX_POINT ( 'NONE', #447 ) ;
#1667 = EDGE_CURVE ( 'NONE', #1587, #1572, #2216, .T. ) ;
#1668 = CARTESIAN_POINT ( 'NONE',  ( 5.000000000000000000, -8.999999999999998224, 8.999999999999998224 ) ) ;
#1669 = ORIENTED_EDGE ( 'NONE', *, *, #1944, .T. ) ;
#1670 = FACE_OUTER_BOUND ( 'NONE', #2815, .T. ) ;
#1671 = ORIENTED_EDGE ( 'NONE', *, *, #482, .T. ) ;
#1672 = CARTESIAN_POINT ( 'NONE',  ( 1.000000000000000000, 16.99999999999999645, 17.00000000000000000 ) ) ;
#1673 = ADVANCED_FACE ( 'NONE', ( #1168 ), #1428, .T. ) ;
#1674 = DIRECTION ( 'NONE',  ( 0.000000000000000000, 0.000000000000000000, 1.000000000000000000 ) ) ;
#1675 = ORIENTED_EDGE ( 'NONE', *, *, #2442, .F. ) ;
#1676 = FACE_BOUND ( 'NONE', #2559, .T. ) ;
#1677 = DIRECTION ( 'NONE',  ( -1.000000000000000000, -0.000000000000000000, -0.000000000000000000 ) ) ;
#1678 = CARTESIAN_POINT ( 'NONE',  ( 1.000000000000000000, 17.49999999999999645, 17.50000000000000000 ) ) ;
#1679 = ORIENTED_EDGE ( 'NONE', *, *, #1912, .T. ) ;
#1680 = DIRECTION ( 'NONE',  ( 0.000000000000000000, 1.224646799147353454E-16, 1.000000000000000000 ) ) ;
#1681 = ORIENTED_EDGE ( 'NONE', *, *, #1924, .F. ) ;
#1682 = DIRECTION ( 'NONE',  ( -1.000000000000000000, -0.000000000000000000, -0.000000000000000000 ) ) ;
#1683 = EDGE_CURVE ( 'NONE', #1650, #2179, #1140, .T. ) ;
#1684 = ORIENTED_EDGE ( 'NONE', *, *, #2916, .F. ) ;
#1685 = CIRCLE ( 'NONE', #1229, 1.749999999999999778 ) ;
#1686 = DIRECTION ( 'NONE',  ( -1.000000000000000000, -0.000000000000000000, -0.000000000000000000 ) ) ;
#1687 = CARTESIAN_POINT ( 'NONE',  ( 1.000000000000000000, 16.00000000000000355, 1.000000000000000000 ) ) ;
#1688 = CARTESIAN_POINT ( 'NONE',  ( 1.000000000000000000, 17.00000000000000711, -17.00000000000000000 ) ) ;
#1689 = EDGE_CURVE ( 'NONE', #1730, #2372, #682, .T. ) ;
#1690 = ADVANCED_FACE ( 'NONE', ( #1440 ), #2527, .T. ) ;
#1691 = LINE ( 'NONE', #2645, #230 ) ;
#1692 = FILL_AREA_STYLE_COLOUR ( '', #772 ) ;
#1693 =( GEOMETRIC_REPRESENTATION_CONTEXT ( 3 ) GLOBAL_UNCERTAINTY_ASSIGNED_CONTEXT ( ( #436 ) ) GLOBAL_UNIT_ASSIGNED_CONTEXT ( ( #2417, #2483, #2013 ) ) REPRESENTATION_CONTEXT ( 'NONE', 'WORKASPACE' ) );
#1694 = CARTESIAN_POINT ( 'NONE',  ( 20.00000000000000000, 0.000000000000000000, 0.000000000000000000 ) ) ;
#1695 = ORIENTED_EDGE ( 'NONE', *, *, #2733, .F. ) ;
#1696 = ORIENTED_EDGE ( 'NONE', *, *, #2948, .T. ) ;
#1697 = AXIS2_PLACEMENT_3D ( 'NONE', #2436, #1458, #2945 ) ;
#1698 = CARTESIAN_POINT ( 'NONE',  ( 8.000000000000000000, -16.00000000000000355, 1.000000000000000000 ) ) ;
#1699 = CIRCLE ( 'NONE', #2107, 1.000000000000000000 ) ;
#1700 = ORIENTED_EDGE ( 'NONE', *, *, #1521, .F. ) ;
#1701 = CIRCLE ( 'NONE', #2471, 1.750000000000001554 ) ;
#1702 = DIRECTION ( 'NONE',  ( 0.000000000000000000, 0.000000000000000000, 1.000000000000000000 ) ) ;
#1703 = ORIENTED_EDGE ( 'NONE', *, *, #801, .F. ) ;
#1704 = AXIS2_PLACEMENT_3D ( 'NONE', #2647, #203, #3088 ) ;
#1705 = EDGE_CURVE ( 'NONE', #2891, #984, #2319, .T. ) ;
#1706 = AXIS2_PLACEMENT_3D ( 'NONE', #2246, #565, #2280 ) ;
#1707 = DIRECTION ( 'NONE',  ( 1.000000000000000000, 0.000000000000000000, -0.000000000000000000 ) ) ;
#1708 = DIRECTION ( 'NONE',  ( 0.000000000000000000, 0.000000000000000000, 1.000000000000000000 ) ) ;
#1709 = EDGE_LOOP ( 'NONE', ( #75, #2821, #672, #1695 ) ) ;
#1710 = AXIS2_PLACEMENT_3D ( 'NONE', #1124, #2842, #2451 ) ;
#1711 = CARTESIAN_POINT ( 'NONE',  ( 1.000000000000000000, 16.00000000000000355, -1.000000000000000000 ) ) ;
#1712 = DIRECTION ( 'NONE',  ( -1.000000000000000000, -0.000000000000000000, -0.000000000000000000 ) ) ;
#1713 = AXIS2_PLACEMENT_3D ( 'NONE', #210, #952, #660 ) ;
#1714 = CARTESIAN_POINT ( 'NONE',  ( 8.000000000000000000, 16.00000000000000355, 1.750000000000000000 ) ) ;
#1715 = EDGE_LOOP ( 'NONE', ( #1488, #2304, #1213, #1620 ) ) ;
#1716 = ORIENTED_EDGE ( 'NONE', *, *, #2027, .F. ) ;
#1717 = CARTESIAN_POINT ( 'NONE',  ( 1.000000000000000000, 16.00000000000000355, 0.6250000000000006661 ) ) ;
#1718 = ADVANCED_FACE ( 'NONE', ( #1889, #925, #2164 ), #703, .F. ) ;
#1719 = ORIENTED_EDGE ( 'NONE', *, *, #739, .T. ) ;
#1720 = DIRECTION ( 'NONE',  ( 0.000000000000000000, 0.000000000000000000, -1.000000000000000000 ) ) ;
#1721 = EDGE_LOOP ( 'NONE', ( #621, #1022 ) ) ;
#1722 = DIRECTION ( 'NONE',  ( -1.000000000000000000, 0.000000000000000000, 0.000000000000000000 ) ) ;
#1723 = CYLINDRICAL_SURFACE ( 'NONE', #3137, 1.750000000000000000 ) ;
#1724 = EDGE_LOOP ( 'NONE', ( #3172, #2000 ) ) ;
#1725 = CARTESIAN_POINT ( 'NONE',  ( 0.000000000000000000, -17.00000000000001421, -15.75000000000002132 ) ) ;
#1726 = CARTESIAN_POINT ( 'NONE',  ( 1.000000000000000000, 19.00000000000000000, -17.49999999999999289 ) ) ;
#1727 = VERTEX_POINT ( 'NONE', #960 ) ;
#1728 = ORIENTED_EDGE ( 'NONE', *, *, #1232, .T. ) ;
#1729 = FACE_OUTER_BOUND ( 'NONE', #1621, .T. ) ;
#1730 = VERTEX_POINT ( 'NONE', #399 ) ;
#1731 = ADVANCED_FACE ( 'NONE', ( #189 ), #1937, .T. ) ;
#1732 = EDGE_CURVE ( 'NONE', #137, #629, #222, .T. ) ;
#1733 = LINE ( 'NONE', #2200, #2786 ) ;
#1734 = ORIENTED_EDGE ( 'NONE', *, *, #942, .T. ) ;
#1735 = DIRECTION ( 'NONE',  ( -1.000000000000000000, -0.000000000000000000, -0.000000000000000000 ) ) ;
#1736 = ORIENTED_EDGE ( 'NONE', *, *, #2520, .F. ) ;
#1737 = ADVANCED_FACE ( 'NONE', ( #2350 ), #1874, .T. ) ;
#1738 = DIRECTION ( 'NONE',  ( 1.000000000000000000, 0.000000000000000000, -0.000000000000000000 ) ) ;
#1739 = DIRECTION ( 'NONE',  ( 1.000000000000000000, 0.000000000000000000, 0.000000000000000000 ) ) ;
#1740 = VERTEX_POINT ( 'NONE', #655 ) ;
#1741 = CIRCLE ( 'NONE', #2565, 1.500000000000000444 ) ;
#1742 = CIRCLE ( 'NONE', #563, 0.3749999999999994449 ) ;
#1743 = DIRECTION ( 'NONE',  ( -1.000000000000000000, -0.000000000000000000, -0.000000000000000000 ) ) ;
#1744 = ORIENTED_EDGE ( 'NONE', *, *, #1283, .T. ) ;
#1745 = AXIS2_PLACEMENT_3D ( 'NONE', #2195, #462, #1971 ) ;
#1746 = DIRECTION ( 'NONE',  ( -1.000000000000000000, -0.000000000000000000, -0.000000000000000000 ) ) ;
#1747 = AXIS2_PLACEMENT_3D ( 'NONE', #2832, #636, #2595 ) ;
#1748 = VERTEX_POINT ( 'NONE', #1628 ) ;
#1749 = EDGE_CURVE ( 'NONE', #1431, #1237, #1243, .T. ) ;
#1750 = DIRECTION ( 'NONE',  ( 0.000000000000000000, 0.000000000000000000, -1.000000000000000000 ) ) ;
#1751 = AXIS2_PLACEMENT_3D ( 'NONE', #1104, #609, #623 ) ;
#1752 = VERTEX_POINT ( 'NONE', #910 ) ;
#1753 = CIRCLE ( 'NONE', #683, 0.3749999999999992228 ) ;
#1754 = CARTESIAN_POINT ( 'NONE',  ( 8.000000000000000000, -16.00000000000000355, -7.000000000000000000 ) ) ;
#1755 = CARTESIAN_POINT ( 'NONE',  ( 5.000000000000000000, 9.000000000000001776, -9.000000000000000000 ) ) ;
#1756 = VERTEX_POINT ( 'NONE', #1798 ) ;
#1757 = VECTOR ( 'NONE', #1292, 1000.000000000000000 ) ;
#1758 = ORIENTED_EDGE ( 'NONE', *, *, #182, .F. ) ;
#1759 = EDGE_CURVE ( 'NONE', #1824, #506, #2696, .T. ) ;
#1760 = VECTOR ( 'NONE', #1401, 1000.000000000000000 ) ;
#1761 = CYLINDRICAL_SURFACE ( 'NONE', #1550, 1.500000000000000444 ) ;
#1762 = ORIENTED_EDGE ( 'NONE', *, *, #699, .F. ) ;
#1763 = FACE_OUTER_BOUND ( 'NONE', #2419, .T. ) ;
#1764 = ORIENTED_EDGE ( 'NONE', *, *, #2679, .F. ) ;
#1765 = CARTESIAN_POINT ( 'NONE',  ( 8.000000000000000000, 16.00000000000000000, 5.000000000000000000 ) ) ;
#1766 = LINE ( 'NONE', #83, #2011 ) ;
#1767 = DIRECTION ( 'NONE',  ( -1.000000000000000000, -0.000000000000000000, -0.000000000000000000 ) ) ;
#1768 = ADVANCED_FACE ( 'NONE', ( #307 ), #2008, .T. ) ;
#1769 = FACE_BOUND ( 'NONE', #2450, .T. ) ;
#1770 = DIRECTION ( 'NONE',  ( 1.000000000000000000, 0.000000000000000000, 0.000000000000000000 ) ) ;
#1771 = EDGE_LOOP ( 'NONE', ( #223, #816, #653, #26 ) ) ;
#1772 = CARTESIAN_POINT ( 'NONE',  ( 9.000000000000001776, -16.00000000000000355, 0.000000000000000000 ) ) ;
#1773 = EDGE_LOOP ( 'NONE', ( #639, #114 ) ) ;
#1774 = DIRECTION ( 'NONE',  ( 0.000000000000000000, 0.000000000000000000, 1.000000000000000000 ) ) ;
#1775 = DIRECTION ( 'NONE',  ( -1.000000000000000000, -0.000000000000000000, -0.000000000000000000 ) ) ;
#1776 = EDGE_LOOP ( 'NONE', ( #2859, #1509, #599, #60 ) ) ;
#1777 = ADVANCED_FACE ( 'NONE', ( #1780 ), #325, .T. ) ;
#1778 = EDGE_CURVE ( 'NONE', #2044, #2151, #2935, .T. ) ;
#1779 = CARTESIAN_POINT ( 'NONE',  ( 9.000000000000001776, 16.00000000000000355, 7.500000000000000888 ) ) ;
#1780 = FACE_OUTER_BOUND ( 'NONE', #2057, .T. ) ;
#1781 = DIRECTION ( 'NONE',  ( 0.000000000000000000, 0.000000000000000000, -1.000000000000000000 ) ) ;
#1782 = DIRECTION ( 'NONE',  ( -1.000000000000000000, -0.000000000000000000, 0.000000000000000000 ) ) ;
#1783 = FACE_OUTER_BOUND ( 'NONE', #2232, .T. ) ;
#1784 = CARTESIAN_POINT ( 'NONE',  ( 8.000000000000000000, -16.00000000000000355, 4.250000000000000000 ) ) ;
#1785 = ORIENTED_EDGE ( 'NONE', *, *, #84, .F. ) ;
#1786 = EDGE_CURVE ( 'NONE', #2148, #2698, #163, .T. ) ;
#1787 = AXIS2_PLACEMENT_3D ( 'NONE', #1981, #524, #2692 ) ;
#1788 = VECTOR ( 'NONE', #1608, 1000.000000000000000 ) ;
#1789 = PLANE ( 'NONE',  #2576 ) ;
#1790 = EDGE_LOOP ( 'NONE', ( #2648, #974 ) ) ;
#1791 = AXIS2_PLACEMENT_3D ( 'NONE', #1350, #2278, #2770 ) ;
#1792 = DIRECTION ( 'NONE',  ( 0.000000000000000000, 0.000000000000000000, -1.000000000000000000 ) ) ;
#1793 = CARTESIAN_POINT ( 'NONE',  ( 13.00000000000000178, -16.00000000000000355, 7.500000000000000888 ) ) ;
#1794 = CARTESIAN_POINT ( 'NONE',  ( 8.000000000000000000, 16.00000000000000355, -7.000000000000000000 ) ) ;
#1795 = MECHANICAL_DESIGN_GEOMETRIC_PRESENTATION_REPRESENTATION (  '', ( #2513 ), #1693 ) ;
#1796 = EDGE_LOOP ( 'NONE', ( #319, #692 ) ) ;
#1797 = VECTOR ( 'NONE', #1722, 1000.000000000000000 ) ;
#1798 = CARTESIAN_POINT ( 'NONE',  ( 1.000000000000000000, 16.00000000000000355, 6.625000000000000888 ) ) ;
#1799 = EDGE_CURVE ( 'NONE', #1252, #1824, #2759, .T. ) ;
#1800 = DIRECTION ( 'NONE',  ( 0.000000000000000000, 0.000000000000000000, -1.000000000000000000 ) ) ;
#1801 = VECTOR ( 'NONE', #756, 1000.000000000000000 ) ;
#1802 = AXIS2_PLACEMENT_3D ( 'NONE', #2405, #1179, #2909 ) ;
#1803 = CARTESIAN_POINT ( 'NONE',  ( 9.000000000000001776, -16.00000000000000355, 0.000000000000000000 ) ) ;
#1804 = DIRECTION ( 'NONE',  ( -1.000000000000000000, -0.000000000000000000, 0.000000000000000000 ) ) ;
#1805 = CARTESIAN_POINT ( 'NONE',  ( 0.000000000000000000, 16.99999999999999645, 15.75000000000000000 ) ) ;
#1806 = ORIENTED_EDGE ( 'NONE', *, *, #2589, .F. ) ;
#1807 = AXIS2_PLACEMENT_3D ( 'NONE', #3042, #1096, #1635 ) ;
#1808 = AXIS2_PLACEMENT_3D ( 'NONE', #1102, #607, #1068 ) ;
#1809 = FACE_OUTER_BOUND ( 'NONE', #1724, .T. ) ;
#1810 = ORIENTED_EDGE ( 'NONE', *, *, #41, .F. ) ;
#1811 = AXIS2_PLACEMENT_3D ( 'NONE', #915, #3156, #1929 ) ;
#1812 = DIRECTION ( 'NONE',  ( -1.000000000000000000, -0.000000000000000000, 0.000000000000000000 ) ) ;
#1813 = CARTESIAN_POINT ( 'NONE',  ( 9.000000000000001776, 16.00000000000000355, 6.000000000000000000 ) ) ;
#1814 = ADVANCED_FACE ( 'NONE', ( #2927 ), #1050, .T. ) ;
#1815 = DIRECTION ( 'NONE',  ( -0.000000000000000000, 0.000000000000000000, 1.000000000000000000 ) ) ;
#1816 = AXIS2_PLACEMENT_3D ( 'NONE', #1754, #797, #52 ) ;
#1817 = ORIENTED_EDGE ( 'NONE', *, *, #2357, .T. ) ;
#1818 = DIRECTION ( 'NONE',  ( 0.000000000000000000, 0.000000000000000000, 1.000000000000000000 ) ) ;
#1819 = ORIENTED_EDGE ( 'NONE', *, *, #3141, .T. ) ;
#1820 = DIRECTION ( 'NONE',  ( 1.000000000000000000, 0.000000000000000000, 0.000000000000000000 ) ) ;
#1821 = CARTESIAN_POINT ( 'NONE',  ( 12.00000000000000000, 16.00000000000000355, 0.5000000000000004441 ) ) ;
#1822 = DIRECTION ( 'NONE',  ( 0.000000000000000000, 0.000000000000000000, 1.000000000000000000 ) ) ;
#1823 = DIRECTION ( 'NONE',  ( 0.000000000000000000, 0.000000000000000000, 1.000000000000000000 ) ) ;
#1824 = VERTEX_POINT ( 'NONE', #842 ) ;
#1825 = DIRECTION ( 'NONE',  ( 0.000000000000000000, -1.000000000000000000, 0.000000000000000000 ) ) ;
#1826 = VERTEX_POINT ( 'NONE', #793 ) ;
#1827 = DIRECTION ( 'NONE',  ( -1.000000000000000000, -0.000000000000000000, -0.000000000000000000 ) ) ;
#1828 = FACE_OUTER_BOUND ( 'NONE', #1268, .T. ) ;
#1829 = EDGE_LOOP ( 'NONE', ( #2571, #2275 ) ) ;
#1830 = EDGE_CURVE ( 'NONE', #1357, #43, #1766, .T. ) ;
#1831 = EDGE_CURVE ( 'NONE', #1154, #2096, #1040, .T. ) ;
#1832 = FACE_OUTER_BOUND ( 'NONE', #2486, .T. ) ;
#1833 = ORIENTED_EDGE ( 'NONE', *, *, #2553, .T. ) ;
#1834 = DIRECTION ( 'NONE',  ( 0.000000000000000000, 0.000000000000000000, 1.000000000000000000 ) ) ;
#1835 =( NAMED_UNIT ( * ) PLANE_ANGLE_UNIT ( ) SI_UNIT ( $, .RADIAN. ) );
#1836 = DIRECTION ( 'NONE',  ( 1.000000000000000000, 0.000000000000000000, 0.000000000000000000 ) ) ;
#1837 = DIRECTION ( 'NONE',  ( -1.000000000000000000, -0.000000000000000000, -0.000000000000000000 ) ) ;
#1838 = VERTEX_POINT ( 'NONE', #1714 ) ;
#1839 = CARTESIAN_POINT ( 'NONE',  ( 1.000000000000000000, -17.00000000000001421, -18.25000000000002487 ) ) ;
#1840 = ORIENTED_EDGE ( 'NONE', *, *, #1982, .T. ) ;
#1841 = EDGE_CURVE ( 'NONE', #343, #2604, #1542, .T. ) ;
#1842 = CYLINDRICAL_SURFACE ( 'NONE', #209, 1.250000000000001110 ) ;
#1843 = DIRECTION ( 'NONE',  ( 0.000000000000000000, -1.826024711554533913E-16, 1.000000000000000000 ) ) ;
#1844 = ORIENTED_EDGE ( 'NONE', *, *, #2068, .T. ) ;
#1845 = VECTOR ( 'NONE', #2642, 1000.000000000000000 ) ;
#1846 = CARTESIAN_POINT ( 'NONE',  ( 8.000000000000000000, -16.00000000000000355, -7.000000000000000000 ) ) ;
#1847 = EDGE_CURVE ( 'NONE', #856, #2497, #1528, .T. ) ;
#1848 = ORIENTED_EDGE ( 'NONE', *, *, #1847, .F. ) ;
#1849 = DIRECTION ( 'NONE',  ( -1.000000000000000000, -0.000000000000000000, -0.000000000000000000 ) ) ;
#1850 = DIRECTION ( 'NONE',  ( -1.000000000000000000, -0.000000000000000000, -0.000000000000000000 ) ) ;
#1851 = DIRECTION ( 'NONE',  ( 0.000000000000000000, 0.000000000000000000, -1.000000000000000000 ) ) ;
#1852 = EDGE_CURVE ( 'NONE', #419, #962, #3085, .T. ) ;
#1853 = CARTESIAN_POINT ( 'NONE',  ( 1.000000000000000000, 16.99999999999999645, 18.25000000000000355 ) ) ;
#1854 = VERTEX_POINT ( 'NONE', #2775 ) ;
#1855 = VECTOR ( 'NONE', #2150, 1000.000000000000000 ) ;
#1856 = DIRECTION ( 'NONE',  ( 0.000000000000000000, 0.000000000000000000, -1.000000000000000000 ) ) ;
#1857 = CIRCLE ( 'NONE', #576, 1.500000000000000444 ) ;
#1858 = VERTEX_POINT ( 'NONE', #2263 ) ;
#1859 = VECTOR ( 'NONE', #1402, 1000.000000000000000 ) ;
#1860 = CARTESIAN_POINT ( 'NONE',  ( 8.000000000000000000, 16.00000000000000000, 5.000000000000000000 ) ) ;
#1861 = ORIENTED_EDGE ( 'NONE', *, *, #3153, .T. ) ;
#1862 = AXIS2_PLACEMENT_3D ( 'NONE', #334, #1837, #2578 ) ;
#1863 = CIRCLE ( 'NONE', #2323, 1.500000000000000444 ) ;
#1864 = CARTESIAN_POINT ( 'NONE',  ( 13.00000000000000178, 16.00000000000000355, -7.500000000000001776 ) ) ;
#1865 = VERTEX_POINT ( 'NONE', #2999 ) ;
#1866 = CARTESIAN_POINT ( 'NONE',  ( 1.000000000000000000, 16.00000000000000355, -0.6250000000000006661 ) ) ;
#1867 = AXIS2_PLACEMENT_3D ( 'NONE', #2030, #86, #1066 ) ;
#1868 = DIRECTION ( 'NONE',  ( -1.000000000000000000, -0.000000000000000000, 0.000000000000000000 ) ) ;
#1869 = DIRECTION ( 'NONE',  ( 0.000000000000000000, 0.000000000000000000, 1.000000000000000000 ) ) ;
#1870 = CARTESIAN_POINT ( 'NONE',  ( 8.000000000000000000, 16.00000000000000355, -1.374999999999999334 ) ) ;
#1871 = ORIENTED_EDGE ( 'NONE', *, *, #1481, .F. ) ;
#1872 = EDGE_CURVE ( 'NONE', #1666, #1854, #1911, .T. ) ;
#1873 = CARTESIAN_POINT ( 'NONE',  ( 8.000000000000000000, -16.00000000000000355, -1.374999999999999556 ) ) ;
#1874 = CYLINDRICAL_SURFACE ( 'NONE', #1600, 1.500000000000001332 ) ;
#1875 = ORIENTED_EDGE ( 'NONE', *, *, #968, .F. ) ;
#1876 = PRODUCT_DEFINITION_FORMATION_WITH_SPECIFIED_SOURCE ( 'ANY', '', #2845, .NOT_KNOWN. ) ;
#1877 = CARTESIAN_POINT ( 'NONE',  ( 8.000000000000000000, 16.00000000000000355, -6.000000000000000888 ) ) ;
#1878 = ORIENTED_EDGE ( 'NONE', *, *, #3159, .T. ) ;
#1879 = CARTESIAN_POINT ( 'NONE',  ( 8.000000000000000000, -16.00000000000000355, -0.6250000000000007772 ) ) ;
#1880 = CARTESIAN_POINT ( 'NONE',  ( 9.000000000000001776, -16.00000000000000355, -1.500000000000000444 ) ) ;
#1881 = ORIENTED_EDGE ( 'NONE', *, *, #1360, .F. ) ;
#1882 = DIRECTION ( 'NONE',  ( 0.000000000000000000, 0.000000000000000000, 1.000000000000000000 ) ) ;
#1883 = EDGE_CURVE ( 'NONE', #765, #2713, #1062, .T. ) ;
#1884 = CYLINDRICAL_SURFACE ( 'NONE', #175, 0.3749999999999994449 ) ;
#1885 = DIRECTION ( 'NONE',  ( -1.000000000000000000, 0.000000000000000000, -0.000000000000000000 ) ) ;
#1886 = FACE_OUTER_BOUND ( 'NONE', #1715, .T. ) ;
#1887 = ORIENTED_EDGE ( 'NONE', *, *, #2055, .F. ) ;
#1888 = DIRECTION ( 'NONE',  ( -1.000000000000000000, -0.000000000000000000, -0.000000000000000000 ) ) ;
#1889 = FACE_OUTER_BOUND ( 'NONE', #2710, .T. ) ;
#1890 = EDGE_CURVE ( 'NONE', #1854, #1666, #2776, .T. ) ;
#1891 = EDGE_LOOP ( 'NONE', ( #799, #1279 ) ) ;
#1892 = AXIS2_PLACEMENT_3D ( 'NONE', #2461, #2943, #1209 ) ;
#1893 = CARTESIAN_POINT ( 'NONE',  ( 0.000000000000000000, -19.00000000000000000, -19.00000000000000000 ) ) ;
#1894 = EDGE_LOOP ( 'NONE', ( #1581, #1928, #3015, #11 ) ) ;
#1895 = CARTESIAN_POINT ( 'NONE',  ( 1.000000000000000000, 8.673617379884037444E-16, -9.000000000000001776 ) ) ;
#1896 = EDGE_LOOP ( 'NONE', ( #2552, #1105, #1399, #518 ) ) ;
#1897 = LINE ( 'NONE', #2844, #2813 ) ;
#1898 = AXIS2_PLACEMENT_3D ( 'NONE', #2209, #1178, #2881 ) ;
#1899 = FACE_OUTER_BOUND ( 'NONE', #2606, .T. ) ;
#1900 = CARTESIAN_POINT ( 'NONE',  ( 13.00000000000000178, 16.00000000000000355, 7.500000000000000888 ) ) ;
#1901 = ORIENTED_EDGE ( 'NONE', *, *, #2498, .F. ) ;
#1902 = AXIS2_PLACEMENT_3D ( 'NONE', #2646, #2695, #924 ) ;
#1903 = AXIS2_PLACEMENT_3D ( 'NONE', #859, #2364, #133 ) ;
#1904 = CARTESIAN_POINT ( 'NONE',  ( 1.000000000000000000, -16.00000000000000355, -5.375000000000000000 ) ) ;
#1905 = CARTESIAN_POINT ( 'NONE',  ( 13.00000000000000178, -16.00000000000000355, 6.000000000000000000 ) ) ;
#1906 = CARTESIAN_POINT ( 'NONE',  ( 1.000000000000000000, -17.49999999999999645, -17.49999999999999645 ) ) ;
#1907 = ORIENTED_EDGE ( 'NONE', *, *, #3118, .F. ) ;
#1908 = AXIS2_PLACEMENT_3D ( 'NONE', #2933, #1743, #1477 ) ;
#1909 = CARTESIAN_POINT ( 'NONE',  ( 1.000000000000000000, 17.00000000000000711, -18.25000000000000355 ) ) ;
#1910 = ORIENTED_EDGE ( 'NONE', *, *, #600, .T. ) ;
#1911 = CIRCLE ( 'NONE', #2371, 1.249999999999997558 ) ;
#1912 = EDGE_CURVE ( 'NONE', #2286, #1395, #2835, .T. ) ;
#1913 = DIRECTION ( 'NONE',  ( -1.000000000000000000, -0.000000000000000000, -0.000000000000000000 ) ) ;
#1914 = CIRCLE ( 'NONE', #2582, 1.750000000000001554 ) ;
#1915 = ORIENTED_EDGE ( 'NONE', *, *, #176, .F. ) ;
#1916 = CIRCLE ( 'NONE', #536, 0.3749999999999992228 ) ;
#1917 = CARTESIAN_POINT ( 'NONE',  ( 12.00000000000000000, 16.00000000000000355, 0.000000000000000000 ) ) ;
#1918 = FACE_OUTER_BOUND ( 'NONE', #2929, .T. ) ;
#1919 = AXIS2_PLACEMENT_3D ( 'NONE', #2736, #1738, #1083 ) ;
#1920 = ORIENTED_EDGE ( 'NONE', *, *, #2156, .T. ) ;
#1921 = DIRECTION ( 'NONE',  ( -1.000000000000000000, -0.000000000000000000, 0.000000000000000000 ) ) ;
#1922 = PRESENTATION_STYLE_ASSIGNMENT (( #944 ) ) ;
#1923 = CYLINDRICAL_SURFACE ( 'NONE', #1704, 1.749999999999999778 ) ;
#1924 = EDGE_CURVE ( 'NONE', #1181, #2715, #13, .T. ) ;
#1925 = ORIENTED_EDGE ( 'NONE', *, *, #2679, .T. ) ;
#1926 = EDGE_CURVE ( 'NONE', #2115, #2834, #270, .T. ) ;
#1927 = CARTESIAN_POINT ( 'NONE',  ( 13.00000000000000178, 16.00000000000000355, 6.000000000000000000 ) ) ;
#1928 = ORIENTED_EDGE ( 'NONE', *, *, #2386, .F. ) ;
#1929 = DIRECTION ( 'NONE',  ( 0.000000000000000000, 0.000000000000000000, -1.000000000000000000 ) ) ;
#1930 = EDGE_LOOP ( 'NONE', ( #697, #2452 ) ) ;
#1931 = EDGE_CURVE ( 'NONE', #721, #2635, #158, .T. ) ;
#1932 = EDGE_CURVE ( 'NONE', #1321, #3155, #1400, .T. ) ;
#1933 = CARTESIAN_POINT ( 'NONE',  ( 8.000000000000000000, 16.00000000000000355, 7.000000000000000000 ) ) ;
#1934 = DIRECTION ( 'NONE',  ( 1.000000000000000000, 0.000000000000000000, 0.000000000000000000 ) ) ;
#1935 = DIRECTION ( 'NONE',  ( 0.000000000000000000, 0.000000000000000000, -1.000000000000000000 ) ) ;
#1936 = DIRECTION ( 'NONE',  ( 0.000000000000000000, 0.000000000000000000, 1.000000000000000000 ) ) ;
#1937 = CYLINDRICAL_SURFACE ( 'NONE', #2632, 6.000000000000000888 ) ;
#1938 = ORIENTED_EDGE ( 'NONE', *, *, #2827, .F. ) ;
#1939 = ORIENTED_EDGE ( 'NONE', *, *, #1830, .T. ) ;
#1940 = DIRECTION ( 'NONE',  ( 1.000000000000000000, 0.000000000000000000, 0.000000000000000000 ) ) ;
#1941 = ORIENTED_EDGE ( 'NONE', *, *, #1221, .T. ) ;
#1942 = CARTESIAN_POINT ( 'NONE',  ( 9.000000000000001776, -16.00000000000000355, 1.750000000000000000 ) ) ;
#1943 = ORIENTED_EDGE ( 'NONE', *, *, #1502, .T. ) ;
#1944 = EDGE_CURVE ( 'NONE', #2532, #356, #2221, .T. ) ;
#1945 = CIRCLE ( 'NONE', #2917, 1.000000000000000000 ) ;
#1946 = CARTESIAN_POINT ( 'NONE',  ( 1.000000000000000000, -16.00000000000000355, 7.000000000000000000 ) ) ;
#1947 = CARTESIAN_POINT ( 'NONE',  ( 0.000000000000000000, 0.000000000000000000, 0.000000000000000000 ) ) ;
#1948 = ORIENTED_EDGE ( 'NONE', *, *, #2820, .T. ) ;
#1949 = AXIS2_PLACEMENT_3D ( 'NONE', #1813, #2324, #2050 ) ;
#1950 = ADVANCED_FACE ( 'NONE', ( #1832 ), #427, .T. ) ;
#1951 = DIRECTION ( 'NONE',  ( 0.000000000000000000, 0.000000000000000000, -1.000000000000000000 ) ) ;
#1952 = DIRECTION ( 'NONE',  ( 1.000000000000000000, 0.000000000000000000, 0.000000000000000000 ) ) ;
#1953 = AXIS2_PLACEMENT_3D ( 'NONE', #1037, #1486, #1274 ) ;
#1954 = CARTESIAN_POINT ( 'NONE',  ( 13.00000000000000178, -16.00000000000000355, 0.000000000000000000 ) ) ;
#1955 = ORIENTED_EDGE ( 'NONE', *, *, #2402, .F. ) ;
#1956 = ORIENTED_EDGE ( 'NONE', *, *, #522, .T. ) ;
#1957 = AXIS2_PLACEMENT_3D ( 'NONE', #2385, #184, #1162 ) ;
#1958 = DIRECTION ( 'NONE',  ( 1.000000000000000000, 0.000000000000000000, 0.000000000000000000 ) ) ;
#1959 = AXIS2_PLACEMENT_3D ( 'NONE', #1619, #1843, #2099 ) ;
#1960 = ORIENTED_EDGE ( 'NONE', *, *, #487, .F. ) ;
#1961 = AXIS2_PLACEMENT_3D ( 'NONE', #2241, #800, #1976 ) ;
#1962 = FACE_OUTER_BOUND ( 'NONE', #1391, .T. ) ;
#1963 = ORIENTED_EDGE ( 'NONE', *, *, #1147, .F. ) ;
#1964 = VECTOR ( 'NONE', #2026, 1000.000000000000000 ) ;
#1965 = AXIS2_PLACEMENT_3D ( 'NONE', #946, #2613, #2133 ) ;
#1966 = PLANE ( 'NONE',  #730 ) ;
#1967 = FACE_BOUND ( 'NONE', #2197, .T. ) ;
#1968 = ORIENTED_EDGE ( 'NONE', *, *, #640, .T. ) ;
#1969 = AXIS2_PLACEMENT_3D ( 'NONE', #2144, #2656, #1674 ) ;
#1970 = CARTESIAN_POINT ( 'NONE',  ( 8.000000000000000000, 16.00000000000000000, 4.625000000000000888 ) ) ;
#1971 = DIRECTION ( 'NONE',  ( 0.000000000000000000, 0.000000000000000000, -1.000000000000000000 ) ) ;
#1972 = VECTOR ( 'NONE', #1537, 1000.000000000000000 ) ;
#1973 = ORIENTED_EDGE ( 'NONE', *, *, #3141, .F. ) ;
#1974 = EDGE_CURVE ( 'NONE', #2044, #764, #2140, .T. ) ;
#1975 = ADVANCED_FACE ( 'NONE', ( #404, #1586, #2620 ), #2573, .T. ) ;
#1976 = DIRECTION ( 'NONE',  ( 0.000000000000000000, -0.000000000000000000, 1.000000000000000000 ) ) ;
#1977 = ORIENTED_EDGE ( 'NONE', *, *, #2267, .F. ) ;
#1978 = DIRECTION ( 'NONE',  ( 1.000000000000000000, 0.000000000000000000, 0.000000000000000000 ) ) ;
#1979 = ORIENTED_EDGE ( 'NONE', *, *, #2654, .F. ) ;
#1980 = CYLINDRICAL_SURFACE ( 'NONE', #1186, 0.3749999999999994449 ) ;
#1981 = CARTESIAN_POINT ( 'NONE',  ( 8.000000000000000000, -16.00000000000000355, 6.000000000000000000 ) ) ;
#1982 = EDGE_CURVE ( 'NONE', #2974, #148, #1753, .T. ) ;
#1983 = DIRECTION ( 'NONE',  ( 0.000000000000000000, 0.000000000000000000, -1.000000000000000000 ) ) ;
#1984 = CARTESIAN_POINT ( 'NONE',  ( 9.000000000000001776, -16.00000000000000355, -4.500000000000000888 ) ) ;
#1985 = ORIENTED_EDGE ( 'NONE', *, *, #1263, .T. ) ;
#1986 = EDGE_LOOP ( 'NONE', ( #1379, #754, #821, #2154 ) ) ;
#1987 = EDGE_CURVE ( 'NONE', #171, #3167, #2476, .T. ) ;
#1988 = CARTESIAN_POINT ( 'NONE',  ( 12.00000000000000000, -16.00000000000000355, -6.000000000000000888 ) ) ;
#1989 = EDGE_LOOP ( 'NONE', ( #2913, #2978 ) ) ;
#1990 = CARTESIAN_POINT ( 'NONE',  ( 1.000000000000000000, 19.00000000000000000, 17.49999999999999645 ) ) ;
#1991 = ORIENTED_EDGE ( 'NONE', *, *, #361, .T. ) ;
#1992 = LINE ( 'NONE', #1286, #1797 ) ;
#1993 = ORIENTED_EDGE ( 'NONE', *, *, #451, .F. ) ;
#1994 = FACE_BOUND ( 'NONE', #2360, .T. ) ;
#1995 = DIRECTION ( 'NONE',  ( -1.000000000000000000, -0.000000000000000000, -0.000000000000000000 ) ) ;
#1996 = VERTEX_POINT ( 'NONE', #1880 ) ;
#1997 = ORIENTED_EDGE ( 'NONE', *, *, #2850, .T. ) ;
#1998 = AXIS2_PLACEMENT_3D ( 'NONE', #345, #2560, #1800 ) ;
#1999 = DIRECTION ( 'NONE',  ( 0.000000000000000000, 0.000000000000000000, 1.000000000000000000 ) ) ;
#2000 = ORIENTED_EDGE ( 'NONE', *, *, #1064, .T. ) ;
#2001 = VECTOR ( 'NONE', #511, 1000.000000000000000 ) ;
#2002 = LINE ( 'NONE', #1990, #18 ) ;
#2003 = AXIS2_PLACEMENT_3D ( 'NONE', #2176, #1469, #3145 ) ;
#2004 = ORIENTED_EDGE ( 'NONE', *, *, #1759, .T. ) ;
#2005 = EDGE_CURVE ( 'NONE', #2444, #2751, #1335, .T. ) ;
#2006 = CIRCLE ( 'NONE', #627, 1.000000000000000000 ) ;
#2007 = DIRECTION ( 'NONE',  ( 0.000000000000000000, -9.637352644315595243E-17, 1.000000000000000000 ) ) ;
#2008 = CYLINDRICAL_SURFACE ( 'NONE', #578, 1.749999999999999778 ) ;
#2009 = CIRCLE ( 'NONE', #110, 0.3749999999999994449 ) ;
#2010 = DIRECTION ( 'NONE',  ( 0.000000000000000000, 0.000000000000000000, -1.000000000000000000 ) ) ;
#2011 = VECTOR ( 'NONE', #295, 1000.000000000000000 ) ;
#2012 = CYLINDRICAL_SURFACE ( 'NONE', #1816, 0.3749999999999960032 ) ;
#2013 =( NAMED_UNIT ( * ) SI_UNIT ( $, .STERADIAN. ) SOLID_ANGLE_UNIT ( ) );
#2014 = AXIS2_PLACEMENT_3D ( 'NONE', #1578, #134, #1823 ) ;
#2015 = ORIENTED_EDGE ( 'NONE', *, *, #2136, .F. ) ;
#2016 = CIRCLE ( 'NONE', #1359, 0.3749999999999994449 ) ;
#2017 = EDGE_CURVE ( 'NONE', #430, #82, #1110, .T. ) ;
#2018 = CARTESIAN_POINT ( 'NONE',  ( 12.00000000000000000, 16.00000000000000355, -1.500000000000000444 ) ) ;
#2019 = EDGE_LOOP ( 'NONE', ( #2785, #397, #1512, #488 ) ) ;
#2020 = CIRCLE ( 'NONE', #3143, 0.3749999999999994449 ) ;
#2021 = ADVANCED_FACE ( 'NONE', ( #2380 ), #1158, .T. ) ;
#2022 = DIRECTION ( 'NONE',  ( 0.000000000000000000, 0.000000000000000000, -1.000000000000000000 ) ) ;
#2023 = LINE ( 'NONE', #107, #2669 ) ;
#2024 = ORIENTED_EDGE ( 'NONE', *, *, #3057, .F. ) ;
#2025 = CARTESIAN_POINT ( 'NONE',  ( 9.000000000000001776, -16.00000000000000355, -1.750000000000000000 ) ) ;
#2026 = DIRECTION ( 'NONE',  ( 0.000000000000000000, 1.000000000000000000, 9.637352644315595243E-17 ) ) ;
#2027 = EDGE_CURVE ( 'NONE', #105, #587, #2590, .T. ) ;
#2028 = EDGE_CURVE ( 'NONE', #1326, #1385, #1190, .T. ) ;
#2029 = CARTESIAN_POINT ( 'NONE',  ( 1.000000000000000000, 17.49999999999999645, 19.00000000000000355 ) ) ;
#2030 = CARTESIAN_POINT ( 'NONE',  ( 8.000000000000000000, -16.00000000000000355, 1.000000000000000000 ) ) ;
#2031 = DIRECTION ( 'NONE',  ( 0.000000000000000000, 0.000000000000000000, -1.000000000000000000 ) ) ;
#2032 = CARTESIAN_POINT ( 'NONE',  ( 13.00000000000000178, -16.00000000000000355, -4.500000000000000888 ) ) ;
#2033 = ORIENTED_EDGE ( 'NONE', *, *, #2442, .T. ) ;
#2034 = DIRECTION ( 'NONE',  ( 0.000000000000000000, 0.000000000000000000, -1.000000000000000000 ) ) ;
#2035 = ORIENTED_EDGE ( 'NONE', *, *, #2055, .T. ) ;
#2036 = CARTESIAN_POINT ( 'NONE',  ( 1.000000000000000000, -16.00000000000000355, 1.000000000000000000 ) ) ;
#2037 = CARTESIAN_POINT ( 'NONE',  ( 13.00000000000000178, 16.00000000000000355, 6.000000000000000000 ) ) ;
#2038 = EDGE_LOOP ( 'NONE', ( #1005, #177, #2220, #390 ) ) ;
#2039 = DIRECTION ( 'NONE',  ( -1.000000000000000000, -0.000000000000000000, -0.000000000000000000 ) ) ;
#2040 = DIRECTION ( 'NONE',  ( 1.000000000000000000, -0.000000000000000000, -0.000000000000000000 ) ) ;
#2041 = DIRECTION ( 'NONE',  ( 1.000000000000000000, 0.000000000000000000, 0.000000000000000000 ) ) ;
#2042 = DIRECTION ( 'NONE',  ( 1.000000000000000000, 0.000000000000000000, 0.000000000000000000 ) ) ;
#2043 = DIRECTION ( 'NONE',  ( -1.000000000000000000, -0.000000000000000000, -0.000000000000000000 ) ) ;
#2044 = VERTEX_POINT ( 'NONE', #2823 ) ;
#2045 = EDGE_CURVE ( 'NONE', #629, #610, #631, .T. ) ;
#2046 = CARTESIAN_POINT ( 'NONE',  ( 9.000000000000001776, 16.00000000000000355, 6.000000000000000000 ) ) ;
#2047 = VERTEX_POINT ( 'NONE', #1372 ) ;
#2048 = AXIS2_PLACEMENT_3D ( 'NONE', #2037, #1538, #3022 ) ;
#2049 = CARTESIAN_POINT ( 'NONE',  ( 12.00000000000000000, 16.00000000000000355, -6.000000000000000888 ) ) ;
#2050 = DIRECTION ( 'NONE',  ( 0.000000000000000000, 0.000000000000000000, 1.000000000000000000 ) ) ;
#2051 = CARTESIAN_POINT ( 'NONE',  ( 1.000000000000000000, -16.00000000000000355, 0.6250000000000006661 ) ) ;
#2052 = AXIS2_PLACEMENT_3D ( 'NONE', #2548, #2333, #1084 ) ;
#2053 = ORIENTED_EDGE ( 'NONE', *, *, #2581, .F. ) ;
#2054 = AXIS2_PLACEMENT_3D ( 'NONE', #2561, #1565, #1851 ) ;
#2055 = EDGE_CURVE ( 'NONE', #2047, #2902, #2174, .T. ) ;
#2056 = DIRECTION ( 'NONE',  ( 0.000000000000000000, 0.000000000000000000, 1.000000000000000000 ) ) ;
#2057 = EDGE_LOOP ( 'NONE', ( #2294, #500, #512, #458 ) ) ;
#2058 = CYLINDRICAL_SURFACE ( 'NONE', #922, 0.3749999999999994449 ) ;
#2059 = AXIS2_PLACEMENT_3D ( 'NONE', #1394, #1381, #2882 ) ;
#2060 = CARTESIAN_POINT ( 'NONE',  ( 5.000000000000000000, 9.000000000000001776, 9.000000000000000000 ) ) ;
#2061 = CARTESIAN_POINT ( 'NONE',  ( 0.000000000000000000, 19.00000000000000000, 17.49999999999999645 ) ) ;
#2062 = CARTESIAN_POINT ( 'NONE',  ( 1.000000000000000000, 16.00000000000000355, 1.374999999999999556 ) ) ;
#2063 = ORIENTED_EDGE ( 'NONE', *, *, #1344, .F. ) ;
#2064 = VECTOR ( 'NONE', #2329, 1000.000000000000000 ) ;
#2065 = VECTOR ( 'NONE', #2643, 1000.000000000000000 ) ;
#2066 = FACE_OUTER_BOUND ( 'NONE', #492, .T. ) ;
#2067 = EDGE_CURVE ( 'NONE', #2240, #1824, #2973, .T. ) ;
#2068 = EDGE_CURVE ( 'NONE', #632, #392, #431, .T. ) ;
#2069 = EDGE_LOOP ( 'NONE', ( #2711, #2795, #2229, #1363, #3, #435, #403, #2082 ) ) ;
#2070 = AXIS2_PLACEMENT_3D ( 'NONE', #2349, #2790, #2865 ) ;
#2071 = DIRECTION ( 'NONE',  ( -1.000000000000000000, -0.000000000000000000, -0.000000000000000000 ) ) ;
#2072 = DIRECTION ( 'NONE',  ( 0.000000000000000000, 0.000000000000000000, 1.000000000000000000 ) ) ;
#2073 = AXIS2_PLACEMENT_3D ( 'NONE', #1457, #2227, #2955 ) ;
#2074 = ORIENTED_EDGE ( 'NONE', *, *, #2542, .F. ) ;
#2075 = EDGE_LOOP ( 'NONE', ( #874, #2894 ) ) ;
#2076 = DIRECTION ( 'NONE',  ( 1.000000000000000000, 0.000000000000000000, 0.000000000000000000 ) ) ;
#2077 = EDGE_CURVE ( 'NONE', #19, #100, #1594, .T. ) ;
#2078 = CARTESIAN_POINT ( 'NONE',  ( 8.000000000000000000, 16.00000000000000355, -6.625000000000004441 ) ) ;
#2079 = CARTESIAN_POINT ( 'NONE',  ( 1.000000000000000000, 16.99999999999999645, 15.75000000000000000 ) ) ;
#2080 = VERTEX_POINT ( 'NONE', #3033 ) ;
#2081 = CYLINDRICAL_SURFACE ( 'NONE', #162, 1.749999999999999778 ) ;
#2082 = ORIENTED_EDGE ( 'NONE', *, *, #879, .T. ) ;
#2083 = EDGE_CURVE ( 'NONE', #3029, #529, #2374, .T. ) ;
#2084 = CARTESIAN_POINT ( 'NONE',  ( 8.000000000000000000, 16.00000000000000355, 1.000000000000000000 ) ) ;
#2085 = CARTESIAN_POINT ( 'NONE',  ( 1.000000000000000000, 17.49999999999999645, -17.49999999999999289 ) ) ;
#2086 = ORIENTED_EDGE ( 'NONE', *, *, #1924, .T. ) ;
#2087 = EDGE_CURVE ( 'NONE', #1752, #926, #2731, .T. ) ;
#2088 = DIRECTION ( 'NONE',  ( -1.000000000000000000, -0.000000000000000000, -0.000000000000000000 ) ) ;
#2089 = ORIENTED_EDGE ( 'NONE', *, *, #374, .F. ) ;
#2090 = CARTESIAN_POINT ( 'NONE',  ( 1.000000000000000000, 17.49999999999999645, -17.49999999999999289 ) ) ;
#2091 = DIRECTION ( 'NONE',  ( 0.000000000000000000, 0.000000000000000000, 1.000000000000000000 ) ) ;
#2092 = CARTESIAN_POINT ( 'NONE',  ( 13.00000000000000178, -16.00000000000000355, 6.500000000000000888 ) ) ;
#2093 = CARTESIAN_POINT ( 'NONE',  ( 9.000000000000001776, -16.00000000000000355, -4.250000000000000888 ) ) ;
#2094 = ORIENTED_EDGE ( 'NONE', *, *, #233, .T. ) ;
#2095 = DIRECTION ( 'NONE',  ( 0.000000000000000000, 0.000000000000000000, 1.000000000000000000 ) ) ;
#2096 = VERTEX_POINT ( 'NONE', #1378 ) ;
#2097 = CIRCLE ( 'NONE', #1998, 1.249999999999997558 ) ;
#2098 = FACE_OUTER_BOUND ( 'NONE', #1465, .T. ) ;
#2099 = DIRECTION ( 'NONE',  ( 0.000000000000000000, -1.000000000000000000, -1.826024711554533913E-16 ) ) ;
#2100 = ORIENTED_EDGE ( 'NONE', *, *, #557, .F. ) ;
#2101 = CIRCLE ( 'NONE', #719, 0.3749999999999960032 ) ;
#2102 = AXIS2_PLACEMENT_3D ( 'NONE', #2970, #2529, #53 ) ;
#2103 = DIRECTION ( 'NONE',  ( -1.000000000000000000, -0.000000000000000000, -0.000000000000000000 ) ) ;
#2104 = ORIENTED_EDGE ( 'NONE', *, *, #2641, .T. ) ;
#2105 = ADVANCED_FACE ( 'NONE', ( #848 ), #74, .T. ) ;
#2106 = DIRECTION ( 'NONE',  ( -1.000000000000000000, -0.000000000000000000, -0.000000000000000000 ) ) ;
#2107 = AXIS2_PLACEMENT_3D ( 'NONE', #1389, #1377, #1822 ) ;
#2108 = CARTESIAN_POINT ( 'NONE',  ( 9.000000000000001776, -16.00000000000000355, 0.000000000000000000 ) ) ;
#2109 = DIRECTION ( 'NONE',  ( 0.000000000000000000, 0.000000000000000000, -1.000000000000000000 ) ) ;
#2110 = CIRCLE ( 'NONE', #724, 0.3749999999999994449 ) ;
#2111 = CARTESIAN_POINT ( 'NONE',  ( 1.000000000000000000, 17.49999999999999645, 19.00000000000000355 ) ) ;
#2112 = ORIENTED_EDGE ( 'NONE', *, *, #809, .T. ) ;
#2113 = CARTESIAN_POINT ( 'NONE',  ( 0.000000000000000000, 19.00000000000000000, -18.99999999999999289 ) ) ;
#2114 = DIRECTION ( 'NONE',  ( 0.000000000000000000, 0.000000000000000000, -1.000000000000000000 ) ) ;
#2115 = VERTEX_POINT ( 'NONE', #2833 ) ;
#2116 = VECTOR ( 'NONE', #2525, 1000.000000000000000 ) ;
#2117 = FACE_OUTER_BOUND ( 'NONE', #1894, .T. ) ;
#2118 = EDGE_CURVE ( 'NONE', #1858, #1562, #1914, .T. ) ;
#2119 = ORIENTED_EDGE ( 'NONE', *, *, #503, .T. ) ;
#2120 = VECTOR ( 'NONE', #593, 1000.000000000000000 ) ;
#2121 = CARTESIAN_POINT ( 'NONE',  ( 13.00000000000000178, -16.00000000000000355, 1.500000000000000444 ) ) ;
#2122 = CIRCLE ( 'NONE', #330, 1.750000000000000000 ) ;
#2123 = CARTESIAN_POINT ( 'NONE',  ( 1.000000000000000000, 19.00000000000000000, -18.99999999999999289 ) ) ;
#2124 = EDGE_LOOP ( 'NONE', ( #898, #499, #302, #1030 ) ) ;
#2125 = CARTESIAN_POINT ( 'NONE',  ( 1.000000000000000000, 17.00000000000000711, -15.75000000000000000 ) ) ;
#2126 = CIRCLE ( 'NONE', #2433, 1.500000000000000444 ) ;
#2127 = EDGE_CURVE ( 'NONE', #349, #583, #827, .T. ) ;
#2128 = DIRECTION ( 'NONE',  ( 0.000000000000000000, 0.000000000000000000, -1.000000000000000000 ) ) ;
#2129 = CARTESIAN_POINT ( 'NONE',  ( 8.000000000000000000, -16.00000000000000355, -5.000000000000000000 ) ) ;
#2130 = FACE_OUTER_BOUND ( 'NONE', #759, .T. ) ;
#2131 = VERTEX_POINT ( 'NONE', #1805 ) ;
#2132 = CARTESIAN_POINT ( 'NONE',  ( 9.000000000000001776, -16.00000000000000355, -4.250000000000000888 ) ) ;
#2133 = DIRECTION ( 'NONE',  ( 0.000000000000000000, 0.000000000000000000, 1.000000000000000000 ) ) ;
#2134 = ORIENTED_EDGE ( 'NONE', *, *, #853, .F. ) ;
#2135 = UNCERTAINTY_MEASURE_WITH_UNIT (LENGTH_MEASURE( 1.000000000000000082E-05 ), #394, 'distance_accuracy_value', 'NONE');
#2136 = EDGE_CURVE ( 'NONE', #2286, #1016, #1310, .T. ) ;
#2137 = CARTESIAN_POINT ( 'NONE',  ( 13.00000000000000178, 16.00000000000000355, 0.000000000000000000 ) ) ;
#2138 = ORIENTED_EDGE ( 'NONE', *, *, #1333, .F. ) ;
#2139 = DIRECTION ( 'NONE',  ( 1.000000000000000000, 0.000000000000000000, 0.000000000000000000 ) ) ;
#2140 = LINE ( 'NONE', #614, #2064 ) ;
#2141 = VERTEX_POINT ( 'NONE', #2062 ) ;
#2142 = DIRECTION ( 'NONE',  ( 0.000000000000000000, 0.000000000000000000, 1.000000000000000000 ) ) ;
#2143 = DIRECTION ( 'NONE',  ( -1.000000000000000000, -0.000000000000000000, -0.000000000000000000 ) ) ;
#2144 = CARTESIAN_POINT ( 'NONE',  ( 9.000000000000001776, 16.00000000000000355, -6.000000000000000888 ) ) ;
#2145 = ORIENTED_EDGE ( 'NONE', *, *, #374, .T. ) ;
#2146 = LINE ( 'NONE', #150, #2738 ) ;
#2147 = DIRECTION ( 'NONE',  ( 1.000000000000000000, 0.000000000000000000, 0.000000000000000000 ) ) ;
#2148 = VERTEX_POINT ( 'NONE', #1055 ) ;
#2149 = EDGE_CURVE ( 'NONE', #1181, #1311, #2549, .T. ) ;
#2150 = DIRECTION ( 'NONE',  ( -1.000000000000000000, -0.000000000000000000, -0.000000000000000000 ) ) ;
#2151 = VERTEX_POINT ( 'NONE', #2596 ) ;
#2152 = LINE ( 'NONE', #490, #1459 ) ;
#2153 = VECTOR ( 'NONE', #2040, 1000.000000000000000 ) ;
#2154 = ORIENTED_EDGE ( 'NONE', *, *, #1232, .F. ) ;
#2155 = CIRCLE ( 'NONE', #977, 0.3749999999999992228 ) ;
#2156 = EDGE_CURVE ( 'NONE', #2866, #2722, #941, .T. ) ;
#2157 = LINE ( 'NONE', #919, #571 ) ;
#2158 = CARTESIAN_POINT ( 'NONE',  ( 9.000000000000001776, -16.00000000000000355, -1.750000000000000000 ) ) ;
#2159 = VERTEX_POINT ( 'NONE', #2562 ) ;
#2160 = PRESENTATION_LAYER_ASSIGNMENT (  '', '', ( #2513 ) ) ;
#2161 = CIRCLE ( 'NONE', #2309, 1.500000000000001332 ) ;
#2162 = CARTESIAN_POINT ( 'NONE',  ( 13.00000000000000178, -16.00000000000000355, -0.5000000000000004441 ) ) ;
#2163 = CARTESIAN_POINT ( 'NONE',  ( 9.000000000000001776, -16.00000000000000355, 0.000000000000000000 ) ) ;
#2164 = FACE_BOUND ( 'NONE', #1891, .T. ) ;
#2165 = EDGE_LOOP ( 'NONE', ( #2741, #2777, #2024, #3110 ) ) ;
#2166 = CIRCLE ( 'NONE', #2977, 0.3749999999999994449 ) ;
#2167 = EDGE_CURVE ( 'NONE', #1176, #1357, #1194, .T. ) ;
#2168 = ADVANCED_FACE ( 'NONE', ( #2301 ), #3003, .T. ) ;
#2169 = VECTOR ( 'NONE', #850, 1000.000000000000000 ) ;
#2170 = LINE ( 'NONE', #674, #1499 ) ;
#2171 = ORIENTED_EDGE ( 'NONE', *, *, #1116, .T. ) ;
#2172 = AXIS2_PLACEMENT_3D ( 'NONE', #1954, #807, #586 ) ;
#2173 = CARTESIAN_POINT ( 'NONE',  ( 12.00000000000000000, 16.00000000000000355, -7.500000000000001776 ) ) ;
#2174 = CIRCLE ( 'NONE', #1710, 0.5000000000000004441 ) ;
#2175 = EDGE_LOOP ( 'NONE', ( #1844, #2183, #1275, #2960 ) ) ;
#2176 = CARTESIAN_POINT ( 'NONE',  ( 8.000000000000000000, 16.00000000000000355, 7.000000000000000000 ) ) ;
#2177 = CARTESIAN_POINT ( 'NONE',  ( 12.00000000000000000, -16.00000000000000355, -6.000000000000000888 ) ) ;
#2178 = AXIS2_PLACEMENT_3D ( 'NONE', #1711, #461, #2674 ) ;
#2179 = VERTEX_POINT ( 'NONE', #2316 ) ;
#2180 = DIRECTION ( 'NONE',  ( -1.000000000000000000, -0.000000000000000000, -0.000000000000000000 ) ) ;
#2181 = LINE ( 'NONE', #2449, #722 ) ;
#2182 = DIRECTION ( 'NONE',  ( -1.000000000000000000, -0.000000000000000000, 0.000000000000000000 ) ) ;
#2183 = ORIENTED_EDGE ( 'NONE', *, *, #882, .T. ) ;
#2184 = EDGE_LOOP ( 'NONE', ( #1056, #1979, #386, #2928 ) ) ;
#2185 = PLANE ( 'NONE',  #1035 ) ;
#2186 = VERTEX_POINT ( 'NONE', #1784 ) ;
#2187 = ADVANCED_FACE ( 'NONE', ( #572 ), #2798, .T. ) ;
#2188 = DIRECTION ( 'NONE',  ( 0.000000000000000000, -1.000000000000000000, -9.130123557772669567E-17 ) ) ;
#2189 = ORIENTED_EDGE ( 'NONE', *, *, #794, .T. ) ;
#2190 = ADVANCED_FACE ( 'NONE', ( #396 ), #2811, .T. ) ;
#2191 = DIRECTION ( 'NONE',  ( 0.000000000000000000, 0.000000000000000000, 1.000000000000000000 ) ) ;
#2192 = CARTESIAN_POINT ( 'NONE',  ( 12.00000000000000000, 16.00000000000000355, -4.500000000000000888 ) ) ;
#2193 = VERTEX_POINT ( 'NONE', #2079 ) ;
#2194 = DIRECTION ( 'NONE',  ( 1.000000000000000000, 0.000000000000000000, 0.000000000000000000 ) ) ;
#2195 = CARTESIAN_POINT ( 'NONE',  ( 20.00000000000000000, 0.000000000000000000, 0.000000000000000000 ) ) ;
#2196 = CARTESIAN_POINT ( 'NONE',  ( 8.000000000000000000, -16.00000000000000355, 7.000000000000000000 ) ) ;
#2197 = EDGE_LOOP ( 'NONE', ( #834, #1633 ) ) ;
#2198 = FACE_OUTER_BOUND ( 'NONE', #894, .T. ) ;
#2199 = ORIENTED_EDGE ( 'NONE', *, *, #581, .T. ) ;
#2200 = CARTESIAN_POINT ( 'NONE',  ( 1.000000000000000000, -17.00000000000000355, 15.75000000000000355 ) ) ;
#2201 = VERTEX_POINT ( 'NONE', #860 ) ;
#2202 = DIRECTION ( 'NONE',  ( 0.000000000000000000, -1.000000000000000000, 0.000000000000000000 ) ) ;
#2203 = EDGE_CURVE ( 'NONE', #2698, #2148, #2531, .T. ) ;
#2204 = EDGE_CURVE ( 'NONE', #2834, #1297, #1114, .T. ) ;
#2205 = FACE_OUTER_BOUND ( 'NONE', #1285, .T. ) ;
#2206 = DIRECTION ( 'NONE',  ( 1.000000000000000000, 0.000000000000000000, 0.000000000000000000 ) ) ;
#2207 = AXIS2_PLACEMENT_3D ( 'NONE', #237, #8, #1936 ) ;
#2208 = CARTESIAN_POINT ( 'NONE',  ( 1.000000000000000000, 16.00000000000000355, -7.374999999999996447 ) ) ;
#2209 = CARTESIAN_POINT ( 'NONE',  ( 1.000000000000000000, 19.00000000000000000, 19.00000000000000355 ) ) ;
#2210 = AXIS2_PLACEMENT_3D ( 'NONE', #73, #811, #298 ) ;
#2211 = ORIENTED_EDGE ( 'NONE', *, *, #361, .F. ) ;
#2212 = VECTOR ( 'NONE', #2877, 1000.000000000000000 ) ;
#2213 = LINE ( 'NONE', #1551, #2423 ) ;
#2214 = AXIS2_PLACEMENT_3D ( 'NONE', #2137, #913, #2634 ) ;
#2215 = ORIENTED_EDGE ( 'NONE', *, *, #138, .T. ) ;
#2216 = CIRCLE ( 'NONE', #2059, 1.250000000000001110 ) ;
#2217 = ADVANCED_FACE ( 'NONE', ( #1886 ), #2477, .T. ) ;
#2218 = LINE ( 'NONE', #2714, #172 ) ;
#2219 = ADVANCED_FACE ( 'NONE', ( #1918 ), #2893, .F. ) ;
#2220 = ORIENTED_EDGE ( 'NONE', *, *, #615, .F. ) ;
#2221 = CIRCLE ( 'NONE', #1807, 1.000000000000000000 ) ;
#2222 = VECTOR ( 'NONE', #147, 1000.000000000000000 ) ;
#2223 = DIRECTION ( 'NONE',  ( 0.000000000000000000, 0.000000000000000000, 1.000000000000000000 ) ) ;
#2224 = DIRECTION ( 'NONE',  ( 0.000000000000000000, 0.000000000000000000, -1.000000000000000000 ) ) ;
#2225 = DIRECTION ( 'NONE',  ( 0.000000000000000000, 0.000000000000000000, -1.000000000000000000 ) ) ;
#2226 = EDGE_CURVE ( 'NONE', #2678, #1297, #2779, .T. ) ;
#2227 = DIRECTION ( 'NONE',  ( -1.000000000000000000, -0.000000000000000000, -0.000000000000000000 ) ) ;
#2228 = VECTOR ( 'NONE', #2180, 1000.000000000000000 ) ;
#2229 = ORIENTED_EDGE ( 'NONE', *, *, #1931, .T. ) ;
#2230 = VERTEX_POINT ( 'NONE', #2848 ) ;
#2231 = CARTESIAN_POINT ( 'NONE',  ( 8.000000000000000000, 16.00000000000000355, -4.250000000000000888 ) ) ;
#2232 = EDGE_LOOP ( 'NONE', ( #2337, #1613, #866, #786 ) ) ;
#2233 = CARTESIAN_POINT ( 'NONE',  ( 9.000000000000001776, -16.00000000000000355, -6.000000000000000888 ) ) ;
#2234 = EDGE_LOOP ( 'NONE', ( #3144, #1014, #55, #999 ) ) ;
#2235 = CARTESIAN_POINT ( 'NONE',  ( 9.000000000000001776, 16.00000000000000355, -1.750000000000000000 ) ) ;
#2236 = DIRECTION ( 'NONE',  ( -1.000000000000000000, -0.000000000000000000, -0.000000000000000000 ) ) ;
#2237 = CARTESIAN_POINT ( 'NONE',  ( 8.000000000000000000, -16.00000000000000355, -7.000000000000000000 ) ) ;
#2238 = LINE ( 'NONE', #312, #1338 ) ;
#2239 = ORIENTED_EDGE ( 'NONE', *, *, #879, .F. ) ;
#2240 = VERTEX_POINT ( 'NONE', #939 ) ;
#2241 = CARTESIAN_POINT ( 'NONE',  ( 5.000000000000000000, -8.999999999999998224, -9.000000000000001776 ) ) ;
#2242 = EDGE_CURVE ( 'NONE', #2628, #1865, #2863, .T. ) ;
#2243 = ORIENTED_EDGE ( 'NONE', *, *, #556, .F. ) ;
#2244 = ORIENTED_EDGE ( 'NONE', *, *, #852, .T. ) ;
#2245 = FACE_OUTER_BOUND ( 'NONE', #2490, .T. ) ;
#2246 = CARTESIAN_POINT ( 'NONE',  ( 9.000000000000001776, -16.00000000000000355, 6.000000000000000000 ) ) ;
#2247 = CIRCLE ( 'NONE', #1787, 1.749999999999999778 ) ;
#2248 = DIRECTION ( 'NONE',  ( 0.000000000000000000, 0.000000000000000000, 1.000000000000000000 ) ) ;
#2249 = FACE_BOUND ( 'NONE', #2317, .T. ) ;
#2250 = DIRECTION ( 'NONE',  ( 1.000000000000000000, 0.000000000000000000, 0.000000000000000000 ) ) ;
#2251 = ADVANCED_FACE ( 'NONE', ( #199 ), #1659, .T. ) ;
#2252 = EDGE_LOOP ( 'NONE', ( #3052, #180, #770, #2254 ) ) ;
#2253 = DIRECTION ( 'NONE',  ( 0.000000000000000000, 0.000000000000000000, -1.000000000000000000 ) ) ;
#2254 = ORIENTED_EDGE ( 'NONE', *, *, #600, .F. ) ;
#2255 = EDGE_CURVE ( 'NONE', #105, #2997, #443, .T. ) ;
#2256 = ADVANCED_FACE ( 'NONE', ( #2905 ), #3087, .T. ) ;
#2257 = DIRECTION ( 'NONE',  ( -1.000000000000000000, -0.000000000000000000, -0.000000000000000000 ) ) ;
#2258 = CARTESIAN_POINT ( 'NONE',  ( 1.000000000000000000, -16.00000000000000355, 6.625000000000000888 ) ) ;
#2259 = CIRCLE ( 'NONE', #678, 0.5000000000000004441 ) ;
#2260 = ORIENTED_EDGE ( 'NONE', *, *, #283, .T. ) ;
#2261 = AXIS2_PLACEMENT_3D ( 'NONE', #2803, #645, #1384 ) ;
#2262 = CARTESIAN_POINT ( 'NONE',  ( 1.000000000000000000, 9.000000000000001776, -9.000000000000000000 ) ) ;
#2263 = CARTESIAN_POINT ( 'NONE',  ( 20.00000000000000000, 0.000000000000000000, 18.25000000000000355 ) ) ;
#2264 = AXIS2_PLACEMENT_3D ( 'NONE', #1772, #58, #1999 ) ;
#2265 = DIRECTION ( 'NONE',  ( -1.000000000000000000, -0.000000000000000000, -0.000000000000000000 ) ) ;
#2266 = AXIS2_PLACEMENT_3D ( 'NONE', #3104, #2147, #3117 ) ;
#2267 = EDGE_CURVE ( 'NONE', #903, #849, #326, .T. ) ;
#2268 = DIRECTION ( 'NONE',  ( 0.000000000000000000, 0.000000000000000000, -1.000000000000000000 ) ) ;
#2269 = DIRECTION ( 'NONE',  ( 0.000000000000000000, 0.000000000000000000, 1.000000000000000000 ) ) ;
#2270 = CARTESIAN_POINT ( 'NONE',  ( 12.00000000000000000, -16.00000000000000355, 6.000000000000000000 ) ) ;
#2271 = AXIS2_PLACEMENT_3D ( 'NONE', #380, #3014, #118 ) ;
#2272 = ORIENTED_EDGE ( 'NONE', *, *, #1651, .T. ) ;
#2273 = AXIS2_PLACEMENT_3D ( 'NONE', #80, #1888, #1152 ) ;
#2274 = DIRECTION ( 'NONE',  ( 0.000000000000000000, 0.000000000000000000, -1.000000000000000000 ) ) ;
#2275 = ORIENTED_EDGE ( 'NONE', *, *, #556, .T. ) ;
#2276 = CIRCLE ( 'NONE', #2890, 1.000000000000000000 ) ;
#2277 = CYLINDRICAL_SURFACE ( 'NONE', #2273, 1.250000000000001110 ) ;
#2278 = DIRECTION ( 'NONE',  ( -1.000000000000000000, -0.000000000000000000, -0.000000000000000000 ) ) ;
#2279 = ORIENTED_EDGE ( 'NONE', *, *, #1618, .T. ) ;
#2280 = DIRECTION ( 'NONE',  ( 0.000000000000000000, 0.000000000000000000, -1.000000000000000000 ) ) ;
#2281 = ADVANCED_FACE ( 'NONE', ( #3083 ), #2610, .T. ) ;
#2282 = DIRECTION ( 'NONE',  ( 0.000000000000000000, 0.000000000000000000, 1.000000000000000000 ) ) ;
#2283 = FACE_BOUND ( 'NONE', #2621, .T. ) ;
#2284 = CARTESIAN_POINT ( 'NONE',  ( 12.00000000000000000, -16.00000000000000355, 7.500000000000000888 ) ) ;
#2285 = CARTESIAN_POINT ( 'NONE',  ( 13.00000000000000178, 16.00000000000000355, 1.500000000000000444 ) ) ;
#2286 = VERTEX_POINT ( 'NONE', #3099 ) ;
#2287 = DIRECTION ( 'NONE',  ( 1.000000000000000000, 0.000000000000000000, 0.000000000000000000 ) ) ;
#2288 = ORIENTED_EDGE ( 'NONE', *, *, #2542, .T. ) ;
#2289 = DIRECTION ( 'NONE',  ( -0.000000000000000000, 1.000000000000000000, 1.826024711554533913E-16 ) ) ;
#2290 = CARTESIAN_POINT ( 'NONE',  ( 1.000000000000000000, 19.00000000000000000, -17.49999999999999289 ) ) ;
#2291 = DIRECTION ( 'NONE',  ( -1.000000000000000000, 0.000000000000000000, -0.000000000000000000 ) ) ;
#2292 = ORIENTED_EDGE ( 'NONE', *, *, #1013, .T. ) ;
#2293 = DIRECTION ( 'NONE',  ( 0.000000000000000000, 0.000000000000000000, -1.000000000000000000 ) ) ;
#2294 = ORIENTED_EDGE ( 'NONE', *, *, #942, .F. ) ;
#2295 = FACE_OUTER_BOUND ( 'NONE', #2019, .T. ) ;
#2296 = ADVANCED_FACE ( 'NONE', ( #186, #1163 ), #409, .T. ) ;
#2297 = EDGE_CURVE ( 'NONE', #502, #962, #456, .T. ) ;
#2298 = AXIS2_PLACEMENT_3D ( 'NONE', #540, #1934, #2225 ) ;
#2299 = FACE_BOUND ( 'NONE', #130, .T. ) ;
#2300 = PLANE ( 'NONE',  #1903 ) ;
#2301 = FACE_OUTER_BOUND ( 'NONE', #1896, .T. ) ;
#2302 = ORIENTED_EDGE ( 'NONE', *, *, #2581, .T. ) ;
#2303 = CARTESIAN_POINT ( 'NONE',  ( 12.00000000000000000, -16.00000000000000355, -0.5000000000000004441 ) ) ;
#2304 = ORIENTED_EDGE ( 'NONE', *, *, #1443, .T. ) ;
#2305 = ADVANCED_FACE ( 'NONE', ( #2366 ), #2399, .T. ) ;
#2306 = CARTESIAN_POINT ( 'NONE',  ( 1.000000000000000000, -17.00000000000001421, -17.00000000000002132 ) ) ;
#2307 = DIRECTION ( 'NONE',  ( -1.000000000000000000, 0.000000000000000000, -0.000000000000000000 ) ) ;
#2308 = ORIENTED_EDGE ( 'NONE', *, *, #747, .F. ) ;
#2309 = AXIS2_PLACEMENT_3D ( 'NONE', #3098, #1804, #2781 ) ;
#2310 = CARTESIAN_POINT ( 'NONE',  ( 1.000000000000000000, 19.00000000000000000, 19.00000000000000355 ) ) ;
#2311 = ORIENTED_EDGE ( 'NONE', *, *, #2067, .T. ) ;
#2312 = DIRECTION ( 'NONE',  ( 0.000000000000000000, 1.000000000000000000, 9.637352644315595243E-17 ) ) ;
#2313 = AXIS2_PLACEMENT_3D ( 'NONE', #986, #2492, #2704 ) ;
#2314 = CARTESIAN_POINT ( 'NONE',  ( 5.000000000000000888, 0.000000000000000000, 0.000000000000000000 ) ) ;
#2315 = CYLINDRICAL_SURFACE ( 'NONE', #1341, 1.750000000000001554 ) ;
#2316 = CARTESIAN_POINT ( 'NONE',  ( 13.00000000000000178, 16.00000000000000355, 0.5000000000000004441 ) ) ;
#2317 = EDGE_LOOP ( 'NONE', ( #440, #1629 ) ) ;
#2318 = ADVANCED_FACE ( 'NONE', ( #2130 ), #907, .T. ) ;
#2319 = CIRCLE ( 'NONE', #2684, 0.3749999999999960032 ) ;
#2320 = VECTOR ( 'NONE', #3161, 1000.000000000000000 ) ;
#2321 = FACE_OUTER_BOUND ( 'NONE', #843, .T. ) ;
#2322 = ORIENTED_EDGE ( 'NONE', *, *, #277, .F. ) ;
#2323 = AXIS2_PLACEMENT_3D ( 'NONE', #743, #2257, #2456 ) ;
#2324 = DIRECTION ( 'NONE',  ( 1.000000000000000000, 0.000000000000000000, 0.000000000000000000 ) ) ;
#2325 = FACE_OUTER_BOUND ( 'NONE', #3093, .T. ) ;
#2326 = AXIS2_PLACEMENT_3D ( 'NONE', #2416, #714, #2925 ) ;
#2327 = ORIENTED_EDGE ( 'NONE', *, *, #1492, .T. ) ;
#2328 = EDGE_CURVE ( 'NONE', #996, #212, #956, .T. ) ;
#2329 = DIRECTION ( 'NONE',  ( 0.000000000000000000, 0.000000000000000000, 1.000000000000000000 ) ) ;
#2330 = ORIENTED_EDGE ( 'NONE', *, *, #2297, .F. ) ;
#2331 = CARTESIAN_POINT ( 'NONE',  ( 12.00000000000000000, -16.00000000000000355, -6.500000000000001776 ) ) ;
#2332 = CARTESIAN_POINT ( 'NONE',  ( 1.000000000000000888, 0.000000000000000000, 18.25000000000000355 ) ) ;
#2333 = DIRECTION ( 'NONE',  ( 1.000000000000000000, 0.000000000000000000, 0.000000000000000000 ) ) ;
#2334 = DIRECTION ( 'NONE',  ( 0.000000000000000000, 0.000000000000000000, -1.000000000000000000 ) ) ;
#2335 = ORIENTED_EDGE ( 'NONE', *, *, #41, .T. ) ;
#2336 = CARTESIAN_POINT ( 'NONE',  ( 8.000000000000000000, -16.00000000000000355, -6.000000000000000888 ) ) ;
#2337 = ORIENTED_EDGE ( 'NONE', *, *, #1683, .F. ) ;
#2338 = DIRECTION ( 'NONE',  ( 0.000000000000000000, 0.000000000000000000, -1.000000000000000000 ) ) ;
#2339 = EDGE_CURVE ( 'NONE', #2141, #1382, #485, .T. ) ;
#2340 = CARTESIAN_POINT ( 'NONE',  ( 1.000000000000000000, -16.00000000000000355, -7.374999999999996447 ) ) ;
#2341 = ORIENTED_EDGE ( 'NONE', *, *, #2733, .T. ) ;
#2342 = DIRECTION ( 'NONE',  ( 1.000000000000000000, 0.000000000000000000, 0.000000000000000000 ) ) ;
#2343 = VERTEX_POINT ( 'NONE', #23 ) ;
#2344 = FACE_OUTER_BOUND ( 'NONE', #1776, .T. ) ;
#2345 = DIRECTION ( 'NONE',  ( -1.000000000000000000, -0.000000000000000000, 0.000000000000000000 ) ) ;
#2346 = CARTESIAN_POINT ( 'NONE',  ( 8.000000000000000000, -16.00000000000000355, -6.000000000000000888 ) ) ;
#2347 = EDGE_LOOP ( 'NONE', ( #2898, #3151, #2341, #2413 ) ) ;
#2348 = ADVANCED_FACE ( 'NONE', ( #2432 ), #731, .T. ) ;
#2349 = CARTESIAN_POINT ( 'NONE',  ( 13.00000000000000178, 16.00000000000000355, 0.000000000000000000 ) ) ;
#2350 = FACE_OUTER_BOUND ( 'NONE', #135, .T. ) ;
#2351 = EDGE_LOOP ( 'NONE', ( #1925, #2616 ) ) ;
#2352 = VECTOR ( 'NONE', #552, 1000.000000000000000 ) ;
#2353 = DIRECTION ( 'NONE',  ( 1.000000000000000000, 0.000000000000000000, 0.000000000000000000 ) ) ;
#2354 = PRODUCT_DEFINITION_SHAPE ( 'NONE', 'NONE',  #2373 ) ;
#2355 = EDGE_LOOP ( 'NONE', ( #1938, #961, #3157, #288, #3048, #2545, #1514, #2773 ) ) ;
#2356 = VECTOR ( 'NONE', #2756, 1000.000000000000000 ) ;
#2357 = EDGE_CURVE ( 'NONE', #2713, #2497, #788, .T. ) ;
#2358 = VECTOR ( 'NONE', #959, 1000.000000000000000 ) ;
#2359 = DIRECTION ( 'NONE',  ( 1.000000000000000000, 0.000000000000000000, 0.000000000000000000 ) ) ;
#2360 = EDGE_LOOP ( 'NONE', ( #27, #24 ) ) ;
#2361 = DIRECTION ( 'NONE',  ( 1.000000000000000000, 0.000000000000000000, 0.000000000000000000 ) ) ;
#2362 = CIRCLE ( 'NONE', #878, 0.3749999999999994449 ) ;
#2363 = CARTESIAN_POINT ( 'NONE',  ( 0.000000000000000000, 0.000000000000000000, 0.000000000000000000 ) ) ;
#2364 = DIRECTION ( 'NONE',  ( 0.000000000000000000, -1.000000000000000000, 0.000000000000000000 ) ) ;
#2365 = CIRCLE ( 'NONE', #215, 1.750000000000000000 ) ;
#2366 = FACE_OUTER_BOUND ( 'NONE', #1416, .T. ) ;
#2367 = EDGE_LOOP ( 'NONE', ( #2843, #2522, #1901, #1142 ) ) ;
#2368 = VECTOR ( 'NONE', #3018, 1000.000000000000000 ) ;
#2369 = CARTESIAN_POINT ( 'NONE',  ( 8.000000000000000000, 16.00000000000000355, -5.000000000000000000 ) ) ;
#2370 = LINE ( 'NONE', #1134, #630 ) ;
#2371 = AXIS2_PLACEMENT_3D ( 'NONE', #342, #2676, #1306 ) ;
#2372 = VERTEX_POINT ( 'NONE', #1453 ) ;
#2373 = PRODUCT_DEFINITION ( 'UNKNOWN', '', #1876, #2931 ) ;
#2374 = CIRCLE ( 'NONE', #2983, 1.749999999999999778 ) ;
#2375 = CARTESIAN_POINT ( 'NONE',  ( 8.000000000000000000, -16.00000000000000000, 4.625000000000000888 ) ) ;
#2376 = ORIENTED_EDGE ( 'NONE', *, *, #2789, .T. ) ;
#2377 = VECTOR ( 'NONE', #873, 1000.000000000000000 ) ;
#2378 = CARTESIAN_POINT ( 'NONE',  ( 5.000000000000000000, -8.999999999999998224, -9.000000000000001776 ) ) ;
#2379 = AXIS2_PLACEMENT_3D ( 'NONE', #3123, #1187, #1634 ) ;
#2380 = FACE_OUTER_BOUND ( 'NONE', #2406, .T. ) ;
#2381 = ORIENTED_EDGE ( 'NONE', *, *, #2077, .T. ) ;
#2382 = FACE_OUTER_BOUND ( 'NONE', #1986, .T. ) ;
#2383 = CIRCLE ( 'NONE', #1412, 6.000000000000000888 ) ;
#2384 = DIRECTION ( 'NONE',  ( 0.000000000000000000, 0.000000000000000000, -1.000000000000000000 ) ) ;
#2385 = CARTESIAN_POINT ( 'NONE',  ( 0.000000000000000000, 17.00000000000000711, -17.00000000000000000 ) ) ;
#2386 = EDGE_CURVE ( 'NONE', #2151, #2635, #261, .T. ) ;
#2387 = DIRECTION ( 'NONE',  ( -0.000000000000000000, 0.000000000000000000, 1.000000000000000000 ) ) ;
#2388 = VERTEX_POINT ( 'NONE', #2192 ) ;
#2389 = FACE_OUTER_BOUND ( 'NONE', #2853, .T. ) ;
#2390 = DIRECTION ( 'NONE',  ( 0.000000000000000000, 0.000000000000000000, -1.000000000000000000 ) ) ;
#2391 = ORIENTED_EDGE ( 'NONE', *, *, #2752, .T. ) ;
#2392 = CIRCLE ( 'NONE', #289, 0.3749999999999960032 ) ;
#2393 = DIRECTION ( 'NONE',  ( 0.000000000000000000, 0.000000000000000000, -1.000000000000000000 ) ) ;
#2394 = ORIENTED_EDGE ( 'NONE', *, *, #1320, .T. ) ;
#2395 = ADVANCED_FACE ( 'NONE', ( #2205 ), #1723, .T. ) ;
#2396 = CARTESIAN_POINT ( 'NONE',  ( 0.000000000000000000, -17.00000000000000355, 18.25000000000000000 ) ) ;
#2397 = ORIENTED_EDGE ( 'NONE', *, *, #1705, .T. ) ;
#2398 = DIRECTION ( 'NONE',  ( 1.000000000000000000, 0.000000000000000000, 0.000000000000000000 ) ) ;
#2399 = CYLINDRICAL_SURFACE ( 'NONE', #1456, 0.3749999999999960032 ) ;
#2400 = ORIENTED_EDGE ( 'NONE', *, *, #1087, .T. ) ;
#2401 = ADVANCED_FACE ( 'NONE', ( #508, #1470, #1967, #2690, #248 ), #1223, .F. ) ;
#2402 = EDGE_CURVE ( 'NONE', #100, #2131, #585, .T. ) ;
#2403 = DIRECTION ( 'NONE',  ( 1.000000000000000000, 0.000000000000000000, 0.000000000000000000 ) ) ;
#2404 = CYLINDRICAL_SURFACE ( 'NONE', #2207, 0.3749999999999994449 ) ;
#2405 = CARTESIAN_POINT ( 'NONE',  ( 8.000000000000000000, 16.00000000000000355, 1.000000000000000000 ) ) ;
#2406 = EDGE_LOOP ( 'NONE', ( #1247, #2677, #921, #1475 ) ) ;
#2407 = DIRECTION ( 'NONE',  ( -1.000000000000000000, -0.000000000000000000, 0.000000000000000000 ) ) ;
#2408 = EDGE_LOOP ( 'NONE', ( #372, #1436, #2429, #1963 ) ) ;
#2409 = PLANE ( 'NONE',  #71 ) ;
#2410 = EDGE_LOOP ( 'NONE', ( #2211, #2438 ) ) ;
#2411 = CARTESIAN_POINT ( 'NONE',  ( 8.000000000000000000, -16.00000000000000355, 6.625000000000000888 ) ) ;
#2412 = DIRECTION ( 'NONE',  ( -1.000000000000000000, -0.000000000000000000, -0.000000000000000000 ) ) ;
#2413 = ORIENTED_EDGE ( 'NONE', *, *, #1749, .T. ) ;
#2414 = CIRCLE ( 'NONE', #3017, 1.500000000000000444 ) ;
#2415 = AXIS2_PLACEMENT_3D ( 'NONE', #2445, #906, #428 ) ;
#2416 = CARTESIAN_POINT ( 'NONE',  ( 8.000000000000000000, -16.00000000000000355, 6.000000000000000000 ) ) ;
#2417 =( LENGTH_UNIT ( ) NAMED_UNIT ( * ) SI_UNIT ( .MILLI., .METRE. ) );
#2418 = DIRECTION ( 'NONE',  ( -1.000000000000000000, -0.000000000000000000, 0.000000000000000000 ) ) ;
#2419 = EDGE_LOOP ( 'NONE', ( #3043, #2799, #2439, #1700 ) ) ;
#2420 = ADVANCED_FACE ( 'NONE', ( #1670 ), #452, .T. ) ;
#2421 = VERTEX_POINT ( 'NONE', #1172 ) ;
#2422 = CIRCLE ( 'NONE', #1396, 1.750000000000000000 ) ;
#2423 = VECTOR ( 'NONE', #3037, 1000.000000000000000 ) ;
#2424 = CARTESIAN_POINT ( 'NONE',  ( 8.000000000000000000, -16.00000000000000355, -6.625000000000004441 ) ) ;
#2425 = EDGE_CURVE ( 'NONE', #356, #502, #1301, .T. ) ;
#2426 = ORIENTED_EDGE ( 'NONE', *, *, #1689, .T. ) ;
#2427 = AXIS2_PLACEMENT_3D ( 'NONE', #3011, #1561, #2293 ) ;
#2428 = CARTESIAN_POINT ( 'NONE',  ( 9.000000000000001776, -16.00000000000000355, 0.000000000000000000 ) ) ;
#2429 = ORIENTED_EDGE ( 'NONE', *, *, #2045, .T. ) ;
#2430 = VECTOR ( 'NONE', #1157, 1000.000000000000000 ) ;
#2431 = DIRECTION ( 'NONE',  ( 0.000000000000000000, 0.000000000000000000, 1.000000000000000000 ) ) ;
#2432 = FACE_OUTER_BOUND ( 'NONE', #1617, .T. ) ;
#2433 = AXIS2_PLACEMENT_3D ( 'NONE', #2049, #1615, #188 ) ;
#2434 = CARTESIAN_POINT ( 'NONE',  ( 8.000000000000000000, 16.00000000000000000, 5.000000000000000000 ) ) ;
#2435 = CARTESIAN_POINT ( 'NONE',  ( 9.000000000000001776, 16.00000000000000355, -1.750000000000000000 ) ) ;
#2436 = CARTESIAN_POINT ( 'NONE',  ( 9.000000000000001776, 16.00000000000000355, 6.000000000000000000 ) ) ;
#2437 = DIRECTION ( 'NONE',  ( 0.000000000000000000, 0.000000000000000000, 1.000000000000000000 ) ) ;
#2438 = ORIENTED_EDGE ( 'NONE', *, *, #566, .F. ) ;
#2439 = ORIENTED_EDGE ( 'NONE', *, *, #1614, .F. ) ;
#2440 = DIRECTION ( 'NONE',  ( 0.000000000000000000, 0.000000000000000000, -1.000000000000000000 ) ) ;
#2441 = VERTEX_POINT ( 'NONE', #2396 ) ;
#2442 = EDGE_CURVE ( 'NONE', #279, #1603, #3090, .T. ) ;
#2443 = DIRECTION ( 'NONE',  ( -1.000000000000000000, -0.000000000000000000, -0.000000000000000000 ) ) ;
#2444 = VERTEX_POINT ( 'NONE', #2173 ) ;
#2445 = CARTESIAN_POINT ( 'NONE',  ( 1.000000000000000000, -19.00000000000000000, -19.00000000000000000 ) ) ;
#2446 = DIRECTION ( 'NONE',  ( 0.000000000000000000, 0.000000000000000000, 1.000000000000000000 ) ) ;
#2447 = ORIENTED_EDGE ( 'NONE', *, *, #1303, .F. ) ;
#2448 = DIRECTION ( 'NONE',  ( 0.000000000000000000, 0.000000000000000000, 1.000000000000000000 ) ) ;
#2449 = CARTESIAN_POINT ( 'NONE',  ( 9.000000000000001776, 16.00000000000000355, 1.750000000000000000 ) ) ;
#2450 = EDGE_LOOP ( 'NONE', ( #1313, #187 ) ) ;
#2451 = DIRECTION ( 'NONE',  ( 0.000000000000000000, 0.000000000000000000, -1.000000000000000000 ) ) ;
#2452 = ORIENTED_EDGE ( 'NONE', *, *, #2167, .T. ) ;
#2453 = EDGE_CURVE ( 'NONE', #2997, #2841, #422, .T. ) ;
#2454 = DIRECTION ( 'NONE',  ( 0.000000000000000000, 0.000000000000000000, 1.000000000000000000 ) ) ;
#2455 = EDGE_LOOP ( 'NONE', ( #253, #914 ) ) ;
#2456 = DIRECTION ( 'NONE',  ( 0.000000000000000000, 0.000000000000000000, -1.000000000000000000 ) ) ;
#2457 = ORIENTED_EDGE ( 'NONE', *, *, #1517, .F. ) ;
#2458 = EDGE_CURVE ( 'NONE', #268, #1061, #2122, .T. ) ;
#2459 = CYLINDRICAL_SURFACE ( 'NONE', #2725, 1.500000000000001332 ) ;
#2460 = DIRECTION ( 'NONE',  ( 0.000000000000000000, 0.000000000000000000, -1.000000000000000000 ) ) ;
#2461 = CARTESIAN_POINT ( 'NONE',  ( 8.000000000000000000, 16.00000000000000355, 7.000000000000000000 ) ) ;
#2462 = AXIS2_PLACEMENT_3D ( 'NONE', #626, #1583, #819 ) ;
#2463 = CLOSED_SHELL ( 'NONE', ( #787, #698, #124, #2904, #2601, #2217, #142, #656, #1777, #2420, #1001, #541, #1814, #197, #243, #2187, #2105, #1386, #1524, #2281, #2168, #275, #3101, #2693, #2305, #2600, #2021, #990, #3102, #401, #225, #5, #359, #290, #2986, #831, #29, #3016, #2401, #951, #1123, #726, #442, #2640, #2782, #1077, #111, #1737, #1165, #795, #1047, #420, #2318, #1051, #1673, #2830, #3069, #1534, #1455, #3010, #1463, #66, #2543, #2924, #912, #1975, #1768, #1214, #1002, #1644, #224, #1590, #2395, #2506, #1718, #2190, #2296, #2962, #1547, #1180, #3065, #2348, #1271, #1422, #2658, #2251, #1107, #514, #1026, #2558, #2219, #1355, #1204, #1950, #889, #832, #2256, #1690, #1383, #1376, #1065, #2748, #191, #771, #1731, #56, #2716, #3112, #1630 ) ) ;
#2464 = CARTESIAN_POINT ( 'NONE',  ( 12.00000000000000000, 16.00000000000000355, 6.500000000000000888 ) ) ;
#2465 = CARTESIAN_POINT ( 'NONE',  ( 1.000000000000000000, 16.00000000000000355, -7.000000000000000000 ) ) ;
#2466 = CIRCLE ( 'NONE', #2210, 1.000000000000000000 ) ;
#2467 = ORIENTED_EDGE ( 'NONE', *, *, #2982, .F. ) ;
#2468 = ORIENTED_EDGE ( 'NONE', *, *, #2789, .F. ) ;
#2469 = CIRCLE ( 'NONE', #2723, 1.000000000000000000 ) ;
#2470 = CARTESIAN_POINT ( 'NONE',  ( 13.00000000000000178, -16.00000000000000355, 6.000000000000000000 ) ) ;
#2471 = AXIS2_PLACEMENT_3D ( 'NONE', #293, #773, #1750 ) ;
#2472 = ORIENTED_EDGE ( 'NONE', *, *, #2453, .T. ) ;
#2473 = AXIS2_PLACEMENT_3D ( 'NONE', #2500, #998, #42 ) ;
#2474 = DIRECTION ( 'NONE',  ( -1.000000000000000000, -0.000000000000000000, -0.000000000000000000 ) ) ;
#2475 = EDGE_LOOP ( 'NONE', ( #2806, #1200 ) ) ;
#2476 = CIRCLE ( 'NONE', #65, 1.500000000000000444 ) ;
#2477 = TOROIDAL_SURFACE ( 'NONE', #2836, 0.5000000000000006661, 1.000000000000000000 ) ;
#2478 = FACE_BOUND ( 'NONE', #1552, .T. ) ;
#2479 = VERTEX_POINT ( 'NONE', #965 ) ;
#2480 = VECTOR ( 'NONE', #1133, 1000.000000000000000 ) ;
#2481 = EDGE_CURVE ( 'NONE', #148, #1382, #2152, .T. ) ;
#2482 = CARTESIAN_POINT ( 'NONE',  ( 13.00000000000000178, -16.00000000000000355, 6.000000000000000000 ) ) ;
#2483 =( NAMED_UNIT ( * ) PLANE_ANGLE_UNIT ( ) SI_UNIT ( $, .RADIAN. ) );
#2484 = VECTOR ( 'NONE', #1505, 1000.000000000000000 ) ;
#2485 = ORIENTED_EDGE ( 'NONE', *, *, #515, .T. ) ;
#2486 = EDGE_LOOP ( 'NONE', ( #857, #2567, #947, #2602 ) ) ;
#2487 = CARTESIAN_POINT ( 'NONE',  ( 9.000000000000001776, -16.00000000000000355, -6.000000000000000888 ) ) ;
#2488 = ORIENTED_EDGE ( 'NONE', *, *, #928, .T. ) ;
#2489 = DIRECTION ( 'NONE',  ( -1.000000000000000000, -0.000000000000000000, -0.000000000000000000 ) ) ;
#2490 = EDGE_LOOP ( 'NONE', ( #839, #2394, #464, #2516 ) ) ;
#2491 = EDGE_CURVE ( 'NONE', #2768, #2240, #2618, .T. ) ;
#2492 = DIRECTION ( 'NONE',  ( -1.000000000000000000, -0.000000000000000000, -0.000000000000000000 ) ) ;
#2493 = CARTESIAN_POINT ( 'NONE',  ( 20.00000000000000000, 0.000000000000000000, 6.000000000000000888 ) ) ;
#2494 = CARTESIAN_POINT ( 'NONE',  ( 8.000000000000000000, -16.00000000000000355, 0.6250000000000006661 ) ) ;
#2495 = CARTESIAN_POINT ( 'NONE',  ( 1.000000000000000000, -19.00000000000000000, -19.00000000000000000 ) ) ;
#2496 = CARTESIAN_POINT ( 'NONE',  ( 1.000000000000000000, -16.00000000000000355, 1.374999999999999556 ) ) ;
#2497 = VERTEX_POINT ( 'NONE', #901 ) ;
#2498 = EDGE_CURVE ( 'NONE', #2994, #351, #1149, .T. ) ;
#2499 = EDGE_CURVE ( 'NONE', #2193, #2131, #1141, .T. ) ;
#2500 = CARTESIAN_POINT ( 'NONE',  ( 12.00000000000000000, -16.00000000000000355, 6.000000000000000000 ) ) ;
#2501 = ORIENTED_EDGE ( 'NONE', *, *, #2083, .F. ) ;
#2502 = CARTESIAN_POINT ( 'NONE',  ( 8.000000000000000000, 16.00000000000000355, -7.000000000000000000 ) ) ;
#2503 = VERTEX_POINT ( 'NONE', #3108 ) ;
#2504 = FACE_OUTER_BOUND ( 'NONE', #644, .T. ) ;
#2505 = CARTESIAN_POINT ( 'NONE',  ( 9.000000000000001776, 16.00000000000000355, 6.000000000000000000 ) ) ;
#2506 = ADVANCED_FACE ( 'NONE', ( #934, #178 ), #2409, .T. ) ;
#2507 = CARTESIAN_POINT ( 'NONE',  ( 9.000000000000001776, -16.00000000000000355, 6.000000000000000000 ) ) ;
#2508 = VECTOR ( 'NONE', #1656, 1000.000000000000000 ) ;
#2509 = DIRECTION ( 'NONE',  ( 1.000000000000000000, 0.000000000000000000, 0.000000000000000000 ) ) ;
#2510 = DIRECTION ( 'NONE',  ( 0.000000000000000000, 0.000000000000000000, 1.000000000000000000 ) ) ;
#2511 = ORIENTED_EDGE ( 'NONE', *, *, #1366, .F. ) ;
#2512 = AXIS2_PLACEMENT_3D ( 'NONE', #323, #2071, #2802 ) ;
#2513 = STYLED_ITEM ( 'NONE', ( #1922 ), #516 ) ;
#2514 = EDGE_CURVE ( 'NONE', #1352, #1237, #3142, .T. ) ;
#2515 = CARTESIAN_POINT ( 'NONE',  ( 12.00000000000000000, -16.00000000000000355, -5.500000000000000888 ) ) ;
#2516 = ORIENTED_EDGE ( 'NONE', *, *, #2045, .F. ) ;
#2517 = CIRCLE ( 'NONE', #625, 1.000000000000000000 ) ;
#2518 = CARTESIAN_POINT ( 'NONE',  ( 9.000000000000001776, 16.00000000000000355, -7.500000000000001776 ) ) ;
#2519 = CARTESIAN_POINT ( 'NONE',  ( 5.000000000000000000, 9.000000000000001776, -9.000000000000000000 ) ) ;
#2520 = EDGE_CURVE ( 'NONE', #171, #2633, #2901, .T. ) ;
#2521 = CIRCLE ( 'NONE', #1136, 1.749999999999999778 ) ;
#2522 = ORIENTED_EDGE ( 'NONE', *, *, #20, .T. ) ;
#2523 = AXIS2_PLACEMENT_3D ( 'NONE', #865, #2353, #2555 ) ;
#2524 = CYLINDRICAL_SURFACE ( 'NONE', #57, 0.3749999999999992228 ) ;
#2525 = DIRECTION ( 'NONE',  ( 0.000000000000000000, 0.000000000000000000, 1.000000000000000000 ) ) ;
#2526 = DIRECTION ( 'NONE',  ( 1.000000000000000000, 0.000000000000000000, 0.000000000000000000 ) ) ;
#2527 = TOROIDAL_SURFACE ( 'NONE', #1349, 0.5000000000000004441, 1.000000000000000000 ) ;
#2528 = PLANE ( 'NONE',  #1919 ) ;
#2529 = DIRECTION ( 'NONE',  ( 1.000000000000000000, 0.000000000000000000, 0.000000000000000000 ) ) ;
#2530 = CARTESIAN_POINT ( 'NONE',  ( 20.00000000000000000, 0.000000000000000000, 16.50000000000000000 ) ) ;
#2531 = CIRCLE ( 'NONE', #1043, 0.3749999999999992228 ) ;
#2532 = VERTEX_POINT ( 'NONE', #1205 ) ;
#2533 = EDGE_CURVE ( 'NONE', #2981, #1199, #707, .T. ) ;
#2534 = AXIS2_PLACEMENT_3D ( 'NONE', #3094, #2685, #1702 ) ;
#2535 = DIRECTION ( 'NONE',  ( -1.000000000000000000, -0.000000000000000000, -0.000000000000000000 ) ) ;
#2536 = ORIENTED_EDGE ( 'NONE', *, *, #1221, .F. ) ;
#2537 = CIRCLE ( 'NONE', #2587, 0.3749999999999960032 ) ;
#2538 = CARTESIAN_POINT ( 'NONE',  ( 13.00000000000000178, 16.00000000000000355, 6.500000000000000888 ) ) ;
#2539 = FACE_OUTER_BOUND ( 'NONE', #2367, .T. ) ;
#2540 = DIRECTION ( 'NONE',  ( 0.000000000000000000, 0.000000000000000000, -1.000000000000000000 ) ) ;
#2541 = ORIENTED_EDGE ( 'NONE', *, *, #102, .T. ) ;
#2542 = EDGE_CURVE ( 'NONE', #148, #2974, #742, .T. ) ;
#2543 = ADVANCED_FACE ( 'NONE', ( #2915 ), #723, .T. ) ;
#2544 = DIRECTION ( 'NONE',  ( 0.000000000000000000, 0.000000000000000000, 1.000000000000000000 ) ) ;
#2545 = ORIENTED_EDGE ( 'NONE', *, *, #801, .T. ) ;
#2546 = DIRECTION ( 'NONE',  ( 0.000000000000000000, 0.000000000000000000, -1.000000000000000000 ) ) ;
#2547 = DIRECTION ( 'NONE',  ( 0.000000000000000000, 0.000000000000000000, -1.000000000000000000 ) ) ;
#2548 = CARTESIAN_POINT ( 'NONE',  ( 19.00000000000000000, 0.000000000000000000, 0.000000000000000000 ) ) ;
#2549 = LINE ( 'NONE', #2763, #2120 ) ;
#2550 = VERTEX_POINT ( 'NONE', #1879 ) ;
#2551 = DIRECTION ( 'NONE',  ( 1.000000000000000000, 0.000000000000000000, 0.000000000000000000 ) ) ;
#2552 = ORIENTED_EDGE ( 'NONE', *, *, #739, .F. ) ;
#2553 = EDGE_CURVE ( 'NONE', #957, #2240, #2857, .T. ) ;
#2554 = CARTESIAN_POINT ( 'NONE',  ( 12.00000000000000000, -16.00000000000000355, 4.500000000000000000 ) ) ;
#2555 = DIRECTION ( 'NONE',  ( 0.000000000000000000, 0.000000000000000000, -1.000000000000000000 ) ) ;
#2556 = ORIENTED_EDGE ( 'NONE', *, *, #2005, .F. ) ;
#2557 = DIRECTION ( 'NONE',  ( 0.000000000000000000, 0.000000000000000000, -1.000000000000000000 ) ) ;
#2558 = ADVANCED_FACE ( 'NONE', ( #2637 ), #256, .T. ) ;
#2559 = EDGE_LOOP ( 'NONE', ( #2086, #2757 ) ) ;
#2560 = DIRECTION ( 'NONE',  ( 1.000000000000000000, 0.000000000000000000, 0.000000000000000000 ) ) ;
#2561 = CARTESIAN_POINT ( 'NONE',  ( 0.000000000000000000, -17.49999999999999645, 17.50000000000000355 ) ) ;
#2562 = CARTESIAN_POINT ( 'NONE',  ( 1.000000000000000000, 16.00000000000000355, 7.375000000000000000 ) ) ;
#2563 = ORIENTED_EDGE ( 'NONE', *, *, #310, .T. ) ;
#2564 = ADVANCED_BREP_SHAPE_REPRESENTATION ( 'MockCamera', ( #516, #465 ), #2743 ) ;
#2565 = AXIS2_PLACEMENT_3D ( 'NONE', #1098, #2265, #1781 ) ;
#2566 = CARTESIAN_POINT ( 'NONE',  ( 9.000000000000001776, -16.00000000000000355, -6.000000000000000888 ) ) ;
#2567 = ORIENTED_EDGE ( 'NONE', *, *, #2087, .F. ) ;
#2568 = CARTESIAN_POINT ( 'NONE',  ( 1.000000000000000000, 16.00000000000000355, 7.000000000000000000 ) ) ;
#2569 = FACE_BOUND ( 'NONE', #3100, .T. ) ;
#2570 = CIRCLE ( 'NONE', #673, 1.250000000000001110 ) ;
#2571 = ORIENTED_EDGE ( 'NONE', *, *, #84, .T. ) ;
#2572 = AXIS2_PLACEMENT_3D ( 'NONE', #1946, #666, #1174 ) ;
#2573 = PLANE ( 'NONE',  #2730 ) ;
#2574 = ORIENTED_EDGE ( 'NONE', *, *, #1582, .T. ) ;
#2575 = CARTESIAN_POINT ( 'NONE',  ( 13.00000000000000178, -16.00000000000000355, 6.000000000000000000 ) ) ;
#2576 = AXIS2_PLACEMENT_3D ( 'NONE', #2766, #2551, #350 ) ;
#2577 = CARTESIAN_POINT ( 'NONE',  ( 19.00000000000000000, 0.000000000000000000, 6.000000000000000888 ) ) ;
#2578 = DIRECTION ( 'NONE',  ( 0.000000000000000000, 0.000000000000000000, 1.000000000000000000 ) ) ;
#2579 = ORIENTED_EDGE ( 'NONE', *, *, #2767, .T. ) ;
#2580 = VECTOR ( 'NONE', #112, 1000.000000000000000 ) ;
#2581 = EDGE_CURVE ( 'NONE', #3115, #1603, #2218, .T. ) ;
#2582 = AXIS2_PLACEMENT_3D ( 'NONE', #2530, #1612, #1085 ) ;
#2583 = DIRECTION ( 'NONE',  ( -1.000000000000000000, -0.000000000000000000, -0.000000000000000000 ) ) ;
#2584 = ORIENTED_EDGE ( 'NONE', *, *, #1365, .T. ) ;
#2585 = DIRECTION ( 'NONE',  ( -1.000000000000000000, -0.000000000000000000, -0.000000000000000000 ) ) ;
#2586 = CARTESIAN_POINT ( 'NONE',  ( 9.000000000000001776, 16.00000000000000355, -6.000000000000000888 ) ) ;
#2587 = AXIS2_PLACEMENT_3D ( 'NONE', #2237, #2041, #3013 ) ;
#2588 = ORIENTED_EDGE ( 'NONE', *, *, #1575, .F. ) ;
#2589 = EDGE_CURVE ( 'NONE', #2503, #738, #1028, .T. ) ;
#2590 = LINE ( 'NONE', #2310, #2580 ) ;
#2591 = EDGE_LOOP ( 'NONE', ( #1387, #3096, #45, #354 ) ) ;
#2592 = LINE ( 'NONE', #2125, #2508 ) ;
#2593 = EDGE_CURVE ( 'NONE', #1385, #1118, #505, .T. ) ;
#2594 = DIRECTION ( 'NONE',  ( 0.000000000000000000, 0.000000000000000000, -1.000000000000000000 ) ) ;
#2595 = DIRECTION ( 'NONE',  ( 0.000000000000000000, 0.000000000000000000, -1.000000000000000000 ) ) ;
#2596 = CARTESIAN_POINT ( 'NONE',  ( 0.000000000000000000, 17.49999999999999645, -18.99999999999999289 ) ) ;
#2597 = EDGE_LOOP ( 'NONE', ( #2668, #2244 ) ) ;
#2598 = LINE ( 'NONE', #688, #2480 ) ;
#2599 = DIRECTION ( 'NONE',  ( -1.000000000000000000, -0.000000000000000000, -0.000000000000000000 ) ) ;
#2600 = ADVANCED_FACE ( 'NONE', ( #1962 ), #44, .T. ) ;
#2601 = ADVANCED_FACE ( 'NONE', ( #1763 ), #381, .T. ) ;
#2602 = ORIENTED_EDGE ( 'NONE', *, *, #2828, .F. ) ;
#2603 = PLANE ( 'NONE',  #2261 ) ;
#2604 = VERTEX_POINT ( 'NONE', #1479 ) ;
#2605 = DIRECTION ( 'NONE',  ( -0.000000000000000000, 1.000000000000000000, 1.826024711554533913E-16 ) ) ;
#2606 = EDGE_LOOP ( 'NONE', ( #3059, #706, #1955, #577 ) ) ;
#2607 = CARTESIAN_POINT ( 'NONE',  ( 13.00000000000000178, 16.00000000000000355, 6.000000000000000000 ) ) ;
#2608 = CARTESIAN_POINT ( 'NONE',  ( 8.000000000000000000, 16.00000000000000355, -5.000000000000000000 ) ) ;
#2609 = CYLINDRICAL_SURFACE ( 'NONE', #368, 1.500000000000001332 ) ;
#2610 = CYLINDRICAL_SURFACE ( 'NONE', #1969, 1.749999999999999778 ) ;
#2611 = ORIENTED_EDGE ( 'NONE', *, *, #1122, .T. ) ;
#2612 = DIRECTION ( 'NONE',  ( 1.000000000000000000, 0.000000000000000000, 0.000000000000000000 ) ) ;
#2613 = DIRECTION ( 'NONE',  ( 1.000000000000000000, 0.000000000000000000, 0.000000000000000000 ) ) ;
#2614 = ORIENTED_EDGE ( 'NONE', *, *, #847, .F. ) ;
#2615 = CARTESIAN_POINT ( 'NONE',  ( 1.000000000000000000, 16.00000000000000355, -1.000000000000000000 ) ) ;
#2616 = ORIENTED_EDGE ( 'NONE', *, *, #1366, .T. ) ;
#2617 = EDGE_CURVE ( 'NONE', #764, #2604, #2002, .T. ) ;
#2618 = LINE ( 'NONE', #2378, #1250 ) ;
#2619 = CIRCLE ( 'NONE', #1234, 0.5000000000000004441 ) ;
#2620 = FACE_BOUND ( 'NONE', #725, .T. ) ;
#2621 = EDGE_LOOP ( 'NONE', ( #1833, #2311, #2004, #2900 ) ) ;
#2622 = FACE_BOUND ( 'NONE', #1171, .T. ) ;
#2623 = TOROIDAL_SURFACE ( 'NONE', #1236, 0.5000000000000004441, 1.000000000000000000 ) ;
#2624 = APPLICATION_PROTOCOL_DEFINITION ( 'draft international standard', 'automotive_design', 1998, #728 ) ;
#2625 = PLANE ( 'NONE',  #2415 ) ;
#2626 = CIRCLE ( 'NONE', #3023, 1.750000000000001554 ) ;
#2627 = CARTESIAN_POINT ( 'NONE',  ( 0.000000000000000000, -17.49999999999999645, -17.49999999999999645 ) ) ;
#2628 = VERTEX_POINT ( 'NONE', #758 ) ;
#2629 = VECTOR ( 'NONE', #766, 1000.000000000000000 ) ;
#2630 = DIRECTION ( 'NONE',  ( 0.000000000000000000, 0.000000000000000000, -1.000000000000000000 ) ) ;
#2631 = CARTESIAN_POINT ( 'NONE',  ( 1.000000000000000000, 16.00000000000000355, -7.000000000000000000 ) ) ;
#2632 = AXIS2_PLACEMENT_3D ( 'NONE', #1694, #897, #2897 ) ;
#2633 = VERTEX_POINT ( 'NONE', #519 ) ;
#2634 = DIRECTION ( 'NONE',  ( 0.000000000000000000, 0.000000000000000000, 1.000000000000000000 ) ) ;
#2635 = VERTEX_POINT ( 'NONE', #2980 ) ;
#2636 = CIRCLE ( 'NONE', #1510, 6.000000000000000888 ) ;
#2637 = FACE_OUTER_BOUND ( 'NONE', #40, .T. ) ;
#2638 = AXIS2_PLACEMENT_3D ( 'NONE', #3132, #2403, #1195 ) ;
#2639 = ORIENTED_EDGE ( 'NONE', *, *, #615, .T. ) ;
#2640 = ADVANCED_FACE ( 'NONE', ( #1496 ), #789, .F. ) ;
#2641 = EDGE_CURVE ( 'NONE', #3167, #171, #1863, .T. ) ;
#2642 = DIRECTION ( 'NONE',  ( -1.000000000000000000, -0.000000000000000000, -0.000000000000000000 ) ) ;
#2643 = DIRECTION ( 'NONE',  ( -1.000000000000000000, -0.000000000000000000, -0.000000000000000000 ) ) ;
#2644 = EDGE_LOOP ( 'NONE', ( #255, #2457, #1728, #2063 ) ) ;
#2645 = CARTESIAN_POINT ( 'NONE',  ( 5.000000000000000000, 9.000000000000001776, 9.000000000000000000 ) ) ;
#2646 = CARTESIAN_POINT ( 'NONE',  ( 9.000000000000001776, -16.00000000000000355, 0.000000000000000000 ) ) ;
#2647 = CARTESIAN_POINT ( 'NONE',  ( 9.000000000000001776, -16.00000000000000355, -6.000000000000000888 ) ) ;
#2648 = ORIENTED_EDGE ( 'NONE', *, *, #1406, .T. ) ;
#2649 = EDGE_CURVE ( 'NONE', #1854, #2992, #1733, .T. ) ;
#2650 = DIRECTION ( 'NONE',  ( -0.000000000000000000, 0.000000000000000000, 1.000000000000000000 ) ) ;
#2651 = VERTEX_POINT ( 'NONE', #244 ) ;
#2652 = DIRECTION ( 'NONE',  ( -1.000000000000000000, -0.000000000000000000, -0.000000000000000000 ) ) ;
#2653 = ORIENTED_EDGE ( 'NONE', *, *, #2854, .F. ) ;
#2654 = EDGE_CURVE ( 'NONE', #2834, #2115, #1354, .T. ) ;
#2655 = DIRECTION ( 'NONE',  ( -1.000000000000000000, -0.000000000000000000, -0.000000000000000000 ) ) ;
#2656 = DIRECTION ( 'NONE',  ( -1.000000000000000000, -0.000000000000000000, -0.000000000000000000 ) ) ;
#2657 = ORIENTED_EDGE ( 'NONE', *, *, #487, .T. ) ;
#2658 = ADVANCED_FACE ( 'NONE', ( #32 ), #62, .T. ) ;
#2659 = CARTESIAN_POINT ( 'NONE',  ( 9.000000000000001776, -16.00000000000000355, 1.750000000000000000 ) ) ;
#2660 = DIRECTION ( 'NONE',  ( -1.000000000000000000, -0.000000000000000000, -0.000000000000000000 ) ) ;
#2661 = DIRECTION ( 'NONE',  ( 0.000000000000000000, 0.000000000000000000, -1.000000000000000000 ) ) ;
#2662 = ORIENTED_EDGE ( 'NONE', *, *, #755, .F. ) ;
#2663 = DIRECTION ( 'NONE',  ( 0.000000000000000000, 0.000000000000000000, -1.000000000000000000 ) ) ;
#2664 = ORIENTED_EDGE ( 'NONE', *, *, #2850, .F. ) ;
#2665 = CIRCLE ( 'NONE', #206, 1.500000000000000444 ) ;
#2666 = CARTESIAN_POINT ( 'NONE',  ( 8.000000000000000000, 16.00000000000000355, 1.000000000000000000 ) ) ;
#2667 = AXIS2_PLACEMENT_3D ( 'NONE', #2434, #2206, #495 ) ;
#2668 = ORIENTED_EDGE ( 'NONE', *, *, #968, .T. ) ;
#2669 = VECTOR ( 'NONE', #1775, 1000.000000000000000 ) ;
#2670 = PLANE ( 'NONE',  #1593 ) ;
#2671 = DIRECTION ( 'NONE',  ( -1.000000000000000000, -0.000000000000000000, -0.000000000000000000 ) ) ;
#2672 = FACE_OUTER_BOUND ( 'NONE', #2038, .T. ) ;
#2673 = AXIS2_PLACEMENT_3D ( 'NONE', #1672, #2655, #2191 ) ;
#2674 = DIRECTION ( 'NONE',  ( 0.000000000000000000, 0.000000000000000000, -1.000000000000000000 ) ) ;
#2675 = LINE ( 'NONE', #1664, #470 ) ;
#2676 = DIRECTION ( 'NONE',  ( 1.000000000000000000, 0.000000000000000000, 0.000000000000000000 ) ) ;
#2677 = ORIENTED_EDGE ( 'NONE', *, *, #453, .T. ) ;
#2678 = VERTEX_POINT ( 'NONE', #547 ) ;
#2679 = EDGE_CURVE ( 'NONE', #273, #2718, #2784, .T. ) ;
#2680 = VECTOR ( 'NONE', #930, 1000.000000000000000 ) ;
#2681 = AXIS2_PLACEMENT_3D ( 'NONE', #366, #1346, #643 ) ;
#2682 = LINE ( 'NONE', #1893, #880 ) ;
#2683 = VERTEX_POINT ( 'NONE', #1219 ) ;
#2684 = AXIS2_PLACEMENT_3D ( 'NONE', #2631, #2418, #2114 ) ;
#2685 = DIRECTION ( 'NONE',  ( -1.000000000000000000, -0.000000000000000000, -0.000000000000000000 ) ) ;
#2686 = AXIS2_PLACEMENT_3D ( 'NONE', #2346, #711, #166 ) ;
#2687 = ORIENTED_EDGE ( 'NONE', *, *, #176, .T. ) ;
#2688 = AXIS2_PLACEMENT_3D ( 'NONE', #469, #439, #1420 ) ;
#2689 = FACE_OUTER_BOUND ( 'NONE', #382, .T. ) ;
#2690 = FACE_BOUND ( 'NONE', #1829, .T. ) ;
#2691 = CIRCLE ( 'NONE', #2178, 0.3749999999999992228 ) ;
#2692 = DIRECTION ( 'NONE',  ( 0.000000000000000000, 0.000000000000000000, -1.000000000000000000 ) ) ;
#2693 = ADVANCED_FACE ( 'NONE', ( #535 ), #1513, .T. ) ;
#2694 = CYLINDRICAL_SURFACE ( 'NONE', #2073, 1.750000000000000000 ) ;
#2695 = DIRECTION ( 'NONE',  ( 1.000000000000000000, 0.000000000000000000, 0.000000000000000000 ) ) ;
#2696 = LINE ( 'NONE', #2746, #1964 ) ;
#2697 = EDGE_LOOP ( 'NONE', ( #1206, #3084, #1671, #2910 ) ) ;
#2698 = VERTEX_POINT ( 'NONE', #303 ) ;
#2699 = EDGE_CURVE ( 'NONE', #856, #765, #2636, .T. ) ;
#2700 = CARTESIAN_POINT ( 'NONE',  ( 8.000000000000000000, 16.00000000000000355, -7.000000000000000000 ) ) ;
#2701 = ORIENTED_EDGE ( 'NONE', *, *, #2491, .F. ) ;
#2702 = DIRECTION ( 'NONE',  ( 0.000000000000000000, 0.000000000000000000, -1.000000000000000000 ) ) ;
#2703 = ORIENTED_EDGE ( 'NONE', *, *, #160, .F. ) ;
#2704 = DIRECTION ( 'NONE',  ( 0.000000000000000000, 0.000000000000000000, 1.000000000000000000 ) ) ;
#2705 = EDGE_CURVE ( 'NONE', #2179, #1650, #278, .T. ) ;
#2706 = DIRECTION ( 'NONE',  ( -1.000000000000000000, -0.000000000000000000, -0.000000000000000000 ) ) ;
#2707 = ORIENTED_EDGE ( 'NONE', *, *, #259, .T. ) ;
#2708 = CARTESIAN_POINT ( 'NONE',  ( 0.000000000000000000, 17.49999999999999645, 19.00000000000000355 ) ) ;
#2709 = DIRECTION ( 'NONE',  ( -1.000000000000000000, -0.000000000000000000, -0.000000000000000000 ) ) ;
#2710 = EDGE_LOOP ( 'NONE', ( #562, #2536 ) ) ;
#2711 = ORIENTED_EDGE ( 'NONE', *, *, #3049, .T. ) ;
#2712 = DIRECTION ( 'NONE',  ( 0.000000000000000000, 0.000000000000000000, -1.000000000000000000 ) ) ;
#2713 = VERTEX_POINT ( 'NONE', #909 ) ;
#2714 = CARTESIAN_POINT ( 'NONE',  ( 8.000000000000000000, 16.00000000000000355, -4.625000000000000888 ) ) ;
#2715 = VERTEX_POINT ( 'NONE', #169 ) ;
#2716 = ADVANCED_FACE ( 'NONE', ( #92 ), #1197, .T. ) ;
#2717 = CARTESIAN_POINT ( 'NONE',  ( 9.000000000000001776, 16.00000000000000355, 1.500000000000000444 ) ) ;
#2718 = VERTEX_POINT ( 'NONE', #1904 ) ;
#2719 = FACE_BOUND ( 'NONE', #2812, .T. ) ;
#2720 = DIRECTION ( 'NONE',  ( 0.000000000000000000, 0.000000000000000000, -1.000000000000000000 ) ) ;
#2721 = VERTEX_POINT ( 'NONE', #1873 ) ;
#2722 = VERTEX_POINT ( 'NONE', #1627 ) ;
#2723 = AXIS2_PLACEMENT_3D ( 'NONE', #1146, #606, #1113 ) ;
#2724 = DIRECTION ( 'NONE',  ( -1.000000000000000000, -0.000000000000000000, -0.000000000000000000 ) ) ;
#2725 = AXIS2_PLACEMENT_3D ( 'NONE', #258, #281, #34 ) ;
#2726 = EDGE_LOOP ( 'NONE', ( #2588, #1038 ) ) ;
#2727 = AXIS2_PLACEMENT_3D ( 'NONE', #2993, #1958, #1493 ) ;
#2728 = CARTESIAN_POINT ( 'NONE',  ( 1.000000000000000000, -16.00000000000000355, -5.000000000000000000 ) ) ;
#2729 = ORIENTED_EDGE ( 'NONE', *, *, #1749, .F. ) ;
#2730 = AXIS2_PLACEMENT_3D ( 'NONE', #3076, #2858, #375 ) ;
#2731 = CIRCLE ( 'NONE', #2271, 0.5000000000000004441 ) ;
#2732 = FACE_OUTER_BOUND ( 'NONE', #299, .T. ) ;
#2733 = EDGE_CURVE ( 'NONE', #1188, #1431, #2598, .T. ) ;
#2734 = EDGE_CURVE ( 'NONE', #3152, #1121, #489, .T. ) ;
#2735 = ORIENTED_EDGE ( 'NONE', *, *, #2533, .T. ) ;
#2736 = CARTESIAN_POINT ( 'NONE',  ( 1.000000000000000000, 0.000000000000000000, 0.000000000000000000 ) ) ;
#2737 = DIRECTION ( 'NONE',  ( -1.000000000000000000, -0.000000000000000000, -0.000000000000000000 ) ) ;
#2738 = VECTOR ( 'NONE', #3007, 1000.000000000000000 ) ;
#2739 = ORIENTED_EDGE ( 'NONE', *, *, #411, .T. ) ;
#2740 = CYLINDRICAL_SURFACE ( 'NONE', #1908, 0.3749999999999994449 ) ;
#2741 = ORIENTED_EDGE ( 'NONE', *, *, #2068, .F. ) ;
#2742 = DIRECTION ( 'NONE',  ( 1.000000000000000000, 0.000000000000000000, 0.000000000000000000 ) ) ;
#2743 =( GEOMETRIC_REPRESENTATION_CONTEXT ( 3 ) GLOBAL_UNCERTAINTY_ASSIGNED_CONTEXT ( ( #2135 ) ) GLOBAL_UNIT_ASSIGNED_CONTEXT ( ( #394, #1835, #2809 ) ) REPRESENTATION_CONTEXT ( 'NONE', 'WORKASPACE' ) );
#2744 = ORIENTED_EDGE ( 'NONE', *, *, #1662, .F. ) ;
#2745 = FACE_OUTER_BOUND ( 'NONE', #1721, .T. ) ;
#2746 = CARTESIAN_POINT ( 'NONE',  ( 1.000000000000000000, -8.673617379884033500E-16, 8.999999999999998224 ) ) ;
#2747 = CARTESIAN_POINT ( 'NONE',  ( 8.000000000000000000, 16.00000000000000355, -7.374999999999996447 ) ) ;
#2748 = ADVANCED_FACE ( 'NONE', ( #670 ), #579, .F. ) ;
#2749 = FACE_BOUND ( 'NONE', #883, .T. ) ;
#2750 = CARTESIAN_POINT ( 'NONE',  ( 1.000000000000000000, -17.49999999999999645, 19.00000000000000000 ) ) ;
#2751 = VERTEX_POINT ( 'NONE', #2518 ) ;
#2752 = EDGE_CURVE ( 'NONE', #610, #1159, #1916, .T. ) ;
#2753 = CARTESIAN_POINT ( 'NONE',  ( 8.000000000000000000, -16.00000000000000355, -7.374999999999996447 ) ) ;
#2754 = ORIENTED_EDGE ( 'NONE', *, *, #2067, .F. ) ;
#2755 = CARTESIAN_POINT ( 'NONE',  ( 19.00000000000000000, 0.000000000000000000, 0.000000000000000000 ) ) ;
#2756 = DIRECTION ( 'NONE',  ( -1.000000000000000000, -0.000000000000000000, -0.000000000000000000 ) ) ;
#2757 = ORIENTED_EDGE ( 'NONE', *, *, #869, .T. ) ;
#2758 = CYLINDRICAL_SURFACE ( 'NONE', #1393, 1.500000000000000444 ) ;
#2759 = LINE ( 'NONE', #69, #1092 ) ;
#2760 = CARTESIAN_POINT ( 'NONE',  ( 5.000000000000000000, 9.000000000000001776, 9.000000000000000000 ) ) ;
#2761 = CIRCLE ( 'NONE', #1332, 6.000000000000000888 ) ;
#2762 = DIRECTION ( 'NONE',  ( 0.000000000000000000, 0.000000000000000000, -1.000000000000000000 ) ) ;
#2763 = CARTESIAN_POINT ( 'NONE',  ( 8.000000000000000000, -16.00000000000000355, 7.375000000000000000 ) ) ;
#2764 = EDGE_LOOP ( 'NONE', ( #2074, #3004, #1487, #940 ) ) ;
#2765 = CIRCLE ( 'NONE', #313, 1.500000000000000444 ) ;
#2766 = CARTESIAN_POINT ( 'NONE',  ( 20.00000000000000000, 0.000000000000000000, 16.50000000000000000 ) ) ;
#2767 = EDGE_CURVE ( 'NONE', #2841, #587, #1414, .T. ) ;
#2768 = VERTEX_POINT ( 'NONE', #2769 ) ;
#2769 = CARTESIAN_POINT ( 'NONE',  ( 5.000000000000000000, -8.999999999999998224, -9.000000000000001776 ) ) ;
#2770 = DIRECTION ( 'NONE',  ( 0.000000000000000000, 0.000000000000000000, 1.000000000000000000 ) ) ;
#2771 = CIRCLE ( 'NONE', #2313, 1.500000000000000444 ) ;
#2772 = DIRECTION ( 'NONE',  ( 0.000000000000000000, 0.000000000000000000, 1.000000000000000000 ) ) ;
#2773 = ORIENTED_EDGE ( 'NONE', *, *, #1778, .T. ) ;
#2774 = CIRCLE ( 'NONE', #1039, 0.5000000000000004441 ) ;
#2775 = CARTESIAN_POINT ( 'NONE',  ( 1.000000000000000000, -17.00000000000000355, 15.75000000000000355 ) ) ;
#2776 = CIRCLE ( 'NONE', #2427, 1.249999999999997558 ) ;
#2777 = ORIENTED_EDGE ( 'NONE', *, *, #649, .T. ) ;
#2778 = FACE_OUTER_BOUND ( 'NONE', #1494, .T. ) ;
#2779 = CIRCLE ( 'NONE', #2686, 1.749999999999999778 ) ;
#2780 = DIRECTION ( 'NONE',  ( 0.000000000000000000, 0.000000000000000000, -1.000000000000000000 ) ) ;
#2781 = DIRECTION ( 'NONE',  ( 0.000000000000000000, 0.000000000000000000, -1.000000000000000000 ) ) ;
#2782 = ADVANCED_FACE ( 'NONE', ( #2389 ), #2277, .F. ) ;
#2783 = DIRECTION ( 'NONE',  ( -1.000000000000000000, -0.000000000000000000, -0.000000000000000000 ) ) ;
#2784 = CIRCLE ( 'NONE', #1408, 0.3749999999999994449 ) ;
#2785 = ORIENTED_EDGE ( 'NONE', *, *, #76, .T. ) ;
#2786 = VECTOR ( 'NONE', #2474, 1000.000000000000000 ) ;
#2787 = CARTESIAN_POINT ( 'NONE',  ( 8.000000000000000000, 16.00000000000000000, 5.375000000000000000 ) ) ;
#2788 = EDGE_LOOP ( 'NONE', ( #1498, #530 ) ) ;
#2789 = EDGE_CURVE ( 'NONE', #1826, #583, #3140, .T. ) ;
#2790 = DIRECTION ( 'NONE',  ( 1.000000000000000000, 0.000000000000000000, 0.000000000000000000 ) ) ;
#2791 = DIRECTION ( 'NONE',  ( 0.000000000000000000, 0.000000000000000000, -1.000000000000000000 ) ) ;
#2792 = CARTESIAN_POINT ( 'NONE',  ( 8.000000000000000000, -16.00000000000000355, 7.375000000000000000 ) ) ;
#2793 = ORIENTED_EDGE ( 'NONE', *, *, #1019, .F. ) ;
#2794 = CARTESIAN_POINT ( 'NONE',  ( 9.000000000000001776, -16.00000000000000355, -6.000000000000000888 ) ) ;
#2795 = ORIENTED_EDGE ( 'NONE', *, *, #277, .T. ) ;
#2796 = DIRECTION ( 'NONE',  ( 0.000000000000000000, 0.000000000000000000, 1.000000000000000000 ) ) ;
#2797 = DIRECTION ( 'NONE',  ( 1.000000000000000000, 0.000000000000000000, 0.000000000000000000 ) ) ;
#2798 = CYLINDRICAL_SURFACE ( 'NONE', #888, 1.749999999999999778 ) ;
#2799 = ORIENTED_EDGE ( 'NONE', *, *, #709, .T. ) ;
#2800 = LINE ( 'NONE', #385, #2169 ) ;
#2801 = ORIENTED_EDGE ( 'NONE', *, *, #2649, .F. ) ;
#2802 = DIRECTION ( 'NONE',  ( 0.000000000000000000, 0.000000000000000000, 1.000000000000000000 ) ) ;
#2803 = CARTESIAN_POINT ( 'NONE',  ( 13.00000000000000178, -16.00000000000000355, 0.000000000000000000 ) ) ;
#2804 = ORIENTED_EDGE ( 'NONE', *, *, #2961, .F. ) ;
#2805 = DIRECTION ( 'NONE',  ( 0.000000000000000000, 0.000000000000000000, 1.000000000000000000 ) ) ;
#2806 = ORIENTED_EDGE ( 'NONE', *, *, #2028, .T. ) ;
#2807 = EDGE_CURVE ( 'NONE', #3115, #2479, #2016, .T. ) ;
#2808 = CARTESIAN_POINT ( 'NONE',  ( 20.00000000000000000, 0.000000000000000000, 0.000000000000000000 ) ) ;
#2809 =( NAMED_UNIT ( * ) SI_UNIT ( $, .STERADIAN. ) SOLID_ANGLE_UNIT ( ) );
#2810 = DIRECTION ( 'NONE',  ( 1.000000000000000000, 0.000000000000000000, -0.000000000000000000 ) ) ;
#2811 = CYLINDRICAL_SURFACE ( 'NONE', #1808, 1.749999999999999778 ) ;
#2812 = EDGE_LOOP ( 'NONE', ( #240, #513 ) ) ;
#2813 = VECTOR ( 'NONE', #1849, 1000.000000000000000 ) ;
#2814 = FACE_BOUND ( 'NONE', #2475, .T. ) ;
#2815 = EDGE_LOOP ( 'NONE', ( #1679, #2657, #2215, #2015 ) ) ;
#2816 = AXIS2_PLACEMENT_3D ( 'NONE', #1556, #1106, #2791 ) ;
#2817 = DIRECTION ( 'NONE',  ( 0.000000000000000000, 0.000000000000000000, 1.000000000000000000 ) ) ;
#2818 = FACE_OUTER_BOUND ( 'NONE', #1790, .T. ) ;
#2819 = CIRCLE ( 'NONE', #1745, 5.000000000000000888 ) ;
#2820 = EDGE_CURVE ( 'NONE', #356, #419, #2146, .T. ) ;
#2821 = ORIENTED_EDGE ( 'NONE', *, *, #2514, .T. ) ;
#2822 = CIRCLE ( 'NONE', #1445, 1.250000000000001110 ) ;
#2823 = CARTESIAN_POINT ( 'NONE',  ( 0.000000000000000000, 19.00000000000000000, -17.49999999999999289 ) ) ;
#2824 = ORIENTED_EDGE ( 'NONE', *, *, #2458, .T. ) ;
#2825 = DIRECTION ( 'NONE',  ( 1.000000000000000000, 0.000000000000000000, -0.000000000000000000 ) ) ;
#2826 = CIRCLE ( 'NONE', #59, 0.3749999999999994449 ) ;
#2827 = EDGE_CURVE ( 'NONE', #903, #2151, #3086, .T. ) ;
#2828 = EDGE_CURVE ( 'NONE', #2444, #2388, #2126, .T. ) ;
#2829 = CIRCLE ( 'NONE', #12, 1.500000000000001332 ) ;
#2830 = ADVANCED_FACE ( 'NONE', ( #338 ), #3021, .T. ) ;
#2831 = CARTESIAN_POINT ( 'NONE',  ( 12.00000000000000000, -16.00000000000000355, -1.500000000000000444 ) ) ;
#2832 = CARTESIAN_POINT ( 'NONE',  ( 1.000000000000000000, -16.00000000000000355, 7.000000000000000000 ) ) ;
#2833 = CARTESIAN_POINT ( 'NONE',  ( 9.000000000000001776, -16.00000000000000355, -7.750000000000000888 ) ) ;
#2834 = VERTEX_POINT ( 'NONE', #2132 ) ;
#2835 = CIRCLE ( 'NONE', #1451, 1.500000000000000444 ) ;
#2836 = AXIS2_PLACEMENT_3D ( 'NONE', #429, #3146, #475 ) ;
#2837 = ORIENTED_EDGE ( 'NONE', *, *, #3001, .T. ) ;
#2838 = VECTOR ( 'NONE', #2188, 1000.000000000000000 ) ;
#2839 = CARTESIAN_POINT ( 'NONE',  ( 8.000000000000000000, 16.00000000000000355, 0.000000000000000000 ) ) ;
#2840 = AXIS2_PLACEMENT_3D ( 'NONE', #553, #1530, #1546 ) ;
#2841 = VERTEX_POINT ( 'NONE', #1555 ) ;
#2842 = DIRECTION ( 'NONE',  ( 1.000000000000000000, 0.000000000000000000, 0.000000000000000000 ) ) ;
#2843 = ORIENTED_EDGE ( 'NONE', *, *, #601, .T. ) ;
#2844 = CARTESIAN_POINT ( 'NONE',  ( 20.00000000000000000, 0.000000000000000000, 18.25000000000000355 ) ) ;
#2845 = PRODUCT ( 'MockCamera', 'MockCamera', '', ( #1409 ) ) ;
#2846 = DIRECTION ( 'NONE',  ( 0.000000000000000000, 0.000000000000000000, 1.000000000000000000 ) ) ;
#2847 = CARTESIAN_POINT ( 'NONE',  ( 0.000000000000000000, -19.00000000000000000, 17.50000000000000355 ) ) ;
#2848 = CARTESIAN_POINT ( 'NONE',  ( 8.000000000000000000, 16.00000000000000355, -0.6250000000000006661 ) ) ;
#2849 = VERTEX_POINT ( 'NONE', #2538 ) ;
#2850 = EDGE_CURVE ( 'NONE', #364, #957, #1167, .T. ) ;
#2851 = CARTESIAN_POINT ( 'NONE',  ( 5.000000000000000000, 9.000000000000001776, -9.000000000000000000 ) ) ;
#2852 = DIRECTION ( 'NONE',  ( -1.000000000000000000, 0.000000000000000000, 0.000000000000000000 ) ) ;
#2853 = EDGE_LOOP ( 'NONE', ( #668, #1696, #2381, #1441 ) ) ;
#2854 = EDGE_CURVE ( 'NONE', #718, #2718, #923, .T. ) ;
#2855 = DIRECTION ( 'NONE',  ( 0.000000000000000000, 0.000000000000000000, -1.000000000000000000 ) ) ;
#2856 = VERTEX_POINT ( 'NONE', #7 ) ;
#2857 = LINE ( 'NONE', #1895, #3034 ) ;
#2858 = DIRECTION ( 'NONE',  ( -1.000000000000000000, 0.000000000000000000, -0.000000000000000000 ) ) ;
#2859 = ORIENTED_EDGE ( 'NONE', *, *, #1087, .F. ) ;
#2860 = CARTESIAN_POINT ( 'NONE',  ( 8.000000000000000000, -16.00000000000000355, -1.750000000000000000 ) ) ;
#2861 = DIRECTION ( 'NONE',  ( -1.000000000000000000, -0.000000000000000000, -0.000000000000000000 ) ) ;
#2862 = CARTESIAN_POINT ( 'NONE',  ( 1.000000000000000000, -17.49999999999999645, 17.50000000000000355 ) ) ;
#2863 = LINE ( 'NONE', #1870, #2222 ) ;
#2864 = EDGE_LOOP ( 'NONE', ( #1878, #2949 ) ) ;
#2865 = DIRECTION ( 'NONE',  ( 0.000000000000000000, 0.000000000000000000, 1.000000000000000000 ) ) ;
#2866 = VERTEX_POINT ( 'NONE', #1225 ) ;
#2867 = EDGE_CURVE ( 'NONE', #1748, #2372, #992, .T. ) ;
#2868 = EDGE_CURVE ( 'NONE', #1326, #227, #958, .T. ) ;
#2869 = DIRECTION ( 'NONE',  ( -1.000000000000000000, -0.000000000000000000, 0.000000000000000000 ) ) ;
#2870 = ORIENTED_EDGE ( 'NONE', *, *, #2297, .T. ) ;
#2871 = AXIS2_PLACEMENT_3D ( 'NONE', #2090, #2825, #663 ) ;
#2872 = DIRECTION ( 'NONE',  ( 0.000000000000000000, -1.000000000000000000, -9.637352644315595243E-17 ) ) ;
#2873 = AXIS2_PLACEMENT_3D ( 'NONE', #2465, #1067, #570 ) ;
#2874 = ORIENTED_EDGE ( 'NONE', *, *, #102, .F. ) ;
#2875 = FACE_OUTER_BOUND ( 'NONE', #1156, .T. ) ;
#2876 = TOROIDAL_SURFACE ( 'NONE', #1184, 0.5000000000000004441, 1.000000000000000000 ) ;
#2877 = DIRECTION ( 'NONE',  ( -1.000000000000000000, -0.000000000000000000, -0.000000000000000000 ) ) ;
#2878 = AXIS2_PLACEMENT_3D ( 'NONE', #2586, #140, #1370 ) ;
#2879 = ORIENTED_EDGE ( 'NONE', *, *, #472, .F. ) ;
#2880 = DIRECTION ( 'NONE',  ( 0.000000000000000000, 0.000000000000000000, -1.000000000000000000 ) ) ;
#2881 = DIRECTION ( 'NONE',  ( 0.000000000000000000, 1.000000000000000000, 9.130123557772669567E-17 ) ) ;
#2882 = DIRECTION ( 'NONE',  ( 0.000000000000000000, 0.000000000000000000, -1.000000000000000000 ) ) ;
#2883 = AXIS2_PLACEMENT_3D ( 'NONE', #1474, #1270, #238 ) ;
#2884 = ORIENTED_EDGE ( 'NONE', *, *, #750, .F. ) ;
#2885 = DIRECTION ( 'NONE',  ( 1.000000000000000000, 0.000000000000000000, 0.000000000000000000 ) ) ;
#2886 = ORIENTED_EDGE ( 'NONE', *, *, #783, .T. ) ;
#2887 = AXIS2_PLACEMENT_3D ( 'NONE', #1315, #322, #2880 ) ;
#2888 = EDGE_CURVE ( 'NONE', #1042, #506, #1691, .T. ) ;
#2889 = DIRECTION ( 'NONE',  ( 1.000000000000000000, 0.000000000000000000, 0.000000000000000000 ) ) ;
#2890 = AXIS2_PLACEMENT_3D ( 'NONE', #1437, #445, #1983 ) ;
#2891 = VERTEX_POINT ( 'NONE', #2208 ) ;
#2892 = FACE_BOUND ( 'NONE', #1520, .T. ) ;
#2893 = PLANE ( 'NONE',  #840 ) ;
#2894 = ORIENTED_EDGE ( 'NONE', *, *, #1122, .F. ) ;
#2895 = EDGE_CURVE ( 'NONE', #200, #1865, #2691, .T. ) ;
#2896 = PLANE ( 'NONE',  #1048 ) ;
#2897 = DIRECTION ( 'NONE',  ( 0.000000000000000000, 0.000000000000000000, 1.000000000000000000 ) ) ;
#2898 = ORIENTED_EDGE ( 'NONE', *, *, #2514, .F. ) ;
#2899 = CARTESIAN_POINT ( 'NONE',  ( 19.00000000000000000, 6.123233995736767268E-16, 5.000000000000000888 ) ) ;
#2900 = ORIENTED_EDGE ( 'NONE', *, *, #1216, .T. ) ;
#2901 = LINE ( 'NONE', #2121, #2430 ) ;
#2902 = VERTEX_POINT ( 'NONE', #2162 ) ;
#2903 = DIRECTION ( 'NONE',  ( -1.000000000000000000, -0.000000000000000000, -0.000000000000000000 ) ) ;
#2904 = ADVANCED_FACE ( 'NONE', ( #1245 ), #280, .T. ) ;
#2905 = FACE_OUTER_BOUND ( 'NONE', #900, .T. ) ;
#2906 = DIRECTION ( 'NONE',  ( -1.000000000000000000, -0.000000000000000000, -0.000000000000000000 ) ) ;
#2907 = CARTESIAN_POINT ( 'NONE',  ( 8.000000000000000000, 16.00000000000000355, 1.374999999999999334 ) ) ;
#2908 = LINE ( 'NONE', #139, #1392 ) ;
#2909 = DIRECTION ( 'NONE',  ( 0.000000000000000000, 0.000000000000000000, 1.000000000000000000 ) ) ;
#2910 = ORIENTED_EDGE ( 'NONE', *, *, #1078, .T. ) ;
#2911 = ORIENTED_EDGE ( 'NONE', *, *, #2699, .T. ) ;
#2912 = CARTESIAN_POINT ( 'NONE',  ( 8.000000000000000000, 16.00000000000000355, 1.374999999999999334 ) ) ;
#2913 = ORIENTED_EDGE ( 'NONE', *, *, #2807, .T. ) ;
#2914 = AXIS2_PLACEMENT_3D ( 'NONE', #3030, #1820, #2796 ) ;
#2915 = FACE_OUTER_BOUND ( 'NONE', #2644, .T. ) ;
#2916 = EDGE_CURVE ( 'NONE', #856, #1331, #2276, .T. ) ;
#2917 = AXIS2_PLACEMENT_3D ( 'NONE', #2331, #3097, #904 ) ;
#2918 = ORIENTED_EDGE ( 'NONE', *, *, #2734, .F. ) ;
#2919 = CIRCLE ( 'NONE', #1953, 1.749999999999999778 ) ;
#2920 = CARTESIAN_POINT ( 'NONE',  ( 0.000000000000000000, -19.00000000000000000, -17.49999999999999645 ) ) ;
#2921 = CARTESIAN_POINT ( 'NONE',  ( 5.000000000000000888, 0.000000000000000000, 0.000000000000000000 ) ) ;
#2922 = DIRECTION ( 'NONE',  ( 1.000000000000000000, 0.000000000000000000, 0.000000000000000000 ) ) ;
#2923 = CIRCLE ( 'NONE', #2003, 0.3749999999999994449 ) ;
#2924 = ADVANCED_FACE ( 'NONE', ( #478 ), #2694, .T. ) ;
#2925 = DIRECTION ( 'NONE',  ( 0.000000000000000000, 0.000000000000000000, -1.000000000000000000 ) ) ;
#2926 = CARTESIAN_POINT ( 'NONE',  ( 13.00000000000000178, -16.00000000000000355, -6.000000000000000888 ) ) ;
#2927 = FACE_OUTER_BOUND ( 'NONE', #1367, .T. ) ;
#2928 = ORIENTED_EDGE ( 'NONE', *, *, #1575, .T. ) ;
#2929 = EDGE_LOOP ( 'NONE', ( #3125, #1734 ) ) ;
#2930 = AXIS2_PLACEMENT_3D ( 'NONE', #2515, #1012, #978 ) ;
#2931 = PRODUCT_DEFINITION_CONTEXT ( 'detailed design', #194, 'design' ) ;
#2932 = CIRCLE ( 'NONE', #833, 1.250000000000001110 ) ;
#2933 = CARTESIAN_POINT ( 'NONE',  ( 8.000000000000000000, -16.00000000000000355, -5.000000000000000000 ) ) ;
#2934 = ORIENTED_EDGE ( 'NONE', *, *, #649, .F. ) ;
#2935 = CIRCLE ( 'NONE', #2883, 1.500000000000001332 ) ;
#2936 = DIRECTION ( 'NONE',  ( -1.000000000000000000, -0.000000000000000000, -0.000000000000000000 ) ) ;
#2937 = AXIS2_PLACEMENT_3D ( 'NONE', #1687, #988, #2460 ) ;
#2938 = ORIENTED_EDGE ( 'NONE', *, *, #1064, .F. ) ;
#2939 = EDGE_CURVE ( 'NONE', #1061, #239, #1663, .T. ) ;
#2940 = AXIS2_PLACEMENT_3D ( 'NONE', #2666, #2139, #229 ) ;
#2941 = DIRECTION ( 'NONE',  ( -1.000000000000000000, -0.000000000000000000, -0.000000000000000000 ) ) ;
#2942 = DIRECTION ( 'NONE',  ( -1.000000000000000000, -0.000000000000000000, 0.000000000000000000 ) ) ;
#2943 = DIRECTION ( 'NONE',  ( -1.000000000000000000, -0.000000000000000000, -0.000000000000000000 ) ) ;
#2944 = LINE ( 'NONE', #201, #2991 ) ;
#2945 = DIRECTION ( 'NONE',  ( 0.000000000000000000, 0.000000000000000000, 1.000000000000000000 ) ) ;
#2946 = ORIENTED_EDGE ( 'NONE', *, *, #2867, .F. ) ;
#2947 = DIRECTION ( 'NONE',  ( -1.000000000000000000, -0.000000000000000000, 0.000000000000000000 ) ) ;
#2948 = EDGE_CURVE ( 'NONE', #2193, #19, #121, .T. ) ;
#2949 = ORIENTED_EDGE ( 'NONE', *, *, #344, .T. ) ;
#2950 = DIRECTION ( 'NONE',  ( 1.000000000000000000, -0.000000000000000000, -0.000000000000000000 ) ) ;
#2951 = ORIENTED_EDGE ( 'NONE', *, *, #1830, .F. ) ;
#2952 = DIRECTION ( 'NONE',  ( 1.000000000000000000, 0.000000000000000000, 0.000000000000000000 ) ) ;
#2953 = ORIENTED_EDGE ( 'NONE', *, *, #2005, .T. ) ;
#2954 = EDGE_CURVE ( 'NONE', #802, #984, #2944, .T. ) ;
#2955 = DIRECTION ( 'NONE',  ( 0.000000000000000000, 0.000000000000000000, 1.000000000000000000 ) ) ;
#2956 = LINE ( 'NONE', #1755, #2001 ) ;
#2957 = ORIENTED_EDGE ( 'NONE', *, *, #1443, .F. ) ;
#2958 = EDGE_LOOP ( 'NONE', ( #1881, #659, #2302, #1675 ) ) ;
#2959 = CARTESIAN_POINT ( 'NONE',  ( 13.00000000000000178, -16.00000000000000355, -7.500000000000001776 ) ) ;
#2960 = ORIENTED_EDGE ( 'NONE', *, *, #383, .F. ) ;
#2961 = EDGE_CURVE ( 'NONE', #2372, #1730, #2020, .T. ) ;
#2962 = ADVANCED_FACE ( 'NONE', ( #702, #250, #1676 ), #2896, .F. ) ;
#2963 = DIRECTION ( 'NONE',  ( 0.000000000000000000, 0.000000000000000000, -1.000000000000000000 ) ) ;
#2964 = ORIENTED_EDGE ( 'NONE', *, *, #1932, .T. ) ;
#2965 = AXIS2_PLACEMENT_3D ( 'NONE', #2575, #1358, #406 ) ;
#2966 = DIRECTION ( 'NONE',  ( -1.000000000000000000, -0.000000000000000000, -0.000000000000000000 ) ) ;
#2967 = ORIENTED_EDGE ( 'NONE', *, *, #1631, .F. ) ;
#2968 = CIRCLE ( 'NONE', #151, 1.500000000000001332 ) ;
#2969 = FACE_BOUND ( 'NONE', #2788, .T. ) ;
#2970 = CARTESIAN_POINT ( 'NONE',  ( 0.000000000000000000, -17.00000000000000355, 17.00000000000000000 ) ) ;
#2971 = CIRCLE ( 'NONE', #1902, 1.750000000000000000 ) ;
#2972 = ORIENTED_EDGE ( 'NONE', *, *, #2888, .F. ) ;
#2973 = LINE ( 'NONE', #780, #1757 ) ;
#2974 = VERTEX_POINT ( 'NONE', #2907 ) ;
#2975 = AXIS2_PLACEMENT_3D ( 'NONE', #2862, #1707, #1639 ) ;
#2976 = CARTESIAN_POINT ( 'NONE',  ( 1.000000000000000888, 0.000000000000000000, 16.50000000000000000 ) ) ;
#2977 = AXIS2_PLACEMENT_3D ( 'NONE', #1860, #1571, #2072 ) ;
#2978 = ORIENTED_EDGE ( 'NONE', *, *, #3158, .T. ) ;
#2979 = AXIS2_PLACEMENT_3D ( 'NONE', #1327, #104, #2661 ) ;
#2980 = CARTESIAN_POINT ( 'NONE',  ( 1.000000000000000000, 17.49999999999999645, -18.99999999999999289 ) ) ;
#2981 = VERTEX_POINT ( 'NONE', #2659 ) ;
#2982 = EDGE_CURVE ( 'NONE', #82, #2186, #333, .T. ) ;
#2983 = AXIS2_PLACEMENT_3D ( 'NONE', #3063, #637, #1566 ) ;
#2984 = CARTESIAN_POINT ( 'NONE',  ( 5.000000000000000000, 9.000000000000001776, 9.000000000000000000 ) ) ;
#2985 = CARTESIAN_POINT ( 'NONE',  ( 1.000000000000000000, -16.00000000000000355, -1.000000000000000000 ) ) ;
#2986 = ADVANCED_FACE ( 'NONE', ( #219 ), #3148, .F. ) ;
#2987 = CARTESIAN_POINT ( 'NONE',  ( 1.000000000000000000, -19.00000000000000000, -17.49999999999999645 ) ) ;
#2988 = AXIS2_PLACEMENT_3D ( 'NONE', #642, #398, #2630 ) ;
#2989 = DIRECTION ( 'NONE',  ( 0.000000000000000000, -1.000000000000000000, 0.000000000000000000 ) ) ;
#2990 = CARTESIAN_POINT ( 'NONE',  ( 9.000000000000001776, 16.00000000000000355, 4.250000000000000000 ) ) ;
#2991 = VECTOR ( 'NONE', #1210, 1000.000000000000000 ) ;
#2992 = VERTEX_POINT ( 'NONE', #751 ) ;
#2993 = CARTESIAN_POINT ( 'NONE',  ( 9.000000000000001776, 16.00000000000000355, -6.000000000000000888 ) ) ;
#2994 = VERTEX_POINT ( 'NONE', #1725 ) ;
#2995 = CARTESIAN_POINT ( 'NONE',  ( 8.000000000000000000, -16.00000000000000355, -5.000000000000000000 ) ) ;
#2996 = DIRECTION ( 'NONE',  ( -1.000000000000000000, -0.000000000000000000, 0.000000000000000000 ) ) ;
#2997 = VERTEX_POINT ( 'NONE', #2708 ) ;
#2998 = CARTESIAN_POINT ( 'NONE',  ( 8.000000000000000000, 16.00000000000000355, -7.374999999999996447 ) ) ;
#2999 = CARTESIAN_POINT ( 'NONE',  ( 1.000000000000000000, 16.00000000000000355, -1.374999999999999556 ) ) ;
#3000 = PLANE ( 'NONE',  #768 ) ;
#3001 = EDGE_CURVE ( 'NONE', #2849, #502, #744, .T. ) ;
#3002 = FACE_BOUND ( 'NONE', #3107, .T. ) ;
#3003 = CYLINDRICAL_SURFACE ( 'NONE', #995, 1.750000000000000000 ) ;
#3004 = ORIENTED_EDGE ( 'NONE', *, *, #2481, .T. ) ;
#3005 = CARTESIAN_POINT ( 'NONE',  ( 13.00000000000000178, -16.00000000000000355, 0.000000000000000000 ) ) ;
#3006 = EDGE_LOOP ( 'NONE', ( #2824, #1719 ) ) ;
#3007 = DIRECTION ( 'NONE',  ( -1.000000000000000000, -0.000000000000000000, -0.000000000000000000 ) ) ;
#3008 = CARTESIAN_POINT ( 'NONE',  ( 1.000000000000000000, -16.00000000000000355, -7.000000000000000000 ) ) ;
#3009 = ORIENTED_EDGE ( 'NONE', *, *, #2149, .F. ) ;
#3010 = ADVANCED_FACE ( 'NONE', ( #777 ), #2012, .T. ) ;
#3011 = CARTESIAN_POINT ( 'NONE',  ( 1.000000000000000000, -17.00000000000000355, 17.00000000000000000 ) ) ;
#3012 = CARTESIAN_POINT ( 'NONE',  ( 0.000000000000000000, 17.00000000000000711, -17.00000000000000000 ) ) ;
#3013 = DIRECTION ( 'NONE',  ( 0.000000000000000000, 0.000000000000000000, 1.000000000000000000 ) ) ;
#3014 = DIRECTION ( 'NONE',  ( 1.000000000000000000, 0.000000000000000000, 0.000000000000000000 ) ) ;
#3015 = ORIENTED_EDGE ( 'NONE', *, *, #1778, .F. ) ;
#3016 = ADVANCED_FACE ( 'NONE', ( #542, #1994, #1323, #97, #37, #810, #3002, #2299, #331, #2719, #527, #346, #2249, #825, #1769, #1308, #2969, #2749, #2283 ), #2528, .T. ) ;
#3017 = AXIS2_PLACEMENT_3D ( 'NONE', #2163, #2660, #2338 ) ;
#3018 = DIRECTION ( 'NONE',  ( -1.000000000000000000, -0.000000000000000000, -0.000000000000000000 ) ) ;
#3019 = ORIENTED_EDGE ( 'NONE', *, *, #1852, .F. ) ;
#3020 = CIRCLE ( 'NONE', #1747, 0.3749999999999994449 ) ;
#3021 = CYLINDRICAL_SURFACE ( 'NONE', #1560, 0.3749999999999994449 ) ;
#3022 = DIRECTION ( 'NONE',  ( 0.000000000000000000, 0.000000000000000000, 1.000000000000000000 ) ) ;
#3023 = AXIS2_PLACEMENT_3D ( 'NONE', #2976, #2947, #287 ) ;
#3024 = CARTESIAN_POINT ( 'NONE',  ( 9.000000000000001776, 16.00000000000000355, 6.000000000000000000 ) ) ;
#3025 = EDGE_LOOP ( 'NONE', ( #701, #2033 ) ) ;
#3026 = CIRCLE ( 'NONE', #782, 1.500000000000000444 ) ;
#3027 = CARTESIAN_POINT ( 'NONE',  ( 12.00000000000000000, 16.00000000000000355, 0.000000000000000000 ) ) ;
#3028 = AXIS2_PLACEMENT_3D ( 'NONE', #2985, #48, #1319 ) ;
#3029 = VERTEX_POINT ( 'NONE', #1020 ) ;
#3030 = CARTESIAN_POINT ( 'NONE',  ( 8.000000000000000000, 16.00000000000000355, 0.000000000000000000 ) ) ;
#3031 = SHAPE_DEFINITION_REPRESENTATION ( #2354, #2564 ) ;
#3032 = CARTESIAN_POINT ( 'NONE',  ( 1.000000000000000000, -17.49999999999999645, 17.50000000000000355 ) ) ;
#3033 = CARTESIAN_POINT ( 'NONE',  ( 9.000000000000001776, -16.00000000000000355, 4.250000000000000000 ) ) ;
#3034 = VECTOR ( 'NONE', #2872, 1000.000000000000000 ) ;
#3035 = EDGE_LOOP ( 'NONE', ( #753, #1523 ) ) ;
#3036 = AXIS2_PLACEMENT_3D ( 'NONE', #2108, #116, #2128 ) ;
#3037 = DIRECTION ( 'NONE',  ( -1.000000000000000000, -0.000000000000000000, -0.000000000000000000 ) ) ;
#3038 = ORIENTED_EDGE ( 'NONE', *, *, #457, .F. ) ;
#3039 = EDGE_CURVE ( 'NONE', #1042, #1252, #590, .T. ) ;
#3040 = DIRECTION ( 'NONE',  ( -0.000000000000000000, 0.000000000000000000, 1.000000000000000000 ) ) ;
#3041 = ORIENTED_EDGE ( 'NONE', *, *, #2498, .T. ) ;
#3042 = CARTESIAN_POINT ( 'NONE',  ( 12.00000000000000000, 16.00000000000000355, 5.500000000000000000 ) ) ;
#3043 = ORIENTED_EDGE ( 'NONE', *, *, #1987, .F. ) ;
#3044 = DIRECTION ( 'NONE',  ( -1.000000000000000000, -0.000000000000000000, -0.000000000000000000 ) ) ;
#3045 = CYLINDRICAL_SURFACE ( 'NONE', #1004, 1.750000000000001554 ) ;
#3046 = LINE ( 'NONE', #1592, #775 ) ;
#3047 = DIRECTION ( 'NONE',  ( 0.000000000000000000, 0.000000000000000000, -1.000000000000000000 ) ) ;
#3048 = ORIENTED_EDGE ( 'NONE', *, *, #2453, .F. ) ;
#3049 = EDGE_CURVE ( 'NONE', #2503, #1233, #762, .T. ) ;
#3050 = EDGE_CURVE ( 'NONE', #1352, #1188, #3092, .T. ) ;
#3051 = CARTESIAN_POINT ( 'NONE',  ( 20.00000000000000000, 2.143131898507868790E-16, 14.75000000000000000 ) ) ;
#3052 = ORIENTED_EDGE ( 'NONE', *, *, #294, .F. ) ;
#3053 = FACE_OUTER_BOUND ( 'NONE', #1203, .T. ) ;
#3054 = CARTESIAN_POINT ( 'NONE',  ( 1.000000000000000000, 17.00000000000000711, -17.00000000000000000 ) ) ;
#3055 = EDGE_LOOP ( 'NONE', ( #231, #521 ) ) ;
#3056 = EDGE_CURVE ( 'NONE', #43, #2856, #641, .T. ) ;
#3057 = EDGE_CURVE ( 'NONE', #1103, #749, #791, .T. ) ;
#3058 = DIRECTION ( 'NONE',  ( 1.000000000000000000, 0.000000000000000000, 0.000000000000000000 ) ) ;
#3059 = ORIENTED_EDGE ( 'NONE', *, *, #983, .T. ) ;
#3060 = CARTESIAN_POINT ( 'NONE',  ( 9.000000000000001776, -16.00000000000000355, -6.000000000000000888 ) ) ;
#3061 = DIRECTION ( 'NONE',  ( 0.000000000000000000, 0.000000000000000000, 1.000000000000000000 ) ) ;
#3062 = CARTESIAN_POINT ( 'NONE',  ( 5.000000000000000000, 0.000000000000000000, 0.000000000000000000 ) ) ;
#3063 = CARTESIAN_POINT ( 'NONE',  ( 9.000000000000001776, 16.00000000000000355, 6.000000000000000000 ) ) ;
#3064 = EDGE_LOOP ( 'NONE', ( #1126, #1446, #779, #613 ) ) ;
#3065 = ADVANCED_FACE ( 'NONE', ( #1518, #297, #284 ), #1259, .T. ) ;
#3066 = CIRCLE ( 'NONE', #2048, 0.5000000000000004441 ) ;
#3067 = CARTESIAN_POINT ( 'NONE',  ( 1.000000000000000000, 16.00000000000000355, -4.625000000000000888 ) ) ;
#3068 = ORIENTED_EDGE ( 'NONE', *, *, #581, .F. ) ;
#3069 = ADVANCED_FACE ( 'NONE', ( #569 ), #1053, .T. ) ;
#3070 = AXIS2_PLACEMENT_3D ( 'NONE', #1093, #369, #2817 ) ;
#3071 = DIRECTION ( 'NONE',  ( 0.000000000000000000, 0.000000000000000000, 1.000000000000000000 ) ) ;
#3072 = CARTESIAN_POINT ( 'NONE',  ( 8.000000000000000000, -16.00000000000000355, 1.750000000000000000 ) ) ;
#3073 = VECTOR ( 'NONE', #3164, 1000.000000000000000 ) ;
#3074 = ORIENTED_EDGE ( 'NONE', *, *, #665, .F. ) ;
#3075 = CIRCLE ( 'NONE', #2975, 1.500000000000001332 ) ;
#3076 = CARTESIAN_POINT ( 'NONE',  ( 8.000000000000000000, 16.00000000000000355, 0.000000000000000000 ) ) ;
#3077 = EDGE_CURVE ( 'NONE', #1385, #1326, #2537, .T. ) ;
#3078 = ORIENTED_EDGE ( 'NONE', *, *, #3082, .F. ) ;
#3079 = LINE ( 'NONE', #1388, #1788 ) ;
#3080 = DIRECTION ( 'NONE',  ( 0.000000000000000000, -1.000000000000000000, 0.000000000000000000 ) ) ;
#3081 = FACE_BOUND ( 'NONE', #1185, .T. ) ;
#3082 = EDGE_CURVE ( 'NONE', #2981, #996, #1151, .T. ) ;
#3083 = FACE_OUTER_BOUND ( 'NONE', #1709, .T. ) ;
#3084 = ORIENTED_EDGE ( 'NONE', *, *, #2458, .F. ) ;
#3085 = CIRCLE ( 'NONE', #737, 1.500000000000000444 ) ;
#3086 = LINE ( 'NONE', #2113, #491 ) ;
#3087 = TOROIDAL_SURFACE ( 'NONE', #584, 0.5000000000000006661, 1.000000000000000000 ) ;
#3088 = DIRECTION ( 'NONE',  ( 0.000000000000000000, 0.000000000000000000, 1.000000000000000000 ) ) ;
#3089 = ORIENTED_EDGE ( 'NONE', *, *, #1333, .T. ) ;
#3090 = CIRCLE ( 'NONE', #1713, 0.3749999999999994449 ) ;
#3091 = FACE_OUTER_BOUND ( 'NONE', #109, .T. ) ;
#3092 = CIRCLE ( 'NONE', #2840, 1.749999999999999778 ) ;
#3093 = EDGE_LOOP ( 'NONE', ( #120, #2292, #1484, #3139 ) ) ;
#3094 = CARTESIAN_POINT ( 'NONE',  ( 8.000000000000000000, 16.00000000000000355, -1.000000000000000000 ) ) ;
#3095 = DIRECTION ( 'NONE',  ( -1.000000000000000000, -0.000000000000000000, -0.000000000000000000 ) ) ;
#3096 = ORIENTED_EDGE ( 'NONE', *, *, #2028, .F. ) ;
#3097 = DIRECTION ( 'NONE',  ( 0.000000000000000000, -1.000000000000000000, 0.000000000000000000 ) ) ;
#3098 = CARTESIAN_POINT ( 'NONE',  ( 0.000000000000000000, 17.49999999999999645, 17.50000000000000000 ) ) ;
#3099 = CARTESIAN_POINT ( 'NONE',  ( 12.00000000000000000, 16.00000000000000355, 1.500000000000000444 ) ) ;
#3100 = EDGE_LOOP ( 'NONE', ( #376, #3019 ) ) ;
#3101 = ADVANCED_FACE ( 'NONE', ( #1161 ), #1884, .T. ) ;
#3102 = ADVANCED_FACE ( 'NONE', ( #605 ), #164, .T. ) ;
#3103 = DIRECTION ( 'NONE',  ( -1.000000000000000000, -0.000000000000000000, -0.000000000000000000 ) ) ;
#3104 = CARTESIAN_POINT ( 'NONE',  ( 8.000000000000000000, -16.00000000000000355, 1.000000000000000000 ) ) ;
#3105 = ORIENTED_EDGE ( 'NONE', *, *, #1405, .T. ) ;
#3106 = LINE ( 'NONE', #720, #157 ) ;
#3107 = EDGE_LOOP ( 'NONE', ( #1215, #1607 ) ) ;
#3108 = CARTESIAN_POINT ( 'NONE',  ( 1.000000000000000000, -19.00000000000000000, 17.50000000000000355 ) ) ;
#3109 = CARTESIAN_POINT ( 'NONE',  ( 12.00000000000000000, 16.00000000000000355, -6.000000000000000888 ) ) ;
#3110 = ORIENTED_EDGE ( 'NONE', *, *, #1264, .F. ) ;
#3111 = DIRECTION ( 'NONE',  ( 1.000000000000000000, 0.000000000000000000, 0.000000000000000000 ) ) ;
#3112 = ADVANCED_FACE ( 'NONE', ( #1623 ), #3045, .T. ) ;
#3113 = CYLINDRICAL_SURFACE ( 'NONE', #2673, 1.250000000000001110 ) ;
#3114 = CARTESIAN_POINT ( 'NONE',  ( 13.00000000000000178, 16.00000000000000355, -6.000000000000000888 ) ) ;
#3115 = VERTEX_POINT ( 'NONE', #1128 ) ;
#3116 = CARTESIAN_POINT ( 'NONE',  ( 19.00000000000000000, 0.000000000000000000, 0.000000000000000000 ) ) ;
#3117 = DIRECTION ( 'NONE',  ( 0.000000000000000000, 0.000000000000000000, -1.000000000000000000 ) ) ;
#3118 = EDGE_CURVE ( 'NONE', #2497, #2713, #2383, .T. ) ;
#3119 = ORIENTED_EDGE ( 'NONE', *, *, #640, .F. ) ;
#3120 = AXIS2_PLACEMENT_3D ( 'NONE', #1322, #2076, #2546 ) ;
#3121 = DIRECTION ( 'NONE',  ( 0.000000000000000000, 0.000000000000000000, -1.000000000000000000 ) ) ;
#3122 = EDGE_LOOP ( 'NONE', ( #2946, #1023, #2574, #2804 ) ) ;
#3123 = CARTESIAN_POINT ( 'NONE',  ( 12.00000000000000000, 16.00000000000000355, 6.000000000000000000 ) ) ;
#3124 = CIRCLE ( 'NONE', #416, 0.5000000000000004441 ) ;
#3125 = ORIENTED_EDGE ( 'NONE', *, *, #2087, .T. ) ;
#3126 = VECTOR ( 'NONE', #1624, 1000.000000000000000 ) ;
#3127 = DIRECTION ( 'NONE',  ( 0.000000000000000000, 0.000000000000000000, -1.000000000000000000 ) ) ;
#3128 = AXIS2_PLACEMENT_3D ( 'NONE', #127, #2307, #3040 ) ;
#3129 = DIRECTION ( 'NONE',  ( -1.000000000000000000, -0.000000000000000000, -0.000000000000000000 ) ) ;
#3130 = ORIENTED_EDGE ( 'NONE', *, *, #1987, .T. ) ;
#3131 = AXIS2_PLACEMENT_3D ( 'NONE', #2487, #1231, #2253 ) ;
#3132 = CARTESIAN_POINT ( 'NONE',  ( 1.000000000000000000, 16.99999999999999645, 17.00000000000000000 ) ) ;
#3133 = DIRECTION ( 'NONE',  ( 0.000000000000000000, 0.000000000000000000, -1.000000000000000000 ) ) ;
#3134 = CARTESIAN_POINT ( 'NONE',  ( 12.00000000000000000, -16.00000000000000355, 0.000000000000000000 ) ) ;
#3135 = VECTOR ( 'NONE', #423, 1000.000000000000000 ) ;
#3136 = ORIENTED_EDGE ( 'NONE', *, *, #123, .F. ) ;
#3137 = AXIS2_PLACEMENT_3D ( 'NONE', #969, #2706, #2446 ) ;
#3138 = CARTESIAN_POINT ( 'NONE',  ( 8.000000000000000000, 16.00000000000000355, -0.6250000000000007772 ) ) ;
#3139 = ORIENTED_EDGE ( 'NONE', *, *, #2386, .T. ) ;
#3140 = CIRCLE ( 'NONE', #2988, 1.500000000000000444 ) ;
#3141 = EDGE_CURVE ( 'NONE', #2633, #1996, #693, .T. ) ;
#3142 = LINE ( 'NONE', #1466, #433 ) ;
#3143 = AXIS2_PLACEMENT_3D ( 'NONE', #1177, #1921, #1935 ) ;
#3144 = ORIENTED_EDGE ( 'NONE', *, *, #35, .T. ) ;
#3145 = DIRECTION ( 'NONE',  ( 0.000000000000000000, 0.000000000000000000, 1.000000000000000000 ) ) ;
#3146 = DIRECTION ( 'NONE',  ( 1.000000000000000000, 0.000000000000000000, 0.000000000000000000 ) ) ;
#3147 = CYLINDRICAL_SURFACE ( 'NONE', #817, 1.249999999999997558 ) ;
#3148 = CYLINDRICAL_SURFACE ( 'NONE', #21, 1.250000000000001110 ) ;
#3149 = CARTESIAN_POINT ( 'NONE',  ( 20.00000000000000000, 0.000000000000000000, 0.000000000000000000 ) ) ;
#3150 = DIRECTION ( 'NONE',  ( 1.000000000000000000, 0.000000000000000000, 0.000000000000000000 ) ) ;
#3151 = ORIENTED_EDGE ( 'NONE', *, *, #1406, .F. ) ;
#3152 = VERTEX_POINT ( 'NONE', #1100 ) ;
#3153 = EDGE_CURVE ( 'NONE', #2179, #2286, #1368, .T. ) ;
#3154 = DIRECTION ( 'NONE',  ( -1.000000000000000000, -0.000000000000000000, -0.000000000000000000 ) ) ;
#3155 = VERTEX_POINT ( 'NONE', #2332 ) ;
#3156 = DIRECTION ( 'NONE',  ( 1.000000000000000000, 0.000000000000000000, 0.000000000000000000 ) ) ;
#3157 = ORIENTED_EDGE ( 'NONE', *, *, #1256, .F. ) ;
#3158 = EDGE_CURVE ( 'NONE', #2479, #3115, #185, .T. ) ;
#3159 = EDGE_CURVE ( 'NONE', #227, #1118, #2392, .T. ) ;
#3160 = DIRECTION ( 'NONE',  ( -1.000000000000000000, -0.000000000000000000, -0.000000000000000000 ) ) ;
#3161 = DIRECTION ( 'NONE',  ( 1.000000000000000000, -0.000000000000000000, -0.000000000000000000 ) ) ;
#3162 = FACE_OUTER_BOUND ( 'NONE', #1220, .T. ) ;
#3163 = CARTESIAN_POINT ( 'NONE',  ( 8.000000000000000000, -16.00000000000000355, -6.625000000000004441 ) ) ;
#3164 = DIRECTION ( 'NONE',  ( -1.000000000000000000, 0.000000000000000000, 0.000000000000000000 ) ) ;
#3165 = DIRECTION ( 'NONE',  ( 1.000000000000000000, 0.000000000000000000, 0.000000000000000000 ) ) ;
#3166 = EDGE_LOOP ( 'NONE', ( #573, #1871, #1939, #790 ) ) ;
#3167 = VERTEX_POINT ( 'NONE', #2831 ) ;
#3168 = PRODUCT_RELATED_PRODUCT_CATEGORY ( 'part', '', ( #2845 ) ) ;
#3169 = EDGE_LOOP ( 'NONE', ( #2934, #2703, #15, #555 ) ) ;
#3170 = CIRCLE ( 'NONE', #2914, 1.750000000000000000 ) ;
#3171 = CARTESIAN_POINT ( 'NONE',  ( 13.00000000000000178, 16.00000000000000355, -6.000000000000000888 ) ) ;
#3172 = ORIENTED_EDGE ( 'NONE', *, *, #2118, .T. ) ;
#3173 = AXIS2_PLACEMENT_3D ( 'NONE', #1519, #2709, #2269 ) ;
ENDSEC;
END-ISO-10303-21;
