ISO-10303-21;
HEADER;
FILE_DESCRIPTION (( 'STEP AP214' ),
    '1' );
FILE_NAME ('CameraHousing_Arducam.STEP',
    '2026-09-10T01:49:46',
    ( '' ),
    ( '' ),
    'SwSTEP 2.0',
    'SolidWorks 2026',
    '' );
FILE_SCHEMA (( 'AUTOMOTIVE_DESIGN' ));
ENDSEC;

DATA;
#1 = CARTESIAN_POINT ( 'NONE',  ( 17.50000000000000000, -19.00000000000000000, 3.749999999999995559 ) ) ;
#2 = DIRECTION ( 'NONE',  ( 0.000000000000000000, 0.000000000000000000, -1.000000000000000000 ) ) ;
#3 = ORIENTED_EDGE ( 'NONE', *, *, #377, .T. ) ;
#4 = CARTESIAN_POINT ( 'NONE',  ( -5.812546386749433580, -43.30395656095044643, 4.212546386749365546 ) ) ;
#5 = EDGE_CURVE ( 'NONE', #1196, #1557, #356, .T. ) ;
#6 = ORIENTED_EDGE ( 'NONE', *, *, #892, .F. ) ;
#7 = DIRECTION ( 'NONE',  ( 0.000000000000000000, 1.000000000000000000, 0.000000000000000000 ) ) ;
#8 = DIRECTION ( 'NONE',  ( 0.000000000000000000, 0.000000000000000000, 1.000000000000000000 ) ) ;
#9 = AXIS2_PLACEMENT_3D ( 'NONE', #202, #691, #1174 ) ;
#10 = EDGE_CURVE ( 'NONE', #868, #415, #149, .T. ) ;
#11 = CARTESIAN_POINT ( 'NONE',  ( -6.249999999999998224, -41.99999999999999289, 3.649999999999997691 ) ) ;
#12 = VERTEX_POINT ( 'NONE', #1126 ) ;
#13 = CARTESIAN_POINT ( 'NONE',  ( 6.250000000000001776, -41.99999999999998579, 4.650000000000000355 ) ) ;
#14 = EDGE_LOOP ( 'NONE', ( #441, #688, #1270, #271 ) ) ;
#15 = VECTOR ( 'NONE', #405, 1000.000000000000000 ) ;
#16 = CARTESIAN_POINT ( 'NONE',  ( 18.50000000000000355, 16.00000000000000355, 0.4999999999999953371 ) ) ;
#17 = DIRECTION ( 'NONE',  ( -9.035018104045873159E-17, 0.000000000000000000, -1.000000000000000000 ) ) ;
#18 = CARTESIAN_POINT ( 'NONE',  ( 5.243553910070508195, -42.26179617165952607, -2.737107820140911585 ) ) ;
#19 = LINE ( 'NONE', #1351, #524 ) ;
#20 = ORIENTED_EDGE ( 'NONE', *, *, #1336, .F. ) ;
#21 = CARTESIAN_POINT ( 'NONE',  ( 18.50000000000000355, 16.00000000000000355, 2.499999999999995115 ) ) ;
#22 = EDGE_CURVE ( 'NONE', #509, #944, #1191, .T. ) ;
#23 = EDGE_CURVE ( 'NONE', #1033, #1352, #179, .T. ) ;
#24 = ORIENTED_EDGE ( 'NONE', *, *, #658, .F. ) ;
#25 = VECTOR ( 'NONE', #264, 1000.000000000000000 ) ;
#26 = CARTESIAN_POINT ( 'NONE',  ( 5.250000000000001776, -44.00000000000000000, 3.650000000000000799 ) ) ;
#27 = DIRECTION ( 'NONE',  ( 0.000000000000000000, 0.000000000000000000, 1.000000000000000000 ) ) ;
#28 = SURFACE_STYLE_USAGE ( .BOTH. , #614 ) ;
#29 = EDGE_CURVE ( 'NONE', #709, #491, #1456, .T. ) ;
#30 = CARTESIAN_POINT ( 'NONE',  ( 5.528392651607671127, -43.58157591876749848, -2.028392651607601405 ) ) ;
#31 = CARTESIAN_POINT ( 'NONE',  ( -6.249999999999998224, -44.00000000000000000, 3.649999999999997691 ) ) ;
#32 = CARTESIAN_POINT ( 'NONE',  ( -22.30000000000000071, 16.00000000000000355, -2.749999999999999556 ) ) ;
#33 = VERTEX_POINT ( 'NONE', #46 ) ;
#34 = FACE_OUTER_BOUND ( 'NONE', #795, .T. ) ;
#35 = EDGE_CURVE ( 'NONE', #709, #12, #180, .T. ) ;
#36 = CARTESIAN_POINT ( 'NONE',  ( 17.50000000000000000, -19.00000000000000000, -0.5000000000000043299 ) ) ;
#37 = DIRECTION ( 'NONE',  ( 1.000000000000000000, 0.000000000000000000, -0.000000000000000000 ) ) ;
#38 = CARTESIAN_POINT ( 'NONE',  ( 4.511747895233462202, -43.94794534432809030, 3.173495790467099731 ) ) ;
#39 = VERTEX_POINT ( 'NONE', #530 ) ;
#40 = ORIENTED_EDGE ( 'NONE', *, *, #1002, .F. ) ;
#41 = AXIS2_PLACEMENT_3D ( 'NONE', #789, #215, #940 ) ;
#42 = DIRECTION ( 'NONE',  ( 1.000000000000000000, 0.000000000000000000, -1.807003620809174632E-16 ) ) ;
#43 = DIRECTION ( 'NONE',  ( 1.000000000000000000, 0.000000000000000000, 0.000000000000000000 ) ) ;
#44 = AXIS2_PLACEMENT_3D ( 'NONE', #895, #1387, #1267 ) ;
#45 = DIRECTION ( 'NONE',  ( 0.000000000000000000, 0.000000000000000000, 1.000000000000000000 ) ) ;
#46 = CARTESIAN_POINT ( 'NONE',  ( 22.30000000000000071, -15.00000000000000000, 3.749999999999994671 ) ) ;
#47 = CARTESIAN_POINT ( 'NONE',  ( 22.30000000000000071, -24.00000000000000000, -2.749999999999999556 ) ) ;
#48 = EDGE_LOOP ( 'NONE', ( #431, #673, #1401, #984 ) ) ;
#49 = ORIENTED_EDGE ( 'NONE', *, *, #1395, .T. ) ;
#50 = CARTESIAN_POINT ( 'NONE',  ( -22.30000000000000071, -15.00000000000000000, 7.750000000000000000 ) ) ;
#51 = AXIS2_PLACEMENT_3D ( 'NONE', #1560, #620, #1349 ) ;
#52 = VECTOR ( 'NONE', #779, 1000.000000000000000 ) ;
#53 = LINE ( 'NONE', #907, #793 ) ;
#54 = CARTESIAN_POINT ( 'NONE',  ( -18.50000000000000355, 16.00000000000000355, 2.499999999999999556 ) ) ;
#55 = CARTESIAN_POINT ( 'NONE',  ( -18.50000000000000355, -19.00000000000000000, 2.499999999999999556 ) ) ;
#56 = CARTESIAN_POINT ( 'NONE',  ( 5.625436372909232041, -43.50077375515755307, -2.125436372909265348 ) ) ;
#57 = ORIENTED_EDGE ( 'NONE', *, *, #778, .T. ) ;
#58 = EDGE_CURVE ( 'NONE', #735, #1121, #282, .T. ) ;
#59 = DIRECTION ( 'NONE',  ( -1.000000000000000000, 0.000000000000000000, 0.000000000000000000 ) ) ;
#60 = DIRECTION ( 'NONE',  ( 0.000000000000000000, -0.000000000000000000, 1.000000000000000000 ) ) ;
#61 = DIRECTION ( 'NONE',  ( 0.000000000000000000, -0.000000000000000000, 1.000000000000000000 ) ) ;
#62 = CYLINDRICAL_SURFACE ( 'NONE', #675, 1.000000000000000000 ) ;
#63 = ORIENTED_EDGE ( 'NONE', *, *, #1292, .F. ) ;
#64 = VECTOR ( 'NONE', #1454, 1000.000000000000000 ) ;
#65 = DIRECTION ( 'NONE',  ( 0.000000000000000000, -0.000000000000000000, -1.000000000000000000 ) ) ;
#66 = CARTESIAN_POINT ( 'NONE',  ( -4.380923286590812538, -44.00000000000000000, -1.011846573181649056 ) ) ;
#67 = AXIS2_PLACEMENT_3D ( 'NONE', #16, #467, #1357 ) ;
#68 = CARTESIAN_POINT ( 'NONE',  ( 5.250000000000001776, -41.99999999999999289, 4.650000000000001243 ) ) ;
#69 = DIRECTION ( 'NONE',  ( 9.035018104045873159E-17, -0.000000000000000000, 1.000000000000000000 ) ) ;
#70 = EDGE_CURVE ( 'NONE', #604, #747, #1180, .T. ) ;
#71 = ORIENTED_EDGE ( 'NONE', *, *, #22, .T. ) ;
#72 = EDGE_CURVE ( 'NONE', #883, #868, #1363, .T. ) ;
#73 = ORIENTED_EDGE ( 'NONE', *, *, #938, .F. ) ;
#74 = CARTESIAN_POINT ( 'NONE',  ( -6.249999999999998224, -42.13090116331749613, -1.749999999983665289 ) ) ;
#75 = CARTESIAN_POINT ( 'NONE',  ( -5.249999999999999112, -43.17157287525380127, 4.649999999999997691 ) ) ;
#76 = CARTESIAN_POINT ( 'NONE',  ( -22.30000000000000071, -24.00000000000000000, -2.749999999999999556 ) ) ;
#77 = AXIS2_PLACEMENT_3D ( 'NONE', #1284, #445, #333 ) ;
#78 = CARTESIAN_POINT ( 'NONE',  ( -22.30000000000000071, 16.00000000000000355, -2.749999999999999556 ) ) ;
#79 = ORIENTED_EDGE ( 'NONE', *, *, #592, .T. ) ;
#80 = LINE ( 'NONE', #461, #1541 ) ;
#81 = ORIENTED_EDGE ( 'NONE', *, *, #918, .F. ) ;
#82 = DIRECTION ( 'NONE',  ( -0.000000000000000000, -1.000000000000000000, -0.000000000000000000 ) ) ;
#83 = CARTESIAN_POINT ( 'NONE',  ( 17.50000000000000000, 16.00000000000000355, -0.5000000000000043299 ) ) ;
#84 = DIRECTION ( 'NONE',  ( -0.000000000000000000, -1.000000000000000000, -0.000000000000000000 ) ) ;
#85 = ADVANCED_FACE ( 'NONE', ( #1118 ), #894, .T. ) ;
#86 = DIRECTION ( 'NONE',  ( -1.000000000000000000, 0.000000000000000000, 9.035018104045873159E-17 ) ) ;
#87 = ORIENTED_EDGE ( 'NONE', *, *, #643, .F. ) ;
#88 = CIRCLE ( 'NONE', #212, 1.500000000000000000 ) ;
#89 = ORIENTED_EDGE ( 'NONE', *, *, #1010, .F. ) ;
#90 = CARTESIAN_POINT ( 'NONE',  ( -22.29999999999999716, -19.00000000000000000, 7.750000000000000000 ) ) ;
#91 = CARTESIAN_POINT ( 'NONE',  ( 17.50000000000000000, 16.00000000000000355, -2.750000000000003997 ) ) ;
#92 = VECTOR ( 'NONE', #881, 1000.000000000000000 ) ;
#93 = DIRECTION ( 'NONE',  ( -1.000000000000000000, 0.000000000000000000, 0.000000000000000000 ) ) ;
#94 = CIRCLE ( 'NONE', #972, 1.000000000000000000 ) ;
#95 = ORIENTED_EDGE ( 'NONE', *, *, #35, .F. ) ;
#96 = ORIENTED_EDGE ( 'NONE', *, *, #428, .T. ) ;
#97 = EDGE_CURVE ( 'NONE', #964, #1074, #152, .T. ) ;
#98 = CARTESIAN_POINT ( 'NONE',  ( -6.237107820140908032, -42.26179617165952607, -1.743553910070492208 ) ) ;
#99 = LINE ( 'NONE', #1066, #394 ) ;
#100 = EDGE_CURVE ( 'NONE', #103, #735, #1386, .T. ) ;
#101 = DIRECTION ( 'NONE',  ( -2.168404344971006896E-16, 0.000000000000000000, -1.000000000000000000 ) ) ;
#102 = TOROIDAL_SURFACE ( 'NONE', #584, 1.500000000000000000, 0.5000000000000000000 ) ;
#103 = VERTEX_POINT ( 'NONE', #754 ) ;
#104 = CARTESIAN_POINT ( 'NONE',  ( -4.511846573181650832, -44.00000000000000000, 2.780923286590824439 ) ) ;
#105 = EDGE_CURVE ( 'NONE', #712, #883, #661, .T. ) ;
#106 = ORIENTED_EDGE ( 'NONE', *, *, #172, .T. ) ;
#107 = LINE ( 'NONE', #1544, #847 ) ;
#108 = CARTESIAN_POINT ( 'NONE',  ( -4.249999999999998224, -44.00000000000000000, 2.649999999999998579 ) ) ;
#109 = CARTESIAN_POINT ( 'NONE',  ( 5.250000000000001776, -44.00000000000000000, 4.650000000000001243 ) ) ;
#110 = ORIENTED_EDGE ( 'NONE', *, *, #72, .F. ) ;
#111 = CARTESIAN_POINT ( 'NONE',  ( -4.249999999999994671, -44.00000000000000000, 2.649999999999996358 ) ) ;
#112 = EDGE_LOOP ( 'NONE', ( #312, #1060, #803 ) ) ;
#113 = CARTESIAN_POINT ( 'NONE',  ( 5.218016650735957107, -42.51856511640499292, -2.686033301472014134 ) ) ;
#114 = ADVANCED_FACE ( 'NONE', ( #1110 ), #102, .F. ) ;
#115 = VECTOR ( 'NONE', #223, 1000.000000000000000 ) ;
#116 = ORIENTED_EDGE ( 'NONE', *, *, #827, .T. ) ;
#117 = CARTESIAN_POINT ( 'NONE',  ( -5.985663188785166788, -43.00230136216341492, 3.517831594392579753 ) ) ;
#118 = VECTOR ( 'NONE', #86, 1000.000000000000000 ) ;
#119 = CIRCLE ( 'NONE', #244, 1.000000000000000444 ) ;
#120 = ORIENTED_EDGE ( 'NONE', *, *, #1189, .T. ) ;
#121 = PRESENTATION_STYLE_ASSIGNMENT (( #28 ) ) ;
#122 = EDGE_CURVE ( 'NONE', #415, #1250, #904, .T. ) ;
#123 = ORIENTED_EDGE ( 'NONE', *, *, #186, .F. ) ;
#124 = CARTESIAN_POINT ( 'NONE',  ( 5.198926100948617623, -42.64443133430530253, 4.547852201897341295 ) ) ;
#125 = STYLED_ITEM ( 'NONE', ( #121 ), #273 ) ;
#126 = ORIENTED_EDGE ( 'NONE', *, *, #665, .T. ) ;
#127 = CARTESIAN_POINT ( 'NONE',  ( 22.30000000000000071, -24.00000000000000000, -2.749999999999999556 ) ) ;
#128 = DIRECTION ( 'NONE',  ( 0.000000000000000000, 0.000000000000000000, -1.000000000000000000 ) ) ;
#129 = LINE ( 'NONE', #371, #1315 ) ;
#130 = CARTESIAN_POINT ( 'NONE',  ( 17.50000000000000000, -19.00000000000000000, -2.750000000000003997 ) ) ;
#131 = APPLICATION_CONTEXT ( 'automotive_design' ) ;
#132 = ORIENTED_EDGE ( 'NONE', *, *, #1453, .T. ) ;
#133 = CARTESIAN_POINT ( 'NONE',  ( -4.511747895233458649, -43.94794534432809030, 3.173495790467097510 ) ) ;
#134 = ORIENTED_EDGE ( 'NONE', *, *, #1563, .F. ) ;
#135 = DIRECTION ( 'NONE',  ( -0.000000000000000000, -1.000000000000000000, -0.000000000000000000 ) ) ;
#136 = DIRECTION ( 'NONE',  ( -0.000000000000000000, -0.000000000000000000, 1.000000000000000000 ) ) ;
#137 = CARTESIAN_POINT ( 'NONE',  ( 6.249999999246462323, -42.19659951090226713, -2.749999999246362847 ) ) ;
#138 =( LENGTH_UNIT ( ) NAMED_UNIT ( * ) SI_UNIT ( .MILLI., .METRE. ) );
#139 = ORIENTED_EDGE ( 'NONE', *, *, #1336, .T. ) ;
#140 = DIRECTION ( 'NONE',  ( 0.000000000000000000, 0.000000000000000000, -1.000000000000000000 ) ) ;
#141 = ORIENTED_EDGE ( 'NONE', *, *, #504, .F. ) ;
#142 = AXIS2_PLACEMENT_3D ( 'NONE', #1504, #1389, #303 ) ;
#143 = EDGE_CURVE ( 'NONE', #403, #1033, #1167, .T. ) ;
#144 = CARTESIAN_POINT ( 'NONE',  ( 5.250000000000001776, -41.99999999999999289, 4.650000000000001243 ) ) ;
#145 = CARTESIAN_POINT ( 'NONE',  ( 6.147852201897341828, -42.64443133430530253, -1.698926100948610074 ) ) ;
#146 = CYLINDRICAL_SURFACE ( 'NONE', #923, 1.000000000000000000 ) ;
#147 = DIRECTION ( 'NONE',  ( -0.000000000000000000, -1.000000000000000000, -0.000000000000000000 ) ) ;
#148 = EDGE_CURVE ( 'NONE', #1480, #491, #825, .T. ) ;
#149 = LINE ( 'NONE', #162, #1063 ) ;
#150 = FACE_OUTER_BOUND ( 'NONE', #1009, .T. ) ;
#151 = ORIENTED_EDGE ( 'NONE', *, *, #643, .T. ) ;
#152 = CIRCLE ( 'NONE', #253, 1.000000000000000000 ) ;
#153 = DIRECTION ( 'NONE',  ( 0.000000000000000000, 1.000000000000000000, 0.000000000000000000 ) ) ;
#154 = CARTESIAN_POINT ( 'NONE',  ( 5.241276407119206837, -43.77802397096311182, -1.741276407119338732 ) ) ;
#155 = LINE ( 'NONE', #520, #1356 ) ;
#156 = CARTESIAN_POINT ( 'NONE',  ( -5.249999999999997335, -24.50000000000000355, -2.750000000000001332 ) ) ;
#157 = CYLINDRICAL_SURFACE ( 'NONE', #1491, 2.000000000000000000 ) ;
#158 = ORIENTED_EDGE ( 'NONE', *, *, #97, .F. ) ;
#159 = CYLINDRICAL_SURFACE ( 'NONE', #794, 2.000000000000000000 ) ;
#160 = PLANE ( 'NONE',  #318 ) ;
#161 = VECTOR ( 'NONE', #1036, 1000.000000000000000 ) ;
#162 = CARTESIAN_POINT ( 'NONE',  ( 6.250000000000001776, -41.99999999999999289, -1.750000000000001776 ) ) ;
#163 = CARTESIAN_POINT ( 'NONE',  ( 22.30000000000000071, -24.00000000000000000, -2.749999999999999556 ) ) ;
#164 = ORIENTED_EDGE ( 'NONE', *, *, #630, .F. ) ;
#165 = ORIENTED_EDGE ( 'NONE', *, *, #5, .T. ) ;
#166 = VECTOR ( 'NONE', #707, 1000.000000000000000 ) ;
#167 = CARTESIAN_POINT ( 'NONE',  ( -17.50000000000000000, -19.00000000000000000, 3.750000000000000000 ) ) ;
#168 = CIRCLE ( 'NONE', #1489, 1.000000000000000000 ) ;
#169 = CARTESIAN_POINT ( 'NONE',  ( -4.249999999999994671, -44.00000000000000000, -0.7499999999999992228 ) ) ;
#170 = VECTOR ( 'NONE', #656, 1000.000000000000000 ) ;
#171 = CARTESIAN_POINT ( 'NONE',  ( -19.50000000000000355, 16.00000000000000355, 1.500000000000000000 ) ) ;
#172 = EDGE_CURVE ( 'NONE', #944, #229, #586, .T. ) ;
#173 = CARTESIAN_POINT ( 'NONE',  ( -5.955722551610223903, -24.07125493586663723, -2.750000000000000444 ) ) ;
#174 = DIRECTION ( 'NONE',  ( 1.000000000000000000, 0.000000000000000000, -9.035018104045873159E-17 ) ) ;
#175 = EDGE_LOOP ( 'NONE', ( #1436, #909, #395, #553 ) ) ;
#176 = ORIENTED_EDGE ( 'NONE', *, *, #567, .T. ) ;
#177 = FACE_OUTER_BOUND ( 'NONE', #331, .T. ) ;
#178 = AXIS2_PLACEMENT_3D ( 'NONE', #706, #948, #1193 ) ;
#179 = B_SPLINE_CURVE_WITH_KNOTS ( 'NONE', 3,
 ( #1248, #1006, #991, #1377, #1492, #408 ),
 .UNSPECIFIED., .F., .F.,
 ( 4, 2, 4 ),
 ( 8.673617379884035472E-19, 0.0006228577973332845644, 0.001245715594666568261 ),
 .UNSPECIFIED. ) ;
#180 = LINE ( 'NONE', #31, #1007 ) ;
#181 = DIRECTION ( 'NONE',  ( 0.000000000000000000, 0.000000000000000000, 1.000000000000000000 ) ) ;
#182 = EDGE_LOOP ( 'NONE', ( #917, #49, #663, #1325, #648 ) ) ;
#183 = ORIENTED_EDGE ( 'NONE', *, *, #1553, .F. ) ;
#184 = CARTESIAN_POINT ( 'NONE',  ( 22.30000000000000071, -15.00000000000000000, 7.749999999999994671 ) ) ;
#185 = DIRECTION ( 'NONE',  ( 0.000000000000000000, 0.000000000000000000, 1.000000000000000000 ) ) ;
#186 = EDGE_CURVE ( 'NONE', #927, #491, #216, .T. ) ;
#187 = DIRECTION ( 'NONE',  ( 0.000000000000000000, -0.000000000000000000, 1.000000000000000000 ) ) ;
#188 = VERTEX_POINT ( 'NONE', #912 ) ;
#189 = EDGE_LOOP ( 'NONE', ( #1461, #1130, #787, #71 ) ) ;
#190 = CARTESIAN_POINT ( 'NONE',  ( -22.30000000000000071, -19.00000000000000000, -2.749999999999999556 ) ) ;
#191 = AXIS2_PLACEMENT_3D ( 'NONE', #849, #250, #1219 ) ;
#192 = DIRECTION ( 'NONE',  ( -1.000000000000000000, -0.000000000000000000, 9.035018104045873159E-17 ) ) ;
#193 = CARTESIAN_POINT ( 'NONE',  ( -19.50000000000000355, 16.00000000000000355, 0.5000000000000000000 ) ) ;
#194 = CYLINDRICAL_SURFACE ( 'NONE', #237, 1.000000000000000000 ) ;
#195 = AXIS2_PLACEMENT_3D ( 'NONE', #47, #1502, #409 ) ;
#196 = PLANE ( 'NONE',  #1384 ) ;
#197 = ORIENTED_EDGE ( 'NONE', *, *, #330, .T. ) ;
#198 = ORIENTED_EDGE ( 'NONE', *, *, #1344, .T. ) ;
#199 = LINE ( 'NONE', #563, #115 ) ;
#200 = EDGE_CURVE ( 'NONE', #735, #964, #814, .T. ) ;
#201 = CARTESIAN_POINT ( 'NONE',  ( -17.50000000000000000, 16.00000000000000355, 3.750000000000000000 ) ) ;
#202 = CARTESIAN_POINT ( 'NONE',  ( -5.249999999999998224, -24.00000000000000000, 3.649999999999997691 ) ) ;
#203 = FACE_OUTER_BOUND ( 'NONE', #842, .T. ) ;
#204 = ADVANCED_FACE ( 'NONE', ( #224 ), #1417, .F. ) ;
#205 = ORIENTED_EDGE ( 'NONE', *, *, #990, .F. ) ;
#206 = VERTEX_POINT ( 'NONE', #427 ) ;
#207 = CARTESIAN_POINT ( 'NONE',  ( -22.30000000000000071, 16.00000000000000355, 3.750000000000000444 ) ) ;
#208 = DIRECTION ( 'NONE',  ( 0.000000000000000000, 0.000000000000000000, -1.000000000000000000 ) ) ;
#209 = CARTESIAN_POINT ( 'NONE',  ( -17.50000000000000000, 16.00000000000000355, -2.750000000000000000 ) ) ;
#210 = EDGE_CURVE ( 'NONE', #378, #640, #1035, .T. ) ;
#211 = VERTEX_POINT ( 'NONE', #1277 ) ;
#212 = AXIS2_PLACEMENT_3D ( 'NONE', #1332, #1209, #27 ) ;
#213 = ORIENTED_EDGE ( 'NONE', *, *, #731, .T. ) ;
#214 = CARTESIAN_POINT ( 'NONE',  ( 4.773495790467067401, -43.94794534432810451, -1.011747895233481298 ) ) ;
#215 = DIRECTION ( 'NONE',  ( 0.000000000000000000, 1.000000000000000000, 0.000000000000000000 ) ) ;
#216 =( BOUNDED_CURVE ( )  B_SPLINE_CURVE ( 3, ( #930, #75, #1535, #108 ),
 .UNSPECIFIED., .F., .F. ) 
 B_SPLINE_CURVE_WITH_KNOTS ( ( 4, 4 ),
 ( 0.000000000000000000, 1.570796326794896780 ),
 .UNSPECIFIED. ) 
 CURVE ( )  GEOMETRIC_REPRESENTATION_ITEM ( )  RATIONAL_B_SPLINE_CURVE ( ( 1.000000000000000000, 0.8047378541243649375, 0.8047378541243649375, 1.000000000000000000 ) ) 
 REPRESENTATION_ITEM ( '' )  );
#217 = LINE ( 'NONE', #127, #1079 ) ;
#218 = CIRCLE ( 'NONE', #1103, 1.500000000000000000 ) ;
#219 = EDGE_CURVE ( 'NONE', #632, #928, #1053, .T. ) ;
#220 = ORIENTED_EDGE ( 'NONE', *, *, #442, .F. ) ;
#221 = CARTESIAN_POINT ( 'NONE',  ( -5.901889555196207837, -43.18653773056912826, 4.301889555196177106 ) ) ;
#222 = EDGE_LOOP ( 'NONE', ( #1211, #116, #781, #324 ) ) ;
#223 = DIRECTION ( 'NONE',  ( -0.000000000000000000, -1.000000000000000000, -0.000000000000000000 ) ) ;
#224 = FACE_OUTER_BOUND ( 'NONE', #1422, .T. ) ;
#225 = CARTESIAN_POINT ( 'NONE',  ( 4.511747895233462202, -43.94794534432810451, -1.273495790467067623 ) ) ;
#226 = DIRECTION ( 'NONE',  ( 0.000000000000000000, 0.000000000000000000, -1.000000000000000000 ) ) ;
#227 = EDGE_LOOP ( 'NONE', ( #1017, #158, #1108, #1452 ) ) ;
#228 = CARTESIAN_POINT ( 'NONE',  ( 6.060804154952061040, -42.90841389844829479, 4.460804154952060507 ) ) ;
#229 = VERTEX_POINT ( 'NONE', #581 ) ;
#230 = CARTESIAN_POINT ( 'NONE',  ( -6.249999999246432125, -42.19659951090223160, -2.749999999246404592 ) ) ;
#231 = EDGE_CURVE ( 'NONE', #1543, #828, #557, .T. ) ;
#232 = CARTESIAN_POINT ( 'NONE',  ( -6.749999999999999112, -24.00000000000000000, 3.649999999999997691 ) ) ;
#233 = CARTESIAN_POINT ( 'NONE',  ( 6.250000000000001776, -41.99999999999999289, -1.750000000000001998 ) ) ;
#234 = EDGE_LOOP ( 'NONE', ( #350, #6, #1039, #359 ) ) ;
#235 = CARTESIAN_POINT ( 'NONE',  ( -5.003386806650143903, -43.32165351144585941, 4.156773613300322801 ) ) ;
#236 = ORIENTED_EDGE ( 'NONE', *, *, #1313, .F. ) ;
#237 = AXIS2_PLACEMENT_3D ( 'NONE', #679, #808, #457 ) ;
#238 = DIRECTION ( 'NONE',  ( -0.000000000000000000, -1.000000000000000000, -0.000000000000000000 ) ) ;
#239 = CARTESIAN_POINT ( 'NONE',  ( -18.50000000000000355, 16.00000000000000355, 1.500000000000000000 ) ) ;
#240 = VECTOR ( 'NONE', #1299, 1000.000000000000000 ) ;
#241 = ORIENTED_EDGE ( 'NONE', *, *, #504, .T. ) ;
#242 = CARTESIAN_POINT ( 'NONE',  ( 5.250000000000001776, -41.99999999999999289, 4.650000000000001243 ) ) ;
#243 = AXIS2_PLACEMENT_3D ( 'NONE', #869, #700, #255 ) ;
#244 = AXIS2_PLACEMENT_3D ( 'NONE', #1412, #1040, #440 ) ;
#245 = VERTEX_POINT ( 'NONE', #1528 ) ;
#246 = CYLINDRICAL_SURFACE ( 'NONE', #1329, 0.5000000000000004441 ) ;
#247 = ADVANCED_FACE ( 'NONE', ( #1300 ), #564, .F. ) ;
#248 = CARTESIAN_POINT ( 'NONE',  ( 22.30000000000000071, -19.00000000000000000, -2.749999999999999556 ) ) ;
#249 = LINE ( 'NONE', #730, #290 ) ;
#250 = DIRECTION ( 'NONE',  ( 0.000000000000000000, 0.000000000000000000, -1.000000000000000000 ) ) ;
#251 = ORIENTED_EDGE ( 'NONE', *, *, #428, .F. ) ;
#252 = CIRCLE ( 'NONE', #178, 0.5000000000000004441 ) ;
#253 = AXIS2_PLACEMENT_3D ( 'NONE', #54, #537, #1507 ) ;
#254 = ORIENTED_EDGE ( 'NONE', *, *, #105, .F. ) ;
#255 = DIRECTION ( 'NONE',  ( 0.000000000000000000, 0.000000000000000000, 1.000000000000000000 ) ) ;
#256 = CARTESIAN_POINT ( 'NONE',  ( 22.30000000000000071, 16.00000000000000355, 3.749999999999994671 ) ) ;
#257 = DIRECTION ( 'NONE',  ( 0.000000000000000000, 1.000000000000000000, 0.000000000000000000 ) ) ;
#258 = LINE ( 'NONE', #1569, #1242 ) ;
#259 = CARTESIAN_POINT ( 'NONE',  ( 4.647438642464964964, -43.97379281257504857, 3.047438642465001291 ) ) ;
#260 = EDGE_CURVE ( 'NONE', #1337, #694, #982, .T. ) ;
#261 = ORIENTED_EDGE ( 'NONE', *, *, #487, .T. ) ;
#262 = CARTESIAN_POINT ( 'NONE',  ( 22.30000000000000426, -19.00000000000000000, 18.05000000000000071 ) ) ;
#263 = CARTESIAN_POINT ( 'NONE',  ( 6.047665928147810455, -42.88630239515504883, -1.648832964073968066 ) ) ;
#264 = DIRECTION ( 'NONE',  ( 0.000000000000000000, -1.000000000000000000, 0.000000000000000000 ) ) ;
#265 = VECTOR ( 'NONE', #370, 1000.000000000000000 ) ;
#266 = ORIENTED_EDGE ( 'NONE', *, *, #990, .T. ) ;
#267 = CARTESIAN_POINT ( 'NONE',  ( 5.756773613300343762, -43.32165351144584520, 3.403386806650128715 ) ) ;
#268 = EDGE_CURVE ( 'NONE', #345, #1373, #1431, .T. ) ;
#269 = EDGE_CURVE ( 'NONE', #1467, #1047, #1218, .T. ) ;
#270 =( BOUNDED_SURFACE ( )  B_SPLINE_SURFACE ( 3, 2, ( 
 ( #242, #13, #1437 ),
 ( #1070, #1095, #605 ),
 ( #1084, #959, #840 ),
 ( #1212, #1451, #501 ),
 ( #124, #228, #588 ),
 ( #965, #364, #1335 ),
 ( #1556, #374, #858 ),
 ( #595, #1075, #1565 ),
 ( #741, #393, #267 ),
 ( #748, #768, #992 ),
 ( #1119, #1486, #385 ),
 ( #38, #259, #1259 ),
 ( #1244, #517, #1111 ),
 ( #1346, #538, #625 ) ),
 .UNSPECIFIED., .F., .F., .F. ) 
 B_SPLINE_SURFACE_WITH_KNOTS ( ( 4, 2, 2, 2, 2, 2, 4 ),
 ( 3, 3 ),
 ( 6.283185307179586232, 6.479534848028948524, 6.675884388878310816, 6.872233929727672219, 7.068583470577034511, 7.461282552275758206, 7.853981633974482790 ),
 ( 0.000000000000000000, 1.000000000000000000 ),
 .UNSPECIFIED. ) 
 GEOMETRIC_REPRESENTATION_ITEM ( )  RATIONAL_B_SPLINE_SURFACE ( (
 ( 1.000000000000000000, 0.7071067811865473507, 1.000000000000000000),
 ( 1.000000000000000000, 0.7070717215218136342, 1.000000000000000000),
 ( 1.000000000000000000, 0.7117460116570618611, 1.000000000000000000),
 ( 1.000000000000000000, 0.7291288848862557126, 1.000000000000000000),
 ( 1.000000000000000000, 0.7418334301983278145, 1.000000000000000000),
 ( 1.000000000000000000, 0.7723968094988763466, 1.000000000000000000),
 ( 1.000000000000000000, 0.7902180193270859077, 1.000000000000000000),
 ( 1.000000000000000000, 0.8275942589162553764, 1.000000000000000000),
 ( 1.000000000000000000, 0.8471316681044386288, 1.000000000000000000),
 ( 1.000000000000000000, 0.9038128751444405307, 1.000000000000000000),
 ( 1.000000000000000000, 0.9386556568292556690, 1.000000000000000000),
 ( 1.000000000000000000, 0.9867291829330571140, 1.000000000000000000),
 ( 1.000000000000000000, 1.000158585517653131, 1.000000000000000000),
 ( 1.000000000000000000, 1.000000000000000000, 1.000000000000000000) ) ) 
 REPRESENTATION_ITEM ( '' )  SURFACE ( )  );
#271 = ORIENTED_EDGE ( 'NONE', *, *, #10, .T. ) ;
#272 = AXIS2_PLACEMENT_3D ( 'NONE', #21, #283, #1493 ) ;
#273 = MANIFOLD_SOLID_BREP ( 'Fillet9', #511 ) ;
#274 = CARTESIAN_POINT ( 'NONE',  ( 6.250000000000001776, -41.99999999999999289, 3.650000000000000799 ) ) ;
#275 = CARTESIAN_POINT ( 'NONE',  ( -5.479093460518612346, -43.59933366422757217, -1.364546730259377227 ) ) ;
#276 = CARTESIAN_POINT ( 'NONE',  ( 6.250000000000001776, -44.00000000000000000, 3.650000000000000799 ) ) ;
#277 = CARTESIAN_POINT ( 'NONE',  ( 17.50000000000000000, -19.00000000000000000, -0.5000000000000043299 ) ) ;
#278 = ORIENTED_EDGE ( 'NONE', *, *, #143, .F. ) ;
#279 = CARTESIAN_POINT ( 'NONE',  ( -18.50000000000000355, 16.00000000000000355, 1.500000000000000000 ) ) ;
#280 = EDGE_CURVE ( 'NONE', #1526, #1003, #129, .T. ) ;
#281 = CARTESIAN_POINT ( 'NONE',  ( 4.250000000000001776, -44.00000000000000000, 2.650000000000000799 ) ) ;
#282 = LINE ( 'NONE', #291, #52 ) ;
#283 = DIRECTION ( 'NONE',  ( 0.000000000000000000, 1.000000000000000000, 0.000000000000000000 ) ) ;
#284 = ORIENTED_EDGE ( 'NONE', *, *, #1403, .T. ) ;
#285 = EDGE_LOOP ( 'NONE', ( #993, #120, #1163, #587, #57 ) ) ;
#286 = DIRECTION ( 'NONE',  ( 1.000000000000000000, 0.000000000000000000, -1.807003620809174632E-16 ) ) ;
#287 = ADVANCED_FACE ( 'NONE', ( #962 ), #1339, .F. ) ;
#288 = CARTESIAN_POINT ( 'NONE',  ( -4.446336970049431514, -43.99990745013874971, -0.9463369700493247105 ) ) ;
#289 = DIRECTION ( 'NONE',  ( 0.000000000000000000, 1.000000000000000000, 0.000000000000000000 ) ) ;
#290 = VECTOR ( 'NONE', #1081, 1000.000000000000000 ) ;
#291 = CARTESIAN_POINT ( 'NONE',  ( -17.50000000000000000, 16.00000000000000355, 3.750000000000000000 ) ) ;
#292 = LINE ( 'NONE', #999, #449 ) ;
#293 = ORIENTED_EDGE ( 'NONE', *, *, #1230, .F. ) ;
#294 = LINE ( 'NONE', #167, #848 ) ;
#295 = VECTOR ( 'NONE', #82, 1000.000000000000000 ) ;
#296 = FACE_OUTER_BOUND ( 'NONE', #1177, .T. ) ;
#297 = FACE_OUTER_BOUND ( 'NONE', #189, .T. ) ;
#298 = EDGE_CURVE ( 'NONE', #1496, #211, #258, .T. ) ;
#299 = DIRECTION ( 'NONE',  ( 1.000000000000000000, 0.000000000000000000, -9.035018104045873159E-17 ) ) ;
#300 = CARTESIAN_POINT ( 'NONE',  ( -17.50000000000000000, 16.00000000000000355, 3.750000000000000000 ) ) ;
#301 = EDGE_LOOP ( 'NONE', ( #1388, #954, #792, #1078 ) ) ;
#302 = ORIENTED_EDGE ( 'NONE', *, *, #143, .T. ) ;
#303 = DIRECTION ( 'NONE',  ( 0.000000000000000000, 0.000000000000000000, 1.000000000000000000 ) ) ;
#304 = AXIS2_PLACEMENT_3D ( 'NONE', #1015, #1501, #401 ) ;
#305 = CARTESIAN_POINT ( 'NONE',  ( -5.249999999999997335, -41.99999999999999289, -2.750000000000001332 ) ) ;
#306 = ORIENTED_EDGE ( 'NONE', *, *, #989, .T. ) ;
#307 = ADVANCED_FACE ( 'NONE', ( #1457 ), #1448, .F. ) ;
#308 = DIRECTION ( 'NONE',  ( -0.000000000000000000, -1.000000000000000000, -0.000000000000000000 ) ) ;
#309 = CARTESIAN_POINT ( 'NONE',  ( -6.249999999999998224, -43.17157287525380127, -1.750000000000000666 ) ) ;
#310 = DIRECTION ( 'NONE',  ( 1.000000000000000000, 0.000000000000000000, 0.000000000000000000 ) ) ;
#311 = DIRECTION ( 'NONE',  ( 0.000000000000000000, 0.000000000000000000, 1.000000000000000000 ) ) ;
#312 = ORIENTED_EDGE ( 'NONE', *, *, #931, .T. ) ;
#313 = EDGE_CURVE ( 'NONE', #1074, #1467, #749, .T. ) ;
#314 = AXIS2_PLACEMENT_3D ( 'NONE', #1080, #969, #351 ) ;
#315 = ORIENTED_EDGE ( 'NONE', *, *, #1392, .F. ) ;
#316 = CARTESIAN_POINT ( 'NONE',  ( -5.901889555196177639, -43.18653773056912826, -2.401889555196225157 ) ) ;
#317 = ADVANCED_FACE ( 'NONE', ( #382 ), #146, .T. ) ;
#318 = AXIS2_PLACEMENT_3D ( 'NONE', #1500, #1376, #60 ) ;
#319 = CARTESIAN_POINT ( 'NONE',  ( -6.249999999999998224, -41.99999999999999289, -1.750000000000000888 ) ) ;
#320 = AXIS2_PLACEMENT_3D ( 'NONE', #1366, #1246, #784 ) ;
#321 = CARTESIAN_POINT ( 'NONE',  ( -19.50000000000000355, 16.00000000000000355, -0.5000000000000000000 ) ) ;
#322 = AXIS2_PLACEMENT_3D ( 'NONE', #508, #980, #1476 ) ;
#323 = DIRECTION ( 'NONE',  ( 1.000000000000000000, 0.000000000000000000, -9.035018104045873159E-17 ) ) ;
#324 = ORIENTED_EDGE ( 'NONE', *, *, #269, .F. ) ;
#325 = ORIENTED_EDGE ( 'NONE', *, *, #260, .T. ) ;
#326 = CARTESIAN_POINT ( 'NONE',  ( 4.835786437626906853, -44.00000000000000711, -1.921572875253811485 ) ) ;
#327 = DIRECTION ( 'NONE',  ( -1.000000000000000000, 0.000000000000000000, -2.775557561562891351E-16 ) ) ;
#328 = CARTESIAN_POINT ( 'NONE',  ( -5.249999999999997335, -24.50000000000000355, -2.750000000000001332 ) ) ;
#329 = ORIENTED_EDGE ( 'NONE', *, *, #1059, .T. ) ;
#330 = EDGE_CURVE ( 'NONE', #928, #486, #80, .T. ) ;
#331 = EDGE_LOOP ( 'NONE', ( #106, #820, #484, #1439 ) ) ;
#332 = CARTESIAN_POINT ( 'NONE',  ( -5.249999999999997335, -41.99999999999999289, 4.649999999999997691 ) ) ;
#333 = DIRECTION ( 'NONE',  ( 0.000000000000000000, 0.000000000000000000, -1.000000000000000000 ) ) ;
#334 = EDGE_CURVE ( 'NONE', #883, #39, #119, .T. ) ;
#335 = FACE_OUTER_BOUND ( 'NONE', #1518, .T. ) ;
#336 = CARTESIAN_POINT ( 'NONE',  ( 6.250000000000001776, -43.17157287525380127, 3.650000000000001243 ) ) ;
#337 = VERTEX_POINT ( 'NONE', #1289 ) ;
#338 = ORIENTED_EDGE ( 'NONE', *, *, #1269, .T. ) ;
#339 = CARTESIAN_POINT ( 'NONE',  ( 6.750000000000002665, -24.50000000000000000, -1.750000000000001776 ) ) ;
#340 = DIRECTION ( 'NONE',  ( 0.000000000000000000, 0.000000000000000000, 1.000000000000000000 ) ) ;
#341 = CARTESIAN_POINT ( 'NONE',  ( 5.250000000000001776, -41.99999999999999289, 3.650000000000001243 ) ) ;
#342 = VERTEX_POINT ( 'NONE', #569 ) ;
#343 = CARTESIAN_POINT ( 'NONE',  ( -5.198926100948614071, -42.64443133430530253, 4.547852201897337743 ) ) ;
#344 = ADVANCED_FACE ( 'NONE', ( #1048 ), #744, .T. ) ;
#345 = VERTEX_POINT ( 'NONE', #349 ) ;
#346 = CARTESIAN_POINT ( 'NONE',  ( -5.249999999999997335, -24.00000000000000000, -1.750000000000000888 ) ) ;
#347 =( NAMED_UNIT ( * ) SI_UNIT ( $, .STERADIAN. ) SOLID_ANGLE_UNIT ( ) );
#348 = AXIS2_PLACEMENT_3D ( 'NONE', #1240, #389, #622 ) ;
#349 = CARTESIAN_POINT ( 'NONE',  ( 17.50000000000000000, 16.00000000000000355, -2.750000000000003997 ) ) ;
#350 = ORIENTED_EDGE ( 'NONE', *, *, #70, .F. ) ;
#351 = DIRECTION ( 'NONE',  ( 0.000000000000000000, 0.000000000000000000, 1.000000000000000000 ) ) ;
#352 = CARTESIAN_POINT ( 'NONE',  ( 5.985663188785180999, -43.00230136216340071, -1.617831594392591832 ) ) ;
#353 = CARTESIAN_POINT ( 'NONE',  ( 6.250000000000001776, -44.00000000000000000, -2.749999999999998668 ) ) ;
#354 =( BOUNDED_SURFACE ( )  B_SPLINE_SURFACE ( 3, 2, ( 
 ( #945, #1440, #1314 ),
 ( #1430, #230, #74 ),
 ( #555, #1034, #98 ),
 ( #1416, #1042, #454 ),
 ( #1527, #433, #929 ),
 ( #911, #316, #1424 ),
 ( #697, #796, #463 ),
 ( #1283, #936, #1375 ),
 ( #1359, #542, #1383 ),
 ( #653, #1019, #275 ),
 ( #668, #1499, #1390 ),
 ( #775, #1490, #885 ),
 ( #66, #288, #550 ),
 ( #1483, #1254, #169 ) ),
 .UNSPECIFIED., .F., .F., .F. ) 
 B_SPLINE_SURFACE_WITH_KNOTS ( ( 4, 2, 2, 2, 2, 2, 4 ),
 ( 3, 3 ),
 ( 6.283185307179586232, 6.479534848028948524, 6.675884388878310816, 6.872233929727672219, 7.068583470577034511, 7.461282552275758206, 7.853981633974482790 ),
 ( 0.000000000000000000, 1.000000000000000000 ),
 .UNSPECIFIED. ) 
 GEOMETRIC_REPRESENTATION_ITEM ( )  RATIONAL_B_SPLINE_SURFACE ( (
 ( 1.000000000000000000, 0.7071067811865475727, 1.000000000000000000),
 ( 1.000000000000000000, 0.7070717215218020879, 1.000000000000000000),
 ( 1.000000000000000000, 0.7117460116570765161, 1.000000000000000000),
 ( 1.000000000000000000, 0.7291288848862408356, 1.000000000000000000),
 ( 1.000000000000000000, 0.7418334301983355861, 1.000000000000000000),
 ( 1.000000000000000000, 0.7723968094988685751, 1.000000000000000000),
 ( 1.000000000000000000, 0.7902180193270857966, 1.000000000000000000),
 ( 1.000000000000000000, 0.8275942589162552654, 1.000000000000000000),
 ( 1.000000000000000000, 0.8471316681044385177, 1.000000000000000000),
 ( 1.000000000000000000, 0.9038128751444404196, 1.000000000000000000),
 ( 1.000000000000000000, 0.9386556568292556690, 1.000000000000000000),
 ( 1.000000000000000000, 0.9867291829330571140, 1.000000000000000000),
 ( 1.000000000000000000, 1.000158585517653131, 1.000000000000000000),
 ( 1.000000000000000000, 1.000000000000000000, 1.000000000000000000) ) ) 
 REPRESENTATION_ITEM ( '' )  SURFACE ( )  );
#355 = CARTESIAN_POINT ( 'NONE',  ( -22.29999999999999716, -24.00000000000000000, 18.05000000000000071 ) ) ;
#356 = LINE ( 'NONE', #839, #1471 ) ;
#357 = CARTESIAN_POINT ( 'NONE',  ( -6.237107820140908032, -42.26179617165952607, 3.643553910070503665 ) ) ;
#358 = ADVANCED_FACE ( 'NONE', ( #1326 ), #270, .T. ) ;
#359 = ORIENTED_EDGE ( 'NONE', *, *, #986, .F. ) ;
#360 = CARTESIAN_POINT ( 'NONE',  ( 19.50000000000000355, -19.00000000000000000, 0.4999999999999952260 ) ) ;
#361 = FACE_OUTER_BOUND ( 'NONE', #404, .T. ) ;
#362 = AXIS2_PLACEMENT_3D ( 'NONE', #341, #1419, #1073 ) ;
#363 = EDGE_LOOP ( 'NONE', ( #757, #1088, #134, #1147 ) ) ;
#364 = CARTESIAN_POINT ( 'NONE',  ( 5.901889555196182080, -43.18653773056888667, 4.301889555196181547 ) ) ;
#365 = AXIS2_PLACEMENT_3D ( 'NONE', #1122, #308, #788 ) ;
#366 = CIRCLE ( 'NONE', #947, 4.000000000000000000 ) ;
#367 = EDGE_LOOP ( 'NONE', ( #857, #910, #1327, #987 ) ) ;
#368 = DIRECTION ( 'NONE',  ( 0.000000000000000000, 0.000000000000000000, 1.000000000000000000 ) ) ;
#369 = FACE_OUTER_BOUND ( 'NONE', #1041, .T. ) ;
#370 = DIRECTION ( 'NONE',  ( 1.000000000000000000, 0.000000000000000000, 0.000000000000000000 ) ) ;
#371 = CARTESIAN_POINT ( 'NONE',  ( 22.30000000000000071, 16.00000000000000355, -2.750000000000004885 ) ) ;
#372 = ADVANCED_FACE ( 'NONE', ( #150 ), #866, .T. ) ;
#373 = ORIENTED_EDGE ( 'NONE', *, *, #1414, .T. ) ;
#374 = CARTESIAN_POINT ( 'NONE',  ( 5.812546386749469107, -43.30395656095045354, 4.212546386749468574 ) ) ;
#375 = AXIS2_PLACEMENT_3D ( 'NONE', #729, #238, #714 ) ;
#376 = VECTOR ( 'NONE', #1405, 1000.000000000000000 ) ;
#377 = EDGE_CURVE ( 'NONE', #1478, #416, #888, .T. ) ;
#378 = VERTEX_POINT ( 'NONE', #523 ) ;
#379 = CARTESIAN_POINT ( 'NONE',  ( 6.250000000000001776, -24.50000000000000000, 5.150000000000002132 ) ) ;
#380 = LINE ( 'NONE', #955, #64 ) ;
#381 = CARTESIAN_POINT ( 'NONE',  ( 6.250000000000001776, -42.13090116331748192, -1.749999999983623988 ) ) ;
#382 = FACE_OUTER_BOUND ( 'NONE', #1550, .T. ) ;
#383 = ADVANCED_FACE ( 'NONE', ( #1370 ), #157, .T. ) ;
#384 = VERTEX_POINT ( 'NONE', #32 ) ;
#385 = CARTESIAN_POINT ( 'NONE',  ( 5.257237938993299053, -43.74757278571703978, 3.153618969496684077 ) ) ;
#386 = EDGE_CURVE ( 'NONE', #1373, #1165, #1135, .T. ) ;
#387 = ORIENTED_EDGE ( 'NONE', *, *, #704, .T. ) ;
#388 = CARTESIAN_POINT ( 'NONE',  ( -17.50000000000000000, -19.00000000000000000, 7.750000000000000000 ) ) ;
#389 = DIRECTION ( 'NONE',  ( 0.000000000000000000, 1.000000000000000000, 0.000000000000000000 ) ) ;
#390 = LINE ( 'NONE', #1362, #1462 ) ;
#391 = TOROIDAL_SURFACE ( 'NONE', #1354, 1.500000000000000000, 0.5000000000000000000 ) ;
#392 = CARTESIAN_POINT ( 'NONE',  ( -5.419378539251674454, -24.38023248399318277, -2.750000000000001776 ) ) ;
#393 = CARTESIAN_POINT ( 'NONE',  ( 5.528392651607670238, -43.58157591876750558, 3.928392651607583108 ) ) ;
#394 = VECTOR ( 'NONE', #1537, 1000.000000000000000 ) ;
#395 = ORIENTED_EDGE ( 'NONE', *, *, #867, .F. ) ;
#396 = AXIS2_PLACEMENT_3D ( 'NONE', #994, #1131, #1488 ) ;
#397 = AXIS2_PLACEMENT_3D ( 'NONE', #423, #1057, #576 ) ;
#398 = LINE ( 'NONE', #1027, #1024 ) ;
#399 = EDGE_CURVE ( 'NONE', #828, #211, #366, .T. ) ;
#400 = CARTESIAN_POINT ( 'NONE',  ( -22.29999999999999716, -19.00000000000000000, 18.05000000000000071 ) ) ;
#401 = DIRECTION ( 'NONE',  ( 0.000000000000000000, 0.000000000000000000, 1.000000000000000000 ) ) ;
#402 = CARTESIAN_POINT ( 'NONE',  ( 19.50000000000000355, 16.00000000000000355, 0.4999999999999953371 ) ) ;
#403 = VERTEX_POINT ( 'NONE', #163 ) ;
#404 = EDGE_LOOP ( 'NONE', ( #733, #1071, #1155, #1381 ) ) ;
#405 = DIRECTION ( 'NONE',  ( -0.000000000000000000, -1.000000000000000000, -0.000000000000000000 ) ) ;
#406 = LINE ( 'NONE', #400, #92 ) ;
#407 = EDGE_CURVE ( 'NONE', #1097, #1165, #639, .T. ) ;
#408 = CARTESIAN_POINT ( 'NONE',  ( 5.250000000000000888, -24.50000000000000355, -2.750000000000002220 ) ) ;
#409 = DIRECTION ( 'NONE',  ( -1.668003342285391551E-16, 0.000000000000000000, -1.000000000000000000 ) ) ;
#410 = ORIENTED_EDGE ( 'NONE', *, *, #97, .T. ) ;
#411 = PLANE ( 'NONE',  #1154 ) ;
#412 = CARTESIAN_POINT ( 'NONE',  ( 0.000000000000000000, 0.000000000000000000, 0.000000000000000000 ) ) ;
#413 = CARTESIAN_POINT ( 'NONE',  ( -6.249999999999998224, -43.17157287525380127, 3.649999999999997691 ) ) ;
#414 = CARTESIAN_POINT ( 'NONE',  ( 17.50000000000000000, 16.00000000000000355, -0.5000000000000043299 ) ) ;
#415 = VERTEX_POINT ( 'NONE', #1378 ) ;
#416 = VERTEX_POINT ( 'NONE', #1364 ) ;
#417 = AXIS2_PLACEMENT_3D ( 'NONE', #1210, #607, #2 ) ;
#418 = DIRECTION ( 'NONE',  ( -0.000000000000000000, -0.000000000000000000, 1.000000000000000000 ) ) ;
#419 = APPLICATION_PROTOCOL_DEFINITION ( 'draft international standard', 'automotive_design', 1998, #1513 ) ;
#420 = VECTOR ( 'NONE', #689, 1000.000000000000000 ) ;
#421 = CARTESIAN_POINT ( 'NONE',  ( -6.749999999999997335, -24.50000000000000000, -1.750000000000000888 ) ) ;
#422 = EDGE_CURVE ( 'NONE', #345, #1097, #755, .T. ) ;
#423 = CARTESIAN_POINT ( 'NONE',  ( 6.250000000000001776, -44.00000000000000000, 4.650000000000001243 ) ) ;
#424 = ORIENTED_EDGE ( 'NONE', *, *, #1059, .F. ) ;
#425 = ORIENTED_EDGE ( 'NONE', *, *, #1385, .F. ) ;
#426 = CARTESIAN_POINT ( 'NONE',  ( 6.250000000000001776, -24.50000000000000000, 3.650000000000000799 ) ) ;
#427 = CARTESIAN_POINT ( 'NONE',  ( 5.250000000000001776, -24.00000000000000000, 5.150000000000002132 ) ) ;
#428 = EDGE_CURVE ( 'NONE', #694, #1380, #1229, .T. ) ;
#429 = LINE ( 'NONE', #908, #118 ) ;
#430 = EDGE_CURVE ( 'NONE', #229, #188, #292, .T. ) ;
#431 = ORIENTED_EDGE ( 'NONE', *, *, #430, .T. ) ;
#432 = ORIENTED_EDGE ( 'NONE', *, *, #1308, .T. ) ;
#433 = CARTESIAN_POINT ( 'NONE',  ( -6.060804154952057488, -42.90841389844804610, -2.560804154952012190 ) ) ;
#434 = CARTESIAN_POINT ( 'NONE',  ( -17.50000000000000000, 16.00000000000000355, -2.750000000000000000 ) ) ;
#435 = CARTESIAN_POINT ( 'NONE',  ( 4.380923286590825860, -44.00000000000000000, -1.011846573181669484 ) ) ;
#436 = CARTESIAN_POINT ( 'NONE',  ( 18.50000000000000355, -19.00000000000000000, 1.499999999999995337 ) ) ;
#437 = DIRECTION ( 'NONE',  ( 0.000000000000000000, -1.000000000000000000, 0.000000000000000000 ) ) ;
#438 = VECTOR ( 'NONE', #257, 1000.000000000000000 ) ;
#439 = EDGE_LOOP ( 'NONE', ( #1201, #1495, #852, #460 ) ) ;
#440 = DIRECTION ( 'NONE',  ( 0.000000000000000000, 0.000000000000000000, 1.000000000000000000 ) ) ;
#441 = ORIENTED_EDGE ( 'NONE', *, *, #1125, .T. ) ;
#442 = EDGE_CURVE ( 'NONE', #1238, #1275, #1260, .T. ) ;
#443 = LINE ( 'NONE', #207, #420 ) ;
#444 = AXIS2_PLACEMENT_3D ( 'NONE', #1142, #289, #45 ) ;
#445 = DIRECTION ( 'NONE',  ( 1.000000000000000000, -0.000000000000000000, 0.000000000000000000 ) ) ;
#446 = VECTOR ( 'NONE', #1092, 1000.000000000000000 ) ;
#447 = CARTESIAN_POINT ( 'NONE',  ( 4.250000000000000000, -44.00000000000000000, -0.7499999999999983347 ) ) ;
#448 = LINE ( 'NONE', #321, #1044 ) ;
#449 = VECTOR ( 'NONE', #174, 1000.000000000000000 ) ;
#450 = CARTESIAN_POINT ( 'NONE',  ( 5.250000000000001776, -24.00000000000000000, -1.750000000000001776 ) ) ;
#451 = ORIENTED_EDGE ( 'NONE', *, *, #1464, .T. ) ;
#452 = EDGE_CURVE ( 'NONE', #1069, #1571, #882, .T. ) ;
#453 = EDGE_LOOP ( 'NONE', ( #302, #1305, #1470, #451, #1402, #500, #651, #1231, #1450, #1245, #81, #1503, #671, #87 ) ) ;
#454 = CARTESIAN_POINT ( 'NONE',  ( -6.186033301472010137, -42.51856511640499292, -1.718016650735970430 ) ) ;
#455 = DIRECTION ( 'NONE',  ( 0.000000000000000000, 1.000000000000000000, 0.000000000000000000 ) ) ;
#456 = FACE_OUTER_BOUND ( 'NONE', #367, .T. ) ;
#457 = DIRECTION ( 'NONE',  ( 0.000000000000000000, 0.000000000000000000, 1.000000000000000000 ) ) ;
#458 = LINE ( 'NONE', #513, #446 ) ;
#459 = EDGE_CURVE ( 'NONE', #342, #1085, #875, .T. ) ;
#460 = ORIENTED_EDGE ( 'NONE', *, *, #878, .F. ) ;
#461 = CARTESIAN_POINT ( 'NONE',  ( -22.30000000000000071, -19.00000000000000000, -2.749999999999999556 ) ) ;
#462 = ORIENTED_EDGE ( 'NONE', *, *, #878, .T. ) ;
#463 = CARTESIAN_POINT ( 'NONE',  ( -5.985663188785166788, -43.00230136216341492, -1.617831594392582506 ) ) ;
#464 = DIRECTION ( 'NONE',  ( -1.000000000000000000, 0.000000000000000000, -2.775557561562891351E-16 ) ) ;
#465 = CARTESIAN_POINT ( 'NONE',  ( 4.511846573181657938, -44.00000000000000000, -0.8809232865908399601 ) ) ;
#466 = LINE ( 'NONE', #800, #494 ) ;
#467 = DIRECTION ( 'NONE',  ( 0.000000000000000000, 1.000000000000000000, 0.000000000000000000 ) ) ;
#468 = ORIENTED_EDGE ( 'NONE', *, *, #1125, .F. ) ;
#469 = CARTESIAN_POINT ( 'NONE',  ( -6.147852201897339164, -42.64443133430530253, 3.598926100948613982 ) ) ;
#470 = ADVANCED_FACE ( 'NONE', ( #1479 ), #680, .T. ) ;
#471 = ORIENTED_EDGE ( 'NONE', *, *, #1056, .F. ) ;
#472 = DIRECTION ( 'NONE',  ( 1.000000000000000000, 0.000000000000000000, 0.000000000000000000 ) ) ;
#473 = DIRECTION ( 'NONE',  ( 0.000000000000000000, 0.000000000000000000, -1.000000000000000000 ) ) ;
#474 = VECTOR ( 'NONE', #654, 1000.000000000000000 ) ;
#475 = AXIS2_PLACEMENT_3D ( 'NONE', #55, #510, #985 ) ;
#476 = ORIENTED_EDGE ( 'NONE', *, *, #280, .F. ) ;
#477 = CARTESIAN_POINT ( 'NONE',  ( -5.756773613300340209, -43.32165351144584520, 3.403386806650142926 ) ) ;
#478 = ORIENTED_EDGE ( 'NONE', *, *, #1176, .F. ) ;
#479 = ADVANCED_FACE ( 'NONE', ( #1420 ), #1394, .F. ) ;
#480 = ADVANCED_FACE ( 'NONE', ( #786 ), #1517, .F. ) ;
#481 = CARTESIAN_POINT ( 'NONE',  ( 4.250000000000001776, -44.00000000000000000, 2.650000000000000799 ) ) ;
#482 = DIRECTION ( 'NONE',  ( 0.000000000000000000, -0.000000000000000000, 1.000000000000000000 ) ) ;
#483 = ADVANCED_FACE ( 'NONE', ( #1531 ), #1548, .F. ) ;
#484 = ORIENTED_EDGE ( 'NONE', *, *, #29, .F. ) ;
#485 = CARTESIAN_POINT ( 'NONE',  ( -5.241276407119269010, -43.77802397096311182, 3.641276407119335090 ) ) ;
#486 = VERTEX_POINT ( 'NONE', #801 ) ;
#487 = EDGE_CURVE ( 'NONE', #245, #1033, #724, .T. ) ;
#488 = CARTESIAN_POINT ( 'NONE',  ( 22.30000000000000071, 16.00000000000000355, 3.749999999999994671 ) ) ;
#489 = FILL_AREA_STYLE_COLOUR ( '', #1134 ) ;
#490 = FACE_OUTER_BOUND ( 'NONE', #1026, .T. ) ;
#491 = VERTEX_POINT ( 'NONE', #662 ) ;
#492 = CARTESIAN_POINT ( 'NONE',  ( -5.117831594392563410, -43.00230136216342913, 4.385663188785157374 ) ) ;
#493 = ORIENTED_EDGE ( 'NONE', *, *, #630, .T. ) ;
#494 = VECTOR ( 'NONE', #226, 1000.000000000000000 ) ;
#495 = ADVANCED_FACE ( 'NONE', ( #1145 ), #62, .T. ) ;
#496 = CARTESIAN_POINT ( 'NONE',  ( -6.249999999999998224, -41.99999999999999289, 3.649999999999997691 ) ) ;
#497 = LINE ( 'NONE', #715, #913 ) ;
#498 =( NAMED_UNIT ( * ) SI_UNIT ( $, .STERADIAN. ) SOLID_ANGLE_UNIT ( ) );
#499 = DIRECTION ( 'NONE',  ( -0.000000000000000000, -0.000000000000000000, 1.000000000000000000 ) ) ;
#500 = ORIENTED_EDGE ( 'NONE', *, *, #70, .T. ) ;
#501 = CARTESIAN_POINT ( 'NONE',  ( 6.186033301472013690, -42.51856511640499292, 3.618016650735985440 ) ) ;
#502 = AXIS2_PLACEMENT_3D ( 'NONE', #1175, #101, #844 ) ;
#503 = ORIENTED_EDGE ( 'NONE', *, *, #938, .T. ) ;
#504 = EDGE_CURVE ( 'NONE', #927, #763, #544, .T. ) ;
#505 = PLANE ( 'NONE',  #746 ) ;
#506 = LINE ( 'NONE', #1, #1150 ) ;
#507 = CARTESIAN_POINT ( 'NONE',  ( 6.186033301472013690, -42.51856511640499292, -1.718016650735971762 ) ) ;
#508 = CARTESIAN_POINT ( 'NONE',  ( -18.50000000000000355, 16.00000000000000355, 0.5000000000000000000 ) ) ;
#509 = VERTEX_POINT ( 'NONE', #305 ) ;
#510 = DIRECTION ( 'NONE',  ( -0.000000000000000000, -1.000000000000000000, -0.000000000000000000 ) ) ;
#511 = CLOSED_SHELL ( 'NONE', ( #601, #1143, #1087, #762, #541, #599, #1481, #479, #806, #1207, #372, #85, #247, #1512, #204, #612, #859, #1178, #819, #790, #307, #480, #1469, #1153, #1318, #1161, #711, #317, #1029, #383, #876, #1442, #344, #470, #1559, #358, #114, #1068, #1435, #767, #772, #1372, #287, #495, #483, #1037, #742 ) ) ;
#512 = ORIENTED_EDGE ( 'NONE', *, *, #1159, .F. ) ;
#513 = CARTESIAN_POINT ( 'NONE',  ( -22.30000000000000071, 16.00000000000000355, -2.749999999999999556 ) ) ;
#514 = CARTESIAN_POINT ( 'NONE',  ( 5.901889555196181192, -43.18653773056912826, -2.401889555196226045 ) ) ;
#515 = DIRECTION ( 'NONE',  ( 0.000000000000000000, 1.000000000000000000, 0.000000000000000000 ) ) ;
#516 = DIRECTION ( 'NONE',  ( -0.000000000000000000, 0.000000000000000000, -1.000000000000000000 ) ) ;
#517 = CARTESIAN_POINT ( 'NONE',  ( 4.446336970049418191, -43.99990745013874971, 2.846336970049297754 ) ) ;
#518 = ORIENTED_EDGE ( 'NONE', *, *, #1392, .T. ) ;
#519 = PLANE ( 'NONE',  #396 ) ;
#520 = CARTESIAN_POINT ( 'NONE',  ( 22.30000000000000071, 16.00000000000000355, 3.749999999999994671 ) ) ;
#521 = VECTOR ( 'NONE', #1278, 1000.000000000000000 ) ;
#522 = CARTESIAN_POINT ( 'NONE',  ( -22.30000000000000071, 16.00000000000000355, 3.750000000000000444 ) ) ;
#523 = CARTESIAN_POINT ( 'NONE',  ( -17.50000000000000000, 16.00000000000000355, -2.750000000000000000 ) ) ;
#524 = VECTOR ( 'NONE', #147, 1000.000000000000000 ) ;
#525 = ORIENTED_EDGE ( 'NONE', *, *, #824, .T. ) ;
#526 = VECTOR ( 'NONE', #418, 1000.000000000000000 ) ;
#527 = CIRCLE ( 'NONE', #650, 0.5000000000000004441 ) ;
#528 = FACE_OUTER_BOUND ( 'NONE', #439, .T. ) ;
#529 = CARTESIAN_POINT ( 'NONE',  ( -5.249999999999997335, 16.00000000000000355, -2.750000000000001332 ) ) ;
#530 = CARTESIAN_POINT ( 'NONE',  ( 5.250000000000001776, -24.50000000000000000, 4.650000000000001243 ) ) ;
#531 = DIRECTION ( 'NONE',  ( 1.000000000000000000, -0.000000000000000000, 0.000000000000000000 ) ) ;
#532 = EDGE_CURVE ( 'NONE', #1298, #883, #527, .T. ) ;
#533 = EDGE_LOOP ( 'NONE', ( #1540, #251, #1415, #1566 ) ) ;
#534 = DIRECTION ( 'NONE',  ( 0.000000000000000000, 0.000000000000000000, -1.000000000000000000 ) ) ;
#535 =( BOUNDED_CURVE ( )  B_SPLINE_CURVE ( 3, ( #1340, #1465, #336, #274 ),
 .UNSPECIFIED., .F., .F. ) 
 B_SPLINE_CURVE_WITH_KNOTS ( ( 4, 4 ),
 ( 4.712388980384689674, 6.283185307179586232 ),
 .UNSPECIFIED. ) 
 CURVE ( )  GEOMETRIC_REPRESENTATION_ITEM ( )  RATIONAL_B_SPLINE_CURVE ( ( 1.000000000000000000, 0.8047378541243649375, 0.8047378541243649375, 1.000000000000000000 ) ) 
 REPRESENTATION_ITEM ( '' )  );
#536 = DIRECTION ( 'NONE',  ( 0.000000000000000000, 1.000000000000000000, 0.000000000000000000 ) ) ;
#537 = DIRECTION ( 'NONE',  ( -0.000000000000000000, 1.000000000000000000, -0.000000000000000000 ) ) ;
#538 = CARTESIAN_POINT ( 'NONE',  ( 4.249999999999999112, -44.00000000000000000, 2.649999999999998135 ) ) ;
#539 = ORIENTED_EDGE ( 'NONE', *, *, #1494, .T. ) ;
#540 = DIRECTION ( 'NONE',  ( 0.000000000000000000, 0.000000000000000000, 1.000000000000000000 ) ) ;
#541 = ADVANCED_FACE ( 'NONE', ( #670 ), #1152, .F. ) ;
#542 = CARTESIAN_POINT ( 'NONE',  ( -5.528392651607668462, -43.58157591876749848, -2.028392651607609398 ) ) ;
#543 = CARTESIAN_POINT ( 'NONE',  ( 4.835786437626906853, -44.00000000000000711, 3.821572875253810953 ) ) ;
#544 = LINE ( 'NONE', #902, #1206 ) ;
#545 = ORIENTED_EDGE ( 'NONE', *, *, #452, .F. ) ;
#546 = VECTOR ( 'NONE', #1281, 1000.000000000000000 ) ;
#547 = EDGE_LOOP ( 'NONE', ( #1129, #1459, #1031, #1290 ) ) ;
#548 = CARTESIAN_POINT ( 'NONE',  ( -4.249999999999998224, -41.99999999999999289, 0.000000000000000000 ) ) ;
#549 = EDGE_CURVE ( 'NONE', #12, #1371, #1030, .T. ) ;
#550 = CARTESIAN_POINT ( 'NONE',  ( -4.511846573181648168, -44.00000000000000000, -0.8809232865908357413 ) ) ;
#551 = CARTESIAN_POINT ( 'NONE',  ( 5.250000000000001776, -43.17157287525380127, 4.650000000000001243 ) ) ;
#552 = CARTESIAN_POINT ( 'NONE',  ( -18.50000000000000355, 16.00000000000000355, 0.5000000000000000000 ) ) ;
#553 = ORIENTED_EDGE ( 'NONE', *, *, #830, .F. ) ;
#554 = ORIENTED_EDGE ( 'NONE', *, *, #1255, .F. ) ;
#555 = CARTESIAN_POINT ( 'NONE',  ( -5.243553910070504642, -42.26179617165953317, -2.737107820140909364 ) ) ;
#556 = MECHANICAL_DESIGN_GEOMETRIC_PRESENTATION_REPRESENTATION (  '', ( #125 ), #1523 ) ;
#557 = LINE ( 'NONE', #1192, #782 ) ;
#558 = CARTESIAN_POINT ( 'NONE',  ( 4.753618969496723246, -43.74757278571703978, -1.757237938993299053 ) ) ;
#559 = CARTESIAN_POINT ( 'NONE',  ( 18.50000000000000355, 16.00000000000000355, 1.499999999999995337 ) ) ;
#560 = CARTESIAN_POINT ( 'NONE',  ( 6.750000000000002665, -24.50000000000000000, 3.650000000000000799 ) ) ;
#561 = ORIENTED_EDGE ( 'NONE', *, *, #430, .F. ) ;
#562 = EDGE_LOOP ( 'NONE', ( #493, #615, #424, #266 ) ) ;
#563 = CARTESIAN_POINT ( 'NONE',  ( -17.50000000000000000, 16.00000000000000355, -0.5000000000000000000 ) ) ;
#564 = PLANE ( 'NONE',  #77 ) ;
#565 = CARTESIAN_POINT ( 'NONE',  ( 17.50000000000000000, 16.00000000000000355, 2.499999999999995115 ) ) ;
#566 = CARTESIAN_POINT ( 'NONE',  ( 0.000000000000000000, -24.00000000000000000, 0.000000000000000000 ) ) ;
#567 = EDGE_CURVE ( 'NONE', #378, #384, #429, .T. ) ;
#568 = ORIENTED_EDGE ( 'NONE', *, *, #334, .F. ) ;
#569 = CARTESIAN_POINT ( 'NONE',  ( -18.50000000000000355, -19.00000000000000000, 1.500000000000000000 ) ) ;
#570 = ORIENTED_EDGE ( 'NONE', *, *, #280, .T. ) ;
#571 = CARTESIAN_POINT ( 'NONE',  ( 22.30000000000000071, -24.00000000000000000, -2.749999999999999556 ) ) ;
#572 = CARTESIAN_POINT ( 'NONE',  ( -22.30000000000000071, -24.00000000000000000, -2.749999999999999556 ) ) ;
#573 = CIRCLE ( 'NONE', #243, 1.000000000000000000 ) ;
#574 = LINE ( 'NONE', #1399, #521 ) ;
#575 = DIRECTION ( 'NONE',  ( -1.000000000000000000, -0.000000000000000000, 1.807003620809174632E-16 ) ) ;
#576 = DIRECTION ( 'NONE',  ( -1.000000000000000000, 0.000000000000000000, -2.775557561562891351E-16 ) ) ;
#577 = ORIENTED_EDGE ( 'NONE', *, *, #1170, .T. ) ;
#578 = CARTESIAN_POINT ( 'NONE',  ( -5.249999999999998224, -41.99999999999999289, 4.649999999999997691 ) ) ;
#579 = ORIENTED_EDGE ( 'NONE', *, *, #1573, .T. ) ;
#580 = DIRECTION ( 'NONE',  ( 0.000000000000000000, 0.000000000000000000, 1.000000000000000000 ) ) ;
#581 = CARTESIAN_POINT ( 'NONE',  ( -4.249999999999998224, -44.00000000000000000, -0.7500000000000009992 ) ) ;
#582 = DIRECTION ( 'NONE',  ( 1.000000000000000000, 0.000000000000000000, -0.000000000000000000 ) ) ;
#583 = CARTESIAN_POINT ( 'NONE',  ( -19.50000000000000355, -19.00000000000000000, 1.500000000000000000 ) ) ;
#584 = AXIS2_PLACEMENT_3D ( 'NONE', #998, #1369, #1425 ) ;
#585 = DIRECTION ( 'NONE',  ( -0.000000000000000000, 1.000000000000000000, -0.000000000000000000 ) ) ;
#586 =( BOUNDED_CURVE ( )  B_SPLINE_CURVE ( 3, ( #319, #309, #1552, #924 ),
 .UNSPECIFIED., .F., .F. ) 
 B_SPLINE_CURVE_WITH_KNOTS ( ( 4, 4 ),
 ( 0.000000000000000000, 1.570796326794896558 ),
 .UNSPECIFIED. ) 
 CURVE ( )  GEOMETRIC_REPRESENTATION_ITEM ( )  RATIONAL_B_SPLINE_CURVE ( ( 1.000000000000000000, 0.8047378541243649375, 0.8047378541243649375, 1.000000000000000000 ) ) 
 REPRESENTATION_ITEM ( '' )  );
#587 = ORIENTED_EDGE ( 'NONE', *, *, #58, .T. ) ;
#588 = CARTESIAN_POINT ( 'NONE',  ( 6.147852201897341828, -42.64443133430530253, 3.598926100948617091 ) ) ;
#589 = ORIENTED_EDGE ( 'NONE', *, *, #1077, .T. ) ;
#590 = CARTESIAN_POINT ( 'NONE',  ( 22.30000000000000426, -24.00000000000000000, 18.05000000000000071 ) ) ;
#591 =( LENGTH_UNIT ( ) NAMED_UNIT ( * ) SI_UNIT ( .MILLI., .METRE. ) );
#592 = EDGE_CURVE ( 'NONE', #416, #694, #1400, .T. ) ;
#593 = CARTESIAN_POINT ( 'NONE',  ( 22.30000000000000426, -15.00000000000000000, 7.749999999999994671 ) ) ;
#594 = EDGE_LOOP ( 'NONE', ( #657, #1203, #1157, #627 ) ) ;
#595 = CARTESIAN_POINT ( 'NONE',  ( 5.045107630212494421, -43.21997956991499734, 4.240215260425003407 ) ) ;
#596 = ORIENTED_EDGE ( 'NONE', *, *, #1285, .T. ) ;
#597 = DIRECTION ( 'NONE',  ( -1.000000000000000000, 0.000000000000000000, 9.035018104045873159E-17 ) ) ;
#598 = CARTESIAN_POINT ( 'NONE',  ( 5.148832964073960738, -42.88630239515504172, -2.547665928147811787 ) ) ;
#599 = ADVANCED_FACE ( 'NONE', ( #1169 ), #196, .F. ) ;
#600 = TOROIDAL_SURFACE ( 'NONE', #320, 1.500000000000000000, 0.5000000000000000000 ) ;
#601 = ADVANCED_FACE ( 'NONE', ( #203 ), #686, .F. ) ;
#602 = CARTESIAN_POINT ( 'NONE',  ( -19.50000000000000355, -19.00000000000000000, 0.5000000000000000000 ) ) ;
#603 = VECTOR ( 'NONE', #1016, 1000.000000000000000 ) ;
#604 = VERTEX_POINT ( 'NONE', #328 ) ;
#605 = CARTESIAN_POINT ( 'NONE',  ( 6.250000000000001776, -42.13090116331746060, 3.649999999983566390 ) ) ;
#606 = EDGE_LOOP ( 'NONE', ( #1345, #198, #1428, #241 ) ) ;
#607 = DIRECTION ( 'NONE',  ( 1.000000000000000000, 0.000000000000000000, 0.000000000000000000 ) ) ;
#608 = ORIENTED_EDGE ( 'NONE', *, *, #200, .T. ) ;
#609 = CARTESIAN_POINT ( 'NONE',  ( -6.186033301472010137, -42.51856511640499292, 3.618016650735953466 ) ) ;
#610 = ORIENTED_EDGE ( 'NONE', *, *, #148, .F. ) ;
#611 = CARTESIAN_POINT ( 'NONE',  ( 18.50000000000000355, 16.00000000000000355, 1.499999999999995337 ) ) ;
#612 = ADVANCED_FACE ( 'NONE', ( #692 ), #809, .F. ) ;
#613 = LINE ( 'NONE', #1226, #438 ) ;
#614 = SURFACE_SIDE_STYLE ('',( #1324 ) ) ;
#615 = ORIENTED_EDGE ( 'NONE', *, *, #210, .F. ) ;
#616 = CARTESIAN_POINT ( 'NONE',  ( -4.249999999999995559, -44.00000000000000000, 2.649999999999995470 ) ) ;
#617 = EDGE_CURVE ( 'NONE', #1337, #1238, #1427, .T. ) ;
#618 = VERTEX_POINT ( 'NONE', #628 ) ;
#619 = FACE_OUTER_BOUND ( 'NONE', #958, .T. ) ;
#620 = DIRECTION ( 'NONE',  ( 1.000000000000000000, 0.000000000000000000, 2.775557561562891351E-16 ) ) ;
#621 = FACE_OUTER_BOUND ( 'NONE', #1171, .T. ) ;
#622 = DIRECTION ( 'NONE',  ( 0.000000000000000000, 0.000000000000000000, 1.000000000000000000 ) ) ;
#623 = CIRCLE ( 'NONE', #362, 1.000000000000000000 ) ;
#624 = EDGE_LOOP ( 'NONE', ( #503, #889, #1094, #1443 ) ) ;
#625 = CARTESIAN_POINT ( 'NONE',  ( 4.249999999999998224, -44.00000000000000000, 2.649999999999999023 ) ) ;
#626 = CIRCLE ( 'NONE', #1539, 0.5000000000000004441 ) ;
#627 = ORIENTED_EDGE ( 'NONE', *, *, #1274, .F. ) ;
#628 = CARTESIAN_POINT ( 'NONE',  ( -19.50000000000000355, 16.00000000000000355, -0.5000000000000000000 ) ) ;
#629 = CYLINDRICAL_SURFACE ( 'NONE', #966, 0.5000000000000004441 ) ;
#630 = EDGE_CURVE ( 'NONE', #1172, #640, #933, .T. ) ;
#631 = CARTESIAN_POINT ( 'NONE',  ( 5.421572875253811929, -44.00000000000000711, -1.335786437626906853 ) ) ;
#632 = VERTEX_POINT ( 'NONE', #388 ) ;
#633 = DIRECTION ( 'NONE',  ( -0.000000000000000000, -1.000000000000000000, -0.000000000000000000 ) ) ;
#634 = AXIS2_PLACEMENT_3D ( 'NONE', #1265, #1133, #37 ) ;
#635 = ORIENTED_EDGE ( 'NONE', *, *, #953, .F. ) ;
#636 = DIRECTION ( 'NONE',  ( 0.000000000000000000, 0.000000000000000000, 1.000000000000000000 ) ) ;
#637 = CARTESIAN_POINT ( 'NONE',  ( 6.750000000000002665, -24.00000000000000000, -1.750000000000001776 ) ) ;
#638 = CARTESIAN_POINT ( 'NONE',  ( -6.157358830800370164, -24.00000000000000000, -2.749999999999999556 ) ) ;
#639 = LINE ( 'NONE', #277, #797 ) ;
#640 = VERTEX_POINT ( 'NONE', #736 ) ;
#641 = DIRECTION ( 'NONE',  ( 1.000000000000000000, 0.000000000000000000, 0.000000000000000000 ) ) ;
#642 = AXIS2_PLACEMENT_3D ( 'NONE', #1554, #84, #1561 ) ;
#643 = EDGE_CURVE ( 'NONE', #403, #1003, #217, .T. ) ;
#644 = DIRECTION ( 'NONE',  ( 1.000000000000000000, -0.000000000000000000, -1.807003620809174632E-16 ) ) ;
#645 = CARTESIAN_POINT ( 'NONE',  ( -4.249999999999998224, -44.00000000000000000, 2.649999999999998579 ) ) ;
#646 = DIRECTION ( 'NONE',  ( -0.000000000000000000, 1.000000000000000000, -0.000000000000000000 ) ) ;
#647 = AXIS2_PLACEMENT_3D ( 'NONE', #171, #1515, #185 ) ;
#648 = ORIENTED_EDGE ( 'NONE', *, *, #298, .F. ) ;
#649 = VECTOR ( 'NONE', #1012, 1000.000000000000000 ) ;
#650 = AXIS2_PLACEMENT_3D ( 'NONE', #560, #187, #1409 ) ;
#651 = ORIENTED_EDGE ( 'NONE', *, *, #1222, .T. ) ;
#652 = CARTESIAN_POINT ( 'NONE',  ( 5.250000000000001776, -24.00000000000000000, 5.150000000000002132 ) ) ;
#653 = CARTESIAN_POINT ( 'NONE',  ( -4.864546730259357687, -43.59933366422753664, -1.979093460518650094 ) ) ;
#654 = DIRECTION ( 'NONE',  ( -0.000000000000000000, 1.000000000000000000, -0.000000000000000000 ) ) ;
#655 = DIRECTION ( 'NONE',  ( -0.000000000000000000, -1.000000000000000000, -0.000000000000000000 ) ) ;
#656 = DIRECTION ( 'NONE',  ( 1.000000000000000000, 0.000000000000000000, 0.000000000000000000 ) ) ;
#657 = ORIENTED_EDGE ( 'NONE', *, *, #1055, .T. ) ;
#658 = EDGE_CURVE ( 'NONE', #934, #12, #168, .T. ) ;
#659 = AXIS2_PLACEMENT_3D ( 'NONE', #1043, #684, #340 ) ;
#660 = FACE_OUTER_BOUND ( 'NONE', #301, .T. ) ;
#661 = LINE ( 'NONE', #1144, #756 ) ;
#662 = CARTESIAN_POINT ( 'NONE',  ( -4.249999999999998224, -44.00000000000000000, 2.649999999999998579 ) ) ;
#663 = ORIENTED_EDGE ( 'NONE', *, *, #1509, .T. ) ;
#664 = CARTESIAN_POINT ( 'NONE',  ( -6.249999999246546700, -42.19659951090222449, 4.649999999246401394 ) ) ;
#665 = EDGE_CURVE ( 'NONE', #1373, #1478, #1482, .T. ) ;
#666 = ORIENTED_EDGE ( 'NONE', *, *, #1025, .F. ) ;
#667 = DIRECTION ( 'NONE',  ( 1.000000000000000000, -0.000000000000000000, 2.775557561562891351E-16 ) ) ;
#668 = CARTESIAN_POINT ( 'NONE',  ( -4.753618969496720581, -43.74757278571705399, -1.757237938993265081 ) ) ;
#669 = DIRECTION ( 'NONE',  ( -1.000000000000000000, 0.000000000000000000, 0.000000000000000000 ) ) ;
#670 = FACE_OUTER_BOUND ( 'NONE', #453, .T. ) ;
#671 = ORIENTED_EDGE ( 'NONE', *, *, #1368, .F. ) ;
#672 = AXIS2_PLACEMENT_3D ( 'NONE', #421, #1391, #669 ) ;
#673 = ORIENTED_EDGE ( 'NONE', *, *, #1274, .T. ) ;
#674 = LINE ( 'NONE', #1374, #1358 ) ;
#675 = AXIS2_PLACEMENT_3D ( 'NONE', #1021, #437, #1295 ) ;
#676 = DIRECTION ( 'NONE',  ( -1.000000000000000000, -0.000000000000000000, 1.807003620809174632E-16 ) ) ;
#677 = CARTESIAN_POINT ( 'NONE',  ( -5.249999999999997335, -41.99999999999999289, -2.750000000000001332 ) ) ;
#678 = EDGE_CURVE ( 'NONE', #1047, #342, #573, .T. ) ;
#679 = CARTESIAN_POINT ( 'NONE',  ( -5.249999999999998224, -44.00000000000000000, 3.649999999999997691 ) ) ;
#680 = CYLINDRICAL_SURFACE ( 'NONE', #44, 2.000000000000000000 ) ;
#681 = ORIENTED_EDGE ( 'NONE', *, *, #100, .F. ) ;
#682 = ORIENTED_EDGE ( 'NONE', *, *, #100, .T. ) ;
#683 = CARTESIAN_POINT ( 'NONE',  ( -6.249999999999998224, -41.99999999999999289, -1.750000000000000888 ) ) ;
#684 = DIRECTION ( 'NONE',  ( -0.000000000000000000, 1.000000000000000000, 0.000000000000000000 ) ) ;
#685 = DIRECTION ( 'NONE',  ( 0.000000000000000000, 0.000000000000000000, 1.000000000000000000 ) ) ;
#686 = PLANE ( 'NONE',  #1516 ) ;
#687 = ORIENTED_EDGE ( 'NONE', *, *, #986, .T. ) ;
#688 = ORIENTED_EDGE ( 'NONE', *, *, #105, .T. ) ;
#689 = DIRECTION ( 'NONE',  ( -0.000000000000000000, -1.000000000000000000, -0.000000000000000000 ) ) ;
#690 = PRODUCT_DEFINITION_CONTEXT ( 'detailed design', #1513, 'design' ) ;
#691 = DIRECTION ( 'NONE',  ( 0.000000000000000000, 1.000000000000000000, 0.000000000000000000 ) ) ;
#692 = FACE_OUTER_BOUND ( 'NONE', #547, .T. ) ;
#693 =( BOUNDED_CURVE ( )  B_SPLINE_CURVE ( 3, ( #68, #551, #543, #281 ),
 .UNSPECIFIED., .F., .F. ) 
 B_SPLINE_CURVE_WITH_KNOTS ( ( 4, 4 ),
 ( 0.000000000000000000, 1.570796326794896780 ),
 .UNSPECIFIED. ) 
 CURVE ( )  GEOMETRIC_REPRESENTATION_ITEM ( )  RATIONAL_B_SPLINE_CURVE ( ( 1.000000000000000000, 0.8047378541243649375, 0.8047378541243649375, 1.000000000000000000 ) ) 
 REPRESENTATION_ITEM ( '' )  );
#694 = VERTEX_POINT ( 'NONE', #360 ) ;
#695 = CARTESIAN_POINT ( 'NONE',  ( -6.249999999999999112, -41.99999999999998579, 4.649999999999997691 ) ) ;
#696 = ORIENTED_EDGE ( 'NONE', *, *, #1025, .T. ) ;
#697 = CARTESIAN_POINT ( 'NONE',  ( -5.117831594392563410, -43.00230136216341492, -2.485663188785170341 ) ) ;
#698 = CARTESIAN_POINT ( 'NONE',  ( -6.249999999999998224, -44.00000000000000000, -2.750000000000000000 ) ) ;
#699 = DIRECTION ( 'NONE',  ( -1.000000000000000000, 0.000000000000000000, 0.000000000000000000 ) ) ;
#700 = DIRECTION ( 'NONE',  ( 0.000000000000000000, 1.000000000000000000, 0.000000000000000000 ) ) ;
#701 = ORIENTED_EDGE ( 'NONE', *, *, #1002, .T. ) ;
#702 = CARTESIAN_POINT ( 'NONE',  ( -5.148832964073958074, -42.88630239515504883, 4.447665928147806369 ) ) ;
#703 = ORIENTED_EDGE ( 'NONE', *, *, #58, .F. ) ;
#704 = EDGE_CURVE ( 'NONE', #1526, #33, #1067, .T. ) ;
#705 = DIRECTION ( 'NONE',  ( -0.000000000000000000, -1.000000000000000000, -0.000000000000000000 ) ) ;
#706 = CARTESIAN_POINT ( 'NONE',  ( -6.749999999999999112, -24.50000000000000000, 3.649999999999997691 ) ) ;
#707 = DIRECTION ( 'NONE',  ( 1.000000000000000000, -0.000000000000000000, -2.168404344971006896E-16 ) ) ;
#708 = VECTOR ( 'NONE', #464, 1000.000000000000000 ) ;
#709 = VERTEX_POINT ( 'NONE', #496 ) ;
#710 = CARTESIAN_POINT ( 'NONE',  ( -4.380923286590820531, -44.00000000000000000, 2.911846573181643194 ) ) ;
#711 = ADVANCED_FACE ( 'NONE', ( #619 ), #1185, .T. ) ;
#712 = VERTEX_POINT ( 'NONE', #751 ) ;
#713 = EDGE_CURVE ( 'NONE', #1480, #868, #535, .T. ) ;
#714 = DIRECTION ( 'NONE',  ( 0.000000000000000000, 0.000000000000000000, 1.000000000000000000 ) ) ;
#715 = CARTESIAN_POINT ( 'NONE',  ( -19.50000000000000355, 16.00000000000000355, -0.5000000000000000000 ) ) ;
#716 = ORIENTED_EDGE ( 'NONE', *, *, #452, .T. ) ;
#717 = CARTESIAN_POINT ( 'NONE',  ( -5.479093460518612346, -43.59933366422757217, 3.264546730259357155 ) ) ;
#718 = ORIENTED_EDGE ( 'NONE', *, *, #122, .T. ) ;
#719 = UNCERTAINTY_MEASURE_WITH_UNIT (LENGTH_MEASURE( 1.000000000000000082E-05 ), #591, 'distance_accuracy_value', 'NONE');
#720 = CARTESIAN_POINT ( 'NONE',  ( 17.50000000000000000, 16.00000000000000355, 3.749999999999995559 ) ) ;
#721 = VECTOR ( 'NONE', #499, 1000.000000000000000 ) ;
#722 = DIRECTION ( 'NONE',  ( -1.000000000000000000, 0.000000000000000000, 0.000000000000000000 ) ) ;
#723 = AXIS2_PLACEMENT_3D ( 'NONE', #209, #69, #323 ) ;
#724 = CIRCLE ( 'NONE', #1360, 1.500000000000000000 ) ;
#725 = EDGE_LOOP ( 'NONE', ( #951, #139, #284, #976, #589, #812, #967 ) ) ;
#726 = CARTESIAN_POINT ( 'NONE',  ( -6.224060811848646679, -42.38998141954184717, 4.624060811848647035 ) ) ;
#727 = ORIENTED_EDGE ( 'NONE', *, *, #1414, .F. ) ;
#728 = DIRECTION ( 'NONE',  ( 0.000000000000000000, 0.000000000000000000, 1.000000000000000000 ) ) ;
#729 = CARTESIAN_POINT ( 'NONE',  ( 5.250000000000001776, -24.50000000000000000, -1.750000000000001776 ) ) ;
#730 = CARTESIAN_POINT ( 'NONE',  ( 17.50000000000000000, 16.00000000000000355, 2.499999999999995115 ) ) ;
#731 = EDGE_CURVE ( 'NONE', #384, #103, #458, .T. ) ;
#732 = VECTOR ( 'NONE', #655, 1000.000000000000000 ) ;
#733 = ORIENTED_EDGE ( 'NONE', *, *, #298, .T. ) ;
#734 = CARTESIAN_POINT ( 'NONE',  ( -5.257237938993296389, -43.74757278571703978, 3.153618969496681856 ) ) ;
#735 = VERTEX_POINT ( 'NONE', #988 ) ;
#736 = CARTESIAN_POINT ( 'NONE',  ( -17.50000000000000000, -19.00000000000000000, -2.749999999999999556 ) ) ;
#737 = FACE_OUTER_BOUND ( 'NONE', #1023, .T. ) ;
#738 = CARTESIAN_POINT ( 'NONE',  ( 5.249999999983680610, -42.13090116331751034, -2.750000000000002220 ) ) ;
#739 = DIRECTION ( 'NONE',  ( 0.000000000000000000, -1.000000000000000000, 0.000000000000000000 ) ) ;
#740 = ORIENTED_EDGE ( 'NONE', *, *, #1361, .F. ) ;
#741 = CARTESIAN_POINT ( 'NONE',  ( 5.003386806650147456, -43.32165351144588072, 4.156773613300307701 ) ) ;
#742 = ADVANCED_FACE ( 'NONE', ( #1302 ), #853, .F. ) ;
#743 = VERTEX_POINT ( 'NONE', #1233 ) ;
#744 =( BOUNDED_SURFACE ( )  B_SPLINE_SURFACE ( 3, 2, ( 
 ( #1297, #695, #578 ),
 ( #821, #664, #1197 ),
 ( #357, #726, #1320 ),
 ( #609, #1221, #952 ),
 ( #469, #943, #343 ),
 ( #1572, #221, #702 ),
 ( #117, #4, #492 ),
 ( #829, #975, #1468 ),
 ( #477, #1089, #235 ),
 ( #717, #485, #1311 ),
 ( #734, #1187, #1202 ),
 ( #1460, #851, #133 ),
 ( #104, #835, #710 ),
 ( #111, #616, #1444 ) ),
 .UNSPECIFIED., .F., .F., .F. ) 
 B_SPLINE_SURFACE_WITH_KNOTS ( ( 4, 2, 2, 2, 2, 2, 4 ),
 ( 3, 3 ),
 ( 6.283185307179586232, 6.479534848028948524, 6.675884388878310816, 6.872233929727672219, 7.068583470577034511, 7.461282552275758206, 7.853981633974482790 ),
 ( 0.000000000000000000, 1.000000000000000000 ),
 .UNSPECIFIED. ) 
 GEOMETRIC_REPRESENTATION_ITEM ( )  RATIONAL_B_SPLINE_SURFACE ( (
 ( 1.000000000000000000, 0.7071067811865473507, 1.000000000000000000),
 ( 1.000000000000000000, 0.7070717215217968699, 1.000000000000000000),
 ( 1.000000000000000000, 0.7117460116570840656, 1.000000000000000000),
 ( 1.000000000000000000, 0.7291288848862335081, 1.000000000000000000),
 ( 1.000000000000000000, 0.7418334301983355861, 1.000000000000000000),
 ( 1.000000000000000000, 0.7723968094988685751, 1.000000000000000000),
 ( 1.000000000000000000, 0.7902180193270857966, 1.000000000000000000),
 ( 1.000000000000000000, 0.8275942589162552654, 1.000000000000000000),
 ( 1.000000000000000000, 0.8471316681044385177, 1.000000000000000000),
 ( 1.000000000000000000, 0.9038128751444404196, 1.000000000000000000),
 ( 1.000000000000000000, 0.9386556568292556690, 1.000000000000000000),
 ( 1.000000000000000000, 0.9867291829330571140, 1.000000000000000000),
 ( 1.000000000000000000, 1.000158585517653131, 1.000000000000000000),
 ( 1.000000000000000000, 1.000000000000000000, 1.000000000000000000) ) ) 
 REPRESENTATION_ITEM ( '' )  SURFACE ( )  );
#745 = FACE_OUTER_BOUND ( 'NONE', #1429, .T. ) ;
#746 = AXIS2_PLACEMENT_3D ( 'NONE', #977, #1472, #728 ) ;
#747 = VERTEX_POINT ( 'NONE', #941 ) ;
#748 = CARTESIAN_POINT ( 'NONE',  ( 4.864546730259360352, -43.59933366422750112, 3.879093460518684644 ) ) ;
#749 = CIRCLE ( 'NONE', #322, 1.000000000000000000 ) ;
#750 = ORIENTED_EDGE ( 'NONE', *, *, #1563, .T. ) ;
#751 = CARTESIAN_POINT ( 'NONE',  ( 6.250000000000001776, -24.50000000000000000, -1.750000000000001776 ) ) ;
#752 = CARTESIAN_POINT ( 'NONE',  ( -19.50000000000000355, -19.00000000000000000, 0.5000000000000000000 ) ) ;
#753 = FACE_OUTER_BOUND ( 'NONE', #1532, .T. ) ;
#754 = CARTESIAN_POINT ( 'NONE',  ( -22.30000000000000071, 16.00000000000000355, 3.750000000000000444 ) ) ;
#755 = LINE ( 'NONE', #761, #1413 ) ;
#756 = VECTOR ( 'NONE', #61, 1000.000000000000000 ) ;
#757 = ORIENTED_EDGE ( 'NONE', *, *, #1140, .T. ) ;
#758 = DIRECTION ( 'NONE',  ( 0.000000000000000000, 0.000000000000000000, 1.000000000000000000 ) ) ;
#759 = FACE_OUTER_BOUND ( 'NONE', #1146, .T. ) ;
#760 = CARTESIAN_POINT ( 'NONE',  ( -6.249999999999998224, -41.99999999999999289, 3.649999999999997691 ) ) ;
#761 = CARTESIAN_POINT ( 'NONE',  ( 17.50000000000000000, 16.00000000000000355, -2.750000000000003997 ) ) ;
#762 = ADVANCED_FACE ( 'NONE', ( #1434 ), #505, .F. ) ;
#763 = VERTEX_POINT ( 'NONE', #144 ) ;
#764 = DIRECTION ( 'NONE',  ( 0.000000000000000000, 0.000000000000000000, -1.000000000000000000 ) ) ;
#765 = VECTOR ( 'NONE', #575, 1000.000000000000000 ) ;
#766 = LINE ( 'NONE', #1256, #474 ) ;
#767 = ADVANCED_FACE ( 'NONE', ( #1330 ), #246, .F. ) ;
#768 = CARTESIAN_POINT ( 'NONE',  ( 5.241276407119204173, -43.77802397096310472, 3.641276407119371505 ) ) ;
#769 = AXIS2_PLACEMENT_3D ( 'NONE', #1247, #1151, #1028 ) ;
#770 = VERTEX_POINT ( 'NONE', #262 ) ;
#771 = AXIS2_PLACEMENT_3D ( 'NONE', #339, #1190, #472 ) ;
#772 = ADVANCED_FACE ( 'NONE', ( #745 ), #600, .F. ) ;
#773 = ORIENTED_EDGE ( 'NONE', *, *, #172, .F. ) ;
#774 = CARTESIAN_POINT ( 'NONE',  ( 6.250000000000001776, -41.99999999999999289, 3.650000000000000799 ) ) ;
#775 = CARTESIAN_POINT ( 'NONE',  ( -4.511747895233458649, -43.94794534432809030, -1.273495790467099598 ) ) ;
#776 = CARTESIAN_POINT ( 'NONE',  ( 5.045107630212494421, -43.21997956991499024, -2.340215260425008825 ) ) ;
#777 = AXIS2_PLACEMENT_3D ( 'NONE', #412, #1139, #43 ) ;
#778 = EDGE_CURVE ( 'NONE', #1121, #632, #946, .T. ) ;
#779 = DIRECTION ( 'NONE',  ( -0.000000000000000000, -1.000000000000000000, -0.000000000000000000 ) ) ;
#780 = DIRECTION ( 'NONE',  ( 0.000000000000000000, 0.000000000000000000, 1.000000000000000000 ) ) ;
#781 = ORIENTED_EDGE ( 'NONE', *, *, #678, .F. ) ;
#782 = VECTOR ( 'NONE', #676, 1000.000000000000000 ) ;
#783 = ORIENTED_EDGE ( 'NONE', *, *, #1292, .T. ) ;
#784 = DIRECTION ( 'NONE',  ( 0.000000000000000000, 0.000000000000000000, 1.000000000000000000 ) ) ;
#785 = PLANE ( 'NONE',  #647 ) ;
#786 = FACE_OUTER_BOUND ( 'NONE', #606, .T. ) ;
#787 = ORIENTED_EDGE ( 'NONE', *, *, #1105, .F. ) ;
#788 = DIRECTION ( 'NONE',  ( 0.000000000000000000, 0.000000000000000000, 1.000000000000000000 ) ) ;
#789 = CARTESIAN_POINT ( 'NONE',  ( 0.000000000000000000, -19.00000000000000000, 0.000000000000000000 ) ) ;
#790 = ADVANCED_FACE ( 'NONE', ( #528 ), #1511, .F. ) ;
#791 = CARTESIAN_POINT ( 'NONE',  ( 19.50000000000000355, -19.00000000000000000, 1.499999999999995337 ) ) ;
#792 = ORIENTED_EDGE ( 'NONE', *, *, #1308, .F. ) ;
#793 = VECTOR ( 'NONE', #536, 1000.000000000000000 ) ;
#794 = AXIS2_PLACEMENT_3D ( 'NONE', #548, #540, #641 ) ;
#795 = EDGE_LOOP ( 'NONE', ( #608, #410, #1411, #783, #1083, #329, #176, #213, #682 ) ) ;
#796 = CARTESIAN_POINT ( 'NONE',  ( -5.812546386749433580, -43.30395656095044643, -2.312546386749418481 ) ) ;
#797 = VECTOR ( 'NONE', #1008, 1000.000000000000000 ) ;
#798 = DIRECTION ( 'NONE',  ( 1.000000000000000000, -0.000000000000000000, 0.000000000000000000 ) ) ;
#799 = CARTESIAN_POINT ( 'NONE',  ( 5.257237938993299053, -43.74757278571703978, -1.253618969496704372 ) ) ;
#800 = CARTESIAN_POINT ( 'NONE',  ( -19.50000000000000355, 16.00000000000000355, 1.500000000000000000 ) ) ;
#801 = CARTESIAN_POINT ( 'NONE',  ( -22.29999999999999716, -19.00000000000000000, 18.05000000000000071 ) ) ;
#802 = ORIENTED_EDGE ( 'NONE', *, *, #268, .T. ) ;
#803 = ORIENTED_EDGE ( 'NONE', *, *, #1055, .F. ) ;
#804 = CARTESIAN_POINT ( 'NONE',  ( -5.249999999999997335, -24.50000000000000000, 4.649999999999997691 ) ) ;
#805 = VECTOR ( 'NONE', #192, 1000.000000000000000 ) ;
#806 = ADVANCED_FACE ( 'NONE', ( #34 ), #411, .F. ) ;
#807 = CARTESIAN_POINT ( 'NONE',  ( -4.835786437626903300, -44.00000000000000711, -1.921572875253810375 ) ) ;
#808 = DIRECTION ( 'NONE',  ( 0.000000000000000000, 1.000000000000000000, 0.000000000000000000 ) ) ;
#809 = PLANE ( 'NONE',  #502 ) ;
#810 = ORIENTED_EDGE ( 'NONE', *, *, #386, .F. ) ;
#811 = DIRECTION ( 'NONE',  ( 1.668003342285391551E-16, 0.000000000000000000, 1.000000000000000000 ) ) ;
#812 = ORIENTED_EDGE ( 'NONE', *, *, #989, .F. ) ;
#813 = CARTESIAN_POINT ( 'NONE',  ( 5.250000000000000888, -41.99999999999999289, -2.750000000000002220 ) ) ;
#814 = LINE ( 'NONE', #201, #1393 ) ;
#815 = UNCERTAINTY_MEASURE_WITH_UNIT (LENGTH_MEASURE( 1.000000000000000082E-05 ), #138, 'distance_accuracy_value', 'NONE');
#816 = PLANE ( 'NONE',  #1433 ) ;
#817 = CARTESIAN_POINT ( 'NONE',  ( -6.749999999999999112, -24.00000000000000000, -1.750000000000000888 ) ) ;
#818 = CARTESIAN_POINT ( 'NONE',  ( -17.50000000000000000, -19.00000000000000000, -0.5000000000000000000 ) ) ;
#819 = ADVANCED_FACE ( 'NONE', ( #660 ), #1018, .F. ) ;
#820 = ORIENTED_EDGE ( 'NONE', *, *, #1505, .F. ) ;
#821 = CARTESIAN_POINT ( 'NONE',  ( -6.249999999999998224, -42.13090116331746060, 3.649999999983648102 ) ) ;
#822 = ORIENTED_EDGE ( 'NONE', *, *, #1195, .F. ) ;
#823 = CARTESIAN_POINT ( 'NONE',  ( -22.30000000000000071, -24.00000000000000000, -2.749999999999999556 ) ) ;
#824 = EDGE_CURVE ( 'NONE', #1275, #1496, #1138, .T. ) ;
#825 = LINE ( 'NONE', #1521, #708 ) ;
#826 = CARTESIAN_POINT ( 'NONE',  ( 6.750000000000002665, -24.00000000000000000, 3.650000000000000799 ) ) ;
#827 = EDGE_CURVE ( 'NONE', #1074, #342, #1148, .T. ) ;
#828 = VERTEX_POINT ( 'NONE', #900 ) ;
#829 = CARTESIAN_POINT ( 'NONE',  ( -5.840215260425010158, -43.21997956991498313, 3.445107630212506322 ) ) ;
#830 = EDGE_CURVE ( 'NONE', #1288, #206, #1397, .T. ) ;
#831 = CARTESIAN_POINT ( 'NONE',  ( 5.250000000000001776, -43.17157287525380127, -2.750000000000002220 ) ) ;
#832 = CARTESIAN_POINT ( 'NONE',  ( 6.250000000000001776, -41.99999999999998579, -2.750000000000002220 ) ) ;
#833 = VECTOR ( 'NONE', #1227, 1000.000000000000000 ) ;
#834 = ORIENTED_EDGE ( 'NONE', *, *, #269, .T. ) ;
#835 = CARTESIAN_POINT ( 'NONE',  ( -4.446336970049400428, -43.99990745013874971, 2.846336970049280435 ) ) ;
#836 = ORIENTED_EDGE ( 'NONE', *, *, #867, .T. ) ;
#837 = DIRECTION ( 'NONE',  ( -0.000000000000000000, -1.000000000000000000, -0.000000000000000000 ) ) ;
#838 = CARTESIAN_POINT ( 'NONE',  ( 5.840215260425003940, -43.21997956991499734, -1.545107630212502414 ) ) ;
#839 = CARTESIAN_POINT ( 'NONE',  ( -6.749999999999999112, -24.00000000000000000, 3.649999999999997691 ) ) ;
#840 = CARTESIAN_POINT ( 'NONE',  ( 6.237107820140911585, -42.26179617165952607, 3.643553910070478352 ) ) ;
#841 = VECTOR ( 'NONE', #327, 1000.000000000000000 ) ;
#842 = EDGE_LOOP ( 'NONE', ( #1347, #261, #278, #40, #545, #20, #1365, #687, #165, #1220, #865, #1303 ) ) ;
#843 = EDGE_CURVE ( 'NONE', #632, #1085, #294, .T. ) ;
#844 = DIRECTION ( 'NONE',  ( -1.000000000000000000, 0.000000000000000000, 2.168404344971006896E-16 ) ) ;
#845 = CARTESIAN_POINT ( 'NONE',  ( 22.30000000000000426, -19.00000000000000000, 7.749999999999994671 ) ) ;
#846 = CARTESIAN_POINT ( 'NONE',  ( 19.50000000000000355, 16.00000000000000355, 0.4999999999999952260 ) ) ;
#847 = VECTOR ( 'NONE', #922, 1000.000000000000000 ) ;
#848 = VECTOR ( 'NONE', #534, 1000.000000000000000 ) ;
#849 = CARTESIAN_POINT ( 'NONE',  ( -19.50000000000000355, 16.00000000000000355, -0.5000000000000000000 ) ) ;
#850 = VECTOR ( 'NONE', #646, 1000.000000000000000 ) ;
#851 = CARTESIAN_POINT ( 'NONE',  ( -4.647438642464961411, -43.97379281257565964, 3.047438642465035930 ) ) ;
#852 = ORIENTED_EDGE ( 'NONE', *, *, #778, .F. ) ;
#853 = CYLINDRICAL_SURFACE ( 'NONE', #67, 1.000000000000000000 ) ;
#854 = DIRECTION ( 'NONE',  ( -1.000000000000000000, 0.000000000000000000, 1.807003620809174632E-16 ) ) ;
#855 = CARTESIAN_POINT ( 'NONE',  ( 5.250000000000001776, -41.99999999999999289, -2.750000000000002220 ) ) ;
#856 = FILL_AREA_STYLE ('',( #489 ) ) ;
#857 = ORIENTED_EDGE ( 'NONE', *, *, #35, .T. ) ;
#858 = CARTESIAN_POINT ( 'NONE',  ( 5.985663188785180999, -43.00230136216340071, 3.517831594392599293 ) ) ;
#859 = ADVANCED_FACE ( 'NONE', ( #1262 ), #519, .F. ) ;
#860 = ORIENTED_EDGE ( 'NONE', *, *, #407, .T. ) ;
#861 = DIRECTION ( 'NONE',  ( 1.000000000000000000, -0.000000000000000000, 2.775557561562891351E-16 ) ) ;
#862 =( BOUNDED_CURVE ( )  B_SPLINE_CURVE ( 3, ( #983, #631, #864, #1477 ),
 .UNSPECIFIED., .F., .F. ) 
 B_SPLINE_CURVE_WITH_KNOTS ( ( 4, 4 ),
 ( 4.712388980384689674, 6.283185307179586232 ),
 .UNSPECIFIED. ) 
 CURVE ( )  GEOMETRIC_REPRESENTATION_ITEM ( )  RATIONAL_B_SPLINE_CURVE ( ( 1.000000000000000000, 0.8047378541243649375, 0.8047378541243649375, 1.000000000000000000 ) ) 
 REPRESENTATION_ITEM ( '' )  );
#863 = CARTESIAN_POINT ( 'NONE',  ( 6.060804154952061040, -42.90841389844804610, -2.560804154952013079 ) ) ;
#864 = CARTESIAN_POINT ( 'NONE',  ( 6.250000000000001776, -43.17157287525380127, -1.750000000000001776 ) ) ;
#865 = ORIENTED_EDGE ( 'NONE', *, *, #830, .T. ) ;
#866 = PLANE ( 'NONE',  #195 ) ;
#867 = EDGE_CURVE ( 'NONE', #206, #39, #626, .T. ) ;
#868 = VERTEX_POINT ( 'NONE', #774 ) ;
#869 = CARTESIAN_POINT ( 'NONE',  ( -18.50000000000000355, -19.00000000000000000, 0.5000000000000000000 ) ) ;
#870 = AXIS2_PLACEMENT_3D ( 'NONE', #256, #1316, #854 ) ;
#871 = CARTESIAN_POINT ( 'NONE',  ( 5.250000000000001776, -44.00000000000000000, -1.750000000000001776 ) ) ;
#872 = CIRCLE ( 'NONE', #1179, 0.5000000000000004441 ) ;
#873 = CARTESIAN_POINT ( 'NONE',  ( -6.368033988749893126, -24.00000000000000000, -2.749999999999999556 ) ) ;
#874 = DIRECTION ( 'NONE',  ( -1.000000000000000000, 0.000000000000000000, 9.035018104045873159E-17 ) ) ;
#875 = CIRCLE ( 'NONE', #475, 1.000000000000000000 ) ;
#876 = ADVANCED_FACE ( 'NONE', ( #177 ), #159, .T. ) ;
#877 = EDGE_LOOP ( 'NONE', ( #960, #1001, #1525, #1137, #1533, #197, #577, #1487, #1058, #1186, #596, #325, #1106, #822, #1268, #1549, #164, #727 ) ) ;
#878 = EDGE_CURVE ( 'NONE', #743, #1121, #398, .T. ) ;
#879 = LINE ( 'NONE', #1497, #15 ) ;
#880 = APPLICATION_PROTOCOL_DEFINITION ( 'draft international standard', 'automotive_design', 1998, #131 ) ;
#881 = DIRECTION ( 'NONE',  ( 1.000000000000000000, 0.000000000000000000, 0.000000000000000000 ) ) ;
#882 = LINE ( 'NONE', #1249, #170 ) ;
#883 = VERTEX_POINT ( 'NONE', #426 ) ;
#884 = DIRECTION ( 'NONE',  ( -1.000000000000000000, -0.000000000000000000, -0.000000000000000000 ) ) ;
#885 = CARTESIAN_POINT ( 'NONE',  ( -4.773495790467063848, -43.94794534432810451, -1.011747895233499728 ) ) ;
#886 = EDGE_CURVE ( 'NONE', #934, #927, #879, .T. ) ;
#887 = DIRECTION ( 'NONE',  ( 0.000000000000000000, 1.000000000000000000, 0.000000000000000000 ) ) ;
#888 = LINE ( 'NONE', #1107, #603 ) ;
#889 = ORIENTED_EDGE ( 'NONE', *, *, #1573, .F. ) ;
#890 = ORIENTED_EDGE ( 'NONE', *, *, #532, .T. ) ;
#891 = CARTESIAN_POINT ( 'NONE',  ( 17.50000000000000000, 16.00000000000000355, 3.749999999999995559 ) ) ;
#892 = EDGE_CURVE ( 'NONE', #1371, #604, #1410, .T. ) ;
#893 = CARTESIAN_POINT ( 'NONE',  ( -17.50000000000000000, -15.00000000000000000, 3.750000000000000000 ) ) ;
#894 = PLANE ( 'NONE',  #634 ) ;
#895 = CARTESIAN_POINT ( 'NONE',  ( 4.250000000000001776, -41.99999999999999289, 0.000000000000000000 ) ) ;
#896 = VECTOR ( 'NONE', #1432, 1000.000000000000000 ) ;
#897 = ORIENTED_EDGE ( 'NONE', *, *, #29, .T. ) ;
#898 = AXIS2_PLACEMENT_3D ( 'NONE', #184, #42, #764 ) ;
#899 = EDGE_LOOP ( 'NONE', ( #1310, #1574, #716, #696 ) ) ;
#900 = CARTESIAN_POINT ( 'NONE',  ( 17.50000000000000000, -19.00000000000000000, 7.749999999999995559 ) ) ;
#901 = CARTESIAN_POINT ( 'NONE',  ( -19.50000000000000355, -19.00000000000000000, -0.5000000000000000000 ) ) ;
#902 = CARTESIAN_POINT ( 'NONE',  ( 5.250000000000001776, -41.99999999999999289, 4.650000000000001243 ) ) ;
#903 = ORIENTED_EDGE ( 'NONE', *, *, #886, .F. ) ;
#904 = CIRCLE ( 'NONE', #659, 1.000000000000000000 ) ;
#905 = DIRECTION ( 'NONE',  ( 0.000000000000000000, 0.000000000000000000, -1.000000000000000000 ) ) ;
#906 = CARTESIAN_POINT ( 'NONE',  ( 4.249999999999998224, -44.00000000000000000, -0.7500000000000001110 ) ) ;
#907 = CARTESIAN_POINT ( 'NONE',  ( 6.250000000000001776, -44.00000000000000000, -1.750000000000001776 ) ) ;
#908 = CARTESIAN_POINT ( 'NONE',  ( -17.50000000000000000, 16.00000000000000355, -2.750000000000000000 ) ) ;
#909 = ORIENTED_EDGE ( 'NONE', *, *, #1344, .F. ) ;
#910 = ORIENTED_EDGE ( 'NONE', *, *, #549, .T. ) ;
#911 = CARTESIAN_POINT ( 'NONE',  ( -5.148832964073958074, -42.88630239515504172, -2.547665928147810899 ) ) ;
#912 = CARTESIAN_POINT ( 'NONE',  ( 4.250000000000001776, -44.00000000000000000, -0.7500000000000017764 ) ) ;
#913 = VECTOR ( 'NONE', #1568, 1000.000000000000000 ) ;
#914 = CARTESIAN_POINT ( 'NONE',  ( 5.040665110884755329, -43.86499769986723152, -1.540665110884754441 ) ) ;
#915 = CARTESIAN_POINT ( 'NONE',  ( -5.249999999999997335, -24.50000000000000000, 4.649999999999997691 ) ) ;
#916 = DIRECTION ( 'NONE',  ( 0.000000000000000000, 0.000000000000000000, -1.000000000000000000 ) ) ;
#917 = ORIENTED_EDGE ( 'NONE', *, *, #824, .F. ) ;
#918 = EDGE_CURVE ( 'NONE', #1097, #640, #1276, .T. ) ;
#919 = VECTOR ( 'NONE', #1287, 1000.000000000000000 ) ;
#920 = ORIENTED_EDGE ( 'NONE', *, *, #1453, .F. ) ;
#921 = EDGE_CURVE ( 'NONE', #211, #33, #674, .T. ) ;
#922 = DIRECTION ( 'NONE',  ( -0.000000000000000000, -0.000000000000000000, 1.000000000000000000 ) ) ;
#923 = AXIS2_PLACEMENT_3D ( 'NONE', #871, #515, #1164 ) ;
#924 = CARTESIAN_POINT ( 'NONE',  ( -4.249999999999998224, -44.00000000000000000, -0.7500000000000009992 ) ) ;
#925 = FACE_OUTER_BOUND ( 'NONE', #1319, .T. ) ;
#926 = DIRECTION ( 'NONE',  ( 0.000000000000000000, 1.000000000000000000, 0.000000000000000000 ) ) ;
#927 = VERTEX_POINT ( 'NONE', #332 ) ;
#928 = VERTEX_POINT ( 'NONE', #90 ) ;
#929 = CARTESIAN_POINT ( 'NONE',  ( -6.147852201897339164, -42.64443133430530253, -1.698926100948616735 ) ) ;
#930 = CARTESIAN_POINT ( 'NONE',  ( -5.249999999999997335, -41.99999999999999289, 4.649999999999997691 ) ) ;
#931 = EDGE_CURVE ( 'NONE', #188, #1250, #1115, .T. ) ;
#932 = LINE ( 'NONE', #91, #765 ) ;
#933 = LINE ( 'NONE', #818, #1124 ) ;
#934 = VERTEX_POINT ( 'NONE', #804 ) ;
#935 = ORIENTED_EDGE ( 'NONE', *, *, #1176, .T. ) ;
#936 = CARTESIAN_POINT ( 'NONE',  ( -5.625436372909263127, -43.50077375515755307, -2.125436372909280447 ) ) ;
#937 = CARTESIAN_POINT ( 'NONE',  ( 18.50000000000000355, -19.00000000000000000, 0.4999999999999953371 ) ) ;
#938 = EDGE_CURVE ( 'NONE', #245, #712, #1050, .T. ) ;
#939 = CARTESIAN_POINT ( 'NONE',  ( 19.50000000000000355, 16.00000000000000355, -0.5000000000000047740 ) ) ;
#940 = DIRECTION ( 'NONE',  ( 0.000000000000000000, -0.000000000000000000, 1.000000000000000000 ) ) ;
#941 = CARTESIAN_POINT ( 'NONE',  ( -6.368033988749893126, -24.00000000000000000, -2.749999999999999556 ) ) ;
#942 = VERTEX_POINT ( 'NONE', #823 ) ;
#943 = CARTESIAN_POINT ( 'NONE',  ( -6.060804154952024625, -42.90841389844804610, 4.460804154952056066 ) ) ;
#944 = VERTEX_POINT ( 'NONE', #683 ) ;
#945 = CARTESIAN_POINT ( 'NONE',  ( -5.249999999999998224, -41.99999999999999289, -2.750000000000000888 ) ) ;
#946 = CIRCLE ( 'NONE', #142, 4.000000000000000000 ) ;
#947 = AXIS2_PLACEMENT_3D ( 'NONE', #1237, #531, #140 ) ;
#948 = DIRECTION ( 'NONE',  ( 0.000000000000000000, 0.000000000000000000, -1.000000000000000000 ) ) ;
#949 = CARTESIAN_POINT ( 'NONE',  ( -17.50000000000000000, 16.00000000000000355, -0.5000000000000000000 ) ) ;
#950 = PRODUCT ( 'CameraHousing_Arducam', 'CameraHousing_Arducam', '', ( #1013 ) ) ;
#951 = ORIENTED_EDGE ( 'NONE', *, *, #1542, .T. ) ;
#952 = CARTESIAN_POINT ( 'NONE',  ( -5.218016650735953554, -42.51856511640499292, 4.586033301472009605 ) ) ;
#953 = EDGE_CURVE ( 'NONE', #709, #927, #94, .T. ) ;
#954 = ORIENTED_EDGE ( 'NONE', *, *, #231, .F. ) ;
#955 = CARTESIAN_POINT ( 'NONE',  ( -4.249999999999998224, -44.00000000000000000, -1.750000000000000888 ) ) ;
#956 = DIRECTION ( 'NONE',  ( -0.000000000000000000, -1.000000000000000000, -0.000000000000000000 ) ) ;
#957 = DIRECTION ( 'NONE',  ( 1.000000000000000000, 0.000000000000000000, 0.000000000000000000 ) ) ;
#958 = EDGE_LOOP ( 'NONE', ( #110, #1051, #1223, #1334 ) ) ;
#959 = CARTESIAN_POINT ( 'NONE',  ( 6.224060811848651120, -42.38998141954183296, 4.624060811848651475 ) ) ;
#960 = ORIENTED_EDGE ( 'NONE', *, *, #1269, .F. ) ;
#961 = DIRECTION ( 'NONE',  ( -1.000000000000000000, 0.000000000000000000, 0.000000000000000000 ) ) ;
#962 = FACE_OUTER_BOUND ( 'NONE', #624, .T. ) ;
#963 = PLANE ( 'NONE',  #191 ) ;
#964 = VERTEX_POINT ( 'NONE', #1291 ) ;
#965 = CARTESIAN_POINT ( 'NONE',  ( 5.148832964073960738, -42.88630239515504883, 4.447665928147809034 ) ) ;
#966 = AXIS2_PLACEMENT_3D ( 'NONE', #1109, #128, #961 ) ;
#967 = ORIENTED_EDGE ( 'NONE', *, *, #731, .F. ) ;
#968 = DIRECTION ( 'NONE',  ( 0.000000000000000000, 0.000000000000000000, -1.000000000000000000 ) ) ;
#969 = DIRECTION ( 'NONE',  ( -0.000000000000000000, -1.000000000000000000, -0.000000000000000000 ) ) ;
#970 = FACE_OUTER_BOUND ( 'NONE', #112, .T. ) ;
#971 = AXIS2_PLACEMENT_3D ( 'NONE', #1086, #739, #1104 ) ;
#972 = AXIS2_PLACEMENT_3D ( 'NONE', #1183, #1534, #580 ) ;
#973 = LINE ( 'NONE', #529, #1280 ) ;
#974 = DIRECTION ( 'NONE',  ( -0.000000000000000000, -0.000000000000000000, 1.000000000000000000 ) ) ;
#975 = CARTESIAN_POINT ( 'NONE',  ( -5.625436372909263127, -43.50077375515755307, 4.025436372909325655 ) ) ;
#976 = ORIENTED_EDGE ( 'NONE', *, *, #330, .F. ) ;
#977 = CARTESIAN_POINT ( 'NONE',  ( -17.50000000000000000, 16.00000000000000355, -0.5000000000000000000 ) ) ;
#978 = CARTESIAN_POINT ( 'NONE',  ( -22.30000000000000071, 16.00000000000000355, -2.749999999999999556 ) ) ;
#979 = CARTESIAN_POINT ( 'NONE',  ( 6.128314877086336487, -42.74763398995409602, -2.628314877086294299 ) ) ;
#980 = DIRECTION ( 'NONE',  ( 0.000000000000000000, -1.000000000000000000, 0.000000000000000000 ) ) ;
#981 = EDGE_CURVE ( 'NONE', #1371, #944, #1173, .T. ) ;
#982 = CIRCLE ( 'NONE', #1214, 1.000000000000000000 ) ;
#983 = CARTESIAN_POINT ( 'NONE',  ( 4.250000000000001776, -44.00000000000000000, -0.7500000000000017764 ) ) ;
#984 = ORIENTED_EDGE ( 'NONE', *, *, #1505, .T. ) ;
#985 = DIRECTION ( 'NONE',  ( 0.000000000000000000, 0.000000000000000000, 1.000000000000000000 ) ) ;
#986 = EDGE_CURVE ( 'NONE', #747, #1196, #218, .T. ) ;
#987 = ORIENTED_EDGE ( 'NONE', *, *, #1098, .T. ) ;
#988 = CARTESIAN_POINT ( 'NONE',  ( -17.50000000000000000, 16.00000000000000355, 3.750000000000000000 ) ) ;
#989 = EDGE_CURVE ( 'NONE', #103, #743, #443, .T. ) ;
#990 = EDGE_CURVE ( 'NONE', #1312, #1172, #199, .T. ) ;
#991 = CARTESIAN_POINT ( 'NONE',  ( 5.955724248777906737, -24.07125434775997164, -2.750000000000002220 ) ) ;
#992 = CARTESIAN_POINT ( 'NONE',  ( 5.479093460518615011, -43.59933366422757217, 3.264546730259394902 ) ) ;
#993 = ORIENTED_EDGE ( 'NONE', *, *, #843, .T. ) ;
#994 = CARTESIAN_POINT ( 'NONE',  ( 19.50000000000000355, 16.00000000000000355, 1.499999999999995337 ) ) ;
#995 = CIRCLE ( 'NONE', #314, 1.000000000000000000 ) ;
#996 = DIRECTION ( 'NONE',  ( 0.000000000000000000, 1.000000000000000000, 0.000000000000000000 ) ) ;
#997 = VECTOR ( 'NONE', #1099, 1000.000000000000000 ) ;
#998 = CARTESIAN_POINT ( 'NONE',  ( -5.249999999999997335, -24.50000000000000355, -1.750000000000000888 ) ) ;
#999 = CARTESIAN_POINT ( 'NONE',  ( 5.250000000000001776, -44.00000000000000000, -0.7500000000000018874 ) ) ;
#1000 = AXIS2_PLACEMENT_3D ( 'NONE', #300, #93, #181 ) ;
#1001 = ORIENTED_EDGE ( 'NONE', *, *, #678, .T. ) ;
#1002 = EDGE_CURVE ( 'NONE', #1571, #403, #1404, .T. ) ;
#1003 = VERTEX_POINT ( 'NONE', #1052 ) ;
#1004 = CARTESIAN_POINT ( 'NONE',  ( 0.000000000000000000, 16.00000000000000355, 0.000000000000000000 ) ) ;
#1005 = CYLINDRICAL_SURFACE ( 'NONE', #444, 1.000000000000000000 ) ;
#1006 = CARTESIAN_POINT ( 'NONE',  ( 6.157359734924885863, -23.99999999999999645, -2.749999999999999556 ) ) ;
#1007 = VECTOR ( 'NONE', #887, 1000.000000000000000 ) ;
#1008 = DIRECTION ( 'NONE',  ( -0.000000000000000000, -0.000000000000000000, 1.000000000000000000 ) ) ;
#1009 = EDGE_LOOP ( 'NONE', ( #183, #666, #701, #151, #476, #387, #432 ) ) ;
#1010 = EDGE_CURVE ( 'NONE', #1478, #1380, #107, .T. ) ;
#1011 = ORIENTED_EDGE ( 'NONE', *, *, #1395, .F. ) ;
#1012 = DIRECTION ( 'NONE',  ( 0.000000000000000000, -1.000000000000000000, 0.000000000000000000 ) ) ;
#1013 = PRODUCT_CONTEXT ( 'NONE', #131, 'mechanical' ) ;
#1014 = CARTESIAN_POINT ( 'NONE',  ( 19.50000000000000355, -19.00000000000000000, -0.5000000000000047740 ) ) ;
#1015 = CARTESIAN_POINT ( 'NONE',  ( -5.249999999999997335, -41.99999999999999289, -1.750000000000001110 ) ) ;
#1016 = DIRECTION ( 'NONE',  ( -0.000000000000000000, -1.000000000000000000, -0.000000000000000000 ) ) ;
#1017 = ORIENTED_EDGE ( 'NONE', *, *, #827, .F. ) ;
#1018 = CYLINDRICAL_SURFACE ( 'NONE', #898, 4.000000000000000000 ) ;
#1019 = CARTESIAN_POINT ( 'NONE',  ( -5.241276407119203284, -43.77802397096311182, -1.741276407119320968 ) ) ;
#1020 = CARTESIAN_POINT ( 'NONE',  ( 5.756773613300343762, -43.32165351144584520, -1.503386806650146568 ) ) ;
#1021 = CARTESIAN_POINT ( 'NONE',  ( -18.50000000000000355, 16.00000000000000355, 2.499999999999999556 ) ) ;
#1022 =( BOUNDED_SURFACE ( )  B_SPLINE_SURFACE ( 3, 2, ( 
 ( #233, #832, #855 ),
 ( #381, #137, #738 ),
 ( #1199, #1100, #18 ),
 ( #507, #979, #113 ),
 ( #145, #863, #1350 ),
 ( #263, #514, #598 ),
 ( #352, #1441, #1447 ),
 ( #838, #56, #776 ),
 ( #1020, #30, #1141 ),
 ( #1241, #154, #1116 ),
 ( #799, #914, #558 ),
 ( #214, #1536, #225 ),
 ( #465, #1529, #435 ),
 ( #906, #1406, #447 ) ),
 .UNSPECIFIED., .F., .F., .F. ) 
 B_SPLINE_SURFACE_WITH_KNOTS ( ( 4, 2, 2, 2, 2, 2, 4 ),
 ( 3, 3 ),
 ( 6.283185307179586232, 6.479534848028948524, 6.675884388878310816, 6.872233929727672219, 7.068583470577034511, 7.461282552275758206, 7.853981633974482790 ),
 ( 0.000000000000000000, 1.000000000000000000 ),
 .UNSPECIFIED. ) 
 GEOMETRIC_REPRESENTATION_ITEM ( )  RATIONAL_B_SPLINE_SURFACE ( (
 ( 1.000000000000000000, 0.7071067811865474617, 1.000000000000000000),
 ( 1.000000000000000000, 0.7070717215218137452, 1.000000000000000000),
 ( 1.000000000000000000, 0.7117460116570616391, 1.000000000000000000),
 ( 1.000000000000000000, 0.7291288848862554905, 1.000000000000000000),
 ( 1.000000000000000000, 0.7418334301983355861, 1.000000000000000000),
 ( 1.000000000000000000, 0.7723968094988685751, 1.000000000000000000),
 ( 1.000000000000000000, 0.7902180193270857966, 1.000000000000000000),
 ( 1.000000000000000000, 0.8275942589162552654, 1.000000000000000000),
 ( 1.000000000000000000, 0.8471316681044385177, 1.000000000000000000),
 ( 1.000000000000000000, 0.9038128751444404196, 1.000000000000000000),
 ( 1.000000000000000000, 0.9386556568292556690, 1.000000000000000000),
 ( 1.000000000000000000, 0.9867291829330571140, 1.000000000000000000),
 ( 1.000000000000000000, 1.000158585517653131, 1.000000000000000000),
 ( 1.000000000000000000, 1.000000000000000000, 1.000000000000000000) ) ) 
 REPRESENTATION_ITEM ( '' )  SURFACE ( )  );
#1023 = EDGE_LOOP ( 'NONE', ( #1564, #610, #478, #141 ) ) ;
#1024 = VECTOR ( 'NONE', #1520, 1000.000000000000000 ) ;
#1025 = EDGE_CURVE ( 'NONE', #1571, #770, #1551, .T. ) ;
#1026 = EDGE_LOOP ( 'NONE', ( #373, #205, #236, #518 ) ) ;
#1027 = CARTESIAN_POINT ( 'NONE',  ( -22.30000000000000071, -15.00000000000000000, 3.750000000000000444 ) ) ;
#1028 = DIRECTION ( 'NONE',  ( 0.000000000000000000, -0.000000000000000000, -1.000000000000000000 ) ) ;
#1029 = ADVANCED_FACE ( 'NONE', ( #1072 ), #354, .T. ) ;
#1030 = LINE ( 'NONE', #1524, #919 ) ;
#1031 = ORIENTED_EDGE ( 'NONE', *, *, #665, .F. ) ;
#1032 = VECTOR ( 'NONE', #299, 1000.000000000000000 ) ;
#1033 = VERTEX_POINT ( 'NONE', #1506 ) ;
#1034 = CARTESIAN_POINT ( 'NONE',  ( -6.224060811848676877, -42.38998141954183296, -2.724060811848620034 ) ) ;
#1035 = LINE ( 'NONE', #434, #1498 ) ;
#1036 = DIRECTION ( 'NONE',  ( 1.668003342285391551E-16, 0.000000000000000000, 1.000000000000000000 ) ) ;
#1037 = ADVANCED_FACE ( 'NONE', ( #296 ), #1263, .T. ) ;
#1038 = DIRECTION ( 'NONE',  ( 1.000000000000000000, 0.000000000000000000, 0.000000000000000000 ) ) ;
#1039 = ORIENTED_EDGE ( 'NONE', *, *, #1140, .F. ) ;
#1040 = DIRECTION ( 'NONE',  ( -0.000000000000000000, -1.000000000000000000, -0.000000000000000000 ) ) ;
#1041 = EDGE_LOOP ( 'NONE', ( #306, #462, #703, #681 ) ) ;
#1042 = CARTESIAN_POINT ( 'NONE',  ( -6.128314877086304513, -42.74763398995409602, -2.628314877086363133 ) ) ;
#1043 = CARTESIAN_POINT ( 'NONE',  ( 5.250000000000001776, -41.99999999999999289, -1.750000000000001776 ) ) ;
#1044 = VECTOR ( 'NONE', #310, 1000.000000000000000 ) ;
#1045 = LINE ( 'NONE', #583, #1514 ) ;
#1046 = DIRECTION ( 'NONE',  ( 0.000000000000000000, 1.000000000000000000, 0.000000000000000000 ) ) ;
#1047 = VERTEX_POINT ( 'NONE', #602 ) ;
#1048 = FACE_OUTER_BOUND ( 'NONE', #1445, .T. ) ;
#1049 = VECTOR ( 'NONE', #1117, 1000.000000000000000 ) ;
#1050 = CIRCLE ( 'NONE', #771, 0.5000000000000004441 ) ;
#1051 = ORIENTED_EDGE ( 'NONE', *, *, #334, .T. ) ;
#1052 = CARTESIAN_POINT ( 'NONE',  ( 22.30000000000000071, 16.00000000000000355, -2.750000000000004885 ) ) ;
#1053 = LINE ( 'NONE', #1398, #805 ) ;
#1054 = FACE_OUTER_BOUND ( 'NONE', #877, .T. ) ;
#1055 = EDGE_CURVE ( 'NONE', #188, #415, #862, .T. ) ;
#1056 = EDGE_CURVE ( 'NONE', #1352, #1250, #19, .T. ) ;
#1057 = DIRECTION ( 'NONE',  ( 2.775557561562891351E-16, 0.000000000000000000, -1.000000000000000000 ) ) ;
#1058 = ORIENTED_EDGE ( 'NONE', *, *, #231, .T. ) ;
#1059 = EDGE_CURVE ( 'NONE', #1312, #378, #390, .T. ) ;
#1060 = ORIENTED_EDGE ( 'NONE', *, *, #122, .F. ) ;
#1061 = CIRCLE ( 'NONE', #375, 1.000000000000000000 ) ;
#1062 = CARTESIAN_POINT ( 'NONE',  ( -6.249999999999998224, -44.00000000000000000, -1.750000000000000888 ) ) ;
#1063 = VECTOR ( 'NONE', #516, 1000.000000000000000 ) ;
#1064 = DIRECTION ( 'NONE',  ( 0.000000000000000000, 0.000000000000000000, 1.000000000000000000 ) ) ;
#1065 = DIRECTION ( 'NONE',  ( -0.000000000000000000, 0.000000000000000000, -1.000000000000000000 ) ) ;
#1066 = CARTESIAN_POINT ( 'NONE',  ( 4.250000000000001776, -44.00000000000000000, 3.650000000000000799 ) ) ;
#1067 = LINE ( 'NONE', #1239, #1438 ) ;
#1068 = ADVANCED_FACE ( 'NONE', ( #1200 ), #1082, .F. ) ;
#1069 = VERTEX_POINT ( 'NONE', #355 ) ;
#1070 = CARTESIAN_POINT ( 'NONE',  ( 5.249999999983680610, -42.13090116331751034, 4.650000000000001243 ) ) ;
#1071 = ORIENTED_EDGE ( 'NONE', *, *, #921, .T. ) ;
#1072 = FACE_OUTER_BOUND ( 'NONE', #1251, .T. ) ;
#1073 = DIRECTION ( 'NONE',  ( 0.000000000000000000, 0.000000000000000000, 1.000000000000000000 ) ) ;
#1074 = VERTEX_POINT ( 'NONE', #239 ) ;
#1075 = CARTESIAN_POINT ( 'NONE',  ( 5.625436372909232929, -43.50077375515756728, 4.025436372909232396 ) ) ;
#1076 = VECTOR ( 'NONE', #837, 1000.000000000000000 ) ;
#1077 = EDGE_CURVE ( 'NONE', #928, #743, #1328, .T. ) ;
#1078 = ORIENTED_EDGE ( 'NONE', *, *, #921, .F. ) ;
#1079 = VECTOR ( 'NONE', #153, 1000.000000000000000 ) ;
#1080 = CARTESIAN_POINT ( 'NONE',  ( 18.50000000000000355, 16.00000000000000355, 0.4999999999999953371 ) ) ;
#1081 = DIRECTION ( 'NONE',  ( -0.000000000000000000, -1.000000000000000000, 0.000000000000000000 ) ) ;
#1082 = CYLINDRICAL_SURFACE ( 'NONE', #1204, 0.5000000000000004441 ) ;
#1083 = ORIENTED_EDGE ( 'NONE', *, *, #1313, .T. ) ;
#1084 = CARTESIAN_POINT ( 'NONE',  ( 5.243553910070508195, -42.26179617165953317, 4.637107820140910164 ) ) ;
#1085 = VERTEX_POINT ( 'NONE', #1458 ) ;
#1086 = CARTESIAN_POINT ( 'NONE',  ( 18.50000000000000355, 16.00000000000000355, 2.499999999999995115 ) ) ;
#1087 = ADVANCED_FACE ( 'NONE', ( #490 ), #963, .F. ) ;
#1088 = ORIENTED_EDGE ( 'NONE', *, *, #549, .F. ) ;
#1089 = CARTESIAN_POINT ( 'NONE',  ( -5.528392651607634711, -43.58157591876749848, 3.928392651607598207 ) ) ;
#1090 = ORIENTED_EDGE ( 'NONE', *, *, #1285, .F. ) ;
#1091 = PRODUCT_DEFINITION_SHAPE ( 'NONE', 'NONE',  #1473 ) ;
#1092 = DIRECTION ( 'NONE',  ( 0.000000000000000000, 0.000000000000000000, 1.000000000000000000 ) ) ;
#1093 = LINE ( 'NONE', #11, #721 ) ;
#1094 = ORIENTED_EDGE ( 'NONE', *, *, #23, .F. ) ;
#1095 = CARTESIAN_POINT ( 'NONE',  ( 6.249999999246435678, -42.19659951090224581, 4.649999999246404059 ) ) ;
#1096 = PRODUCT_RELATED_PRODUCT_CATEGORY ( 'part', '', ( #950 ) ) ;
#1097 = VERTEX_POINT ( 'NONE', #130 ) ;
#1098 = EDGE_CURVE ( 'NONE', #944, #709, #1093, .T. ) ;
#1099 = DIRECTION ( 'NONE',  ( 1.000000000000000000, -0.000000000000000000, -2.168404344971006896E-16 ) ) ;
#1100 = CARTESIAN_POINT ( 'NONE',  ( 6.224060811848652008, -42.38998141954183296, -2.724060811848696417 ) ) ;
#1101 = VECTOR ( 'NONE', #1158, 1000.000000000000000 ) ;
#1102 = DIRECTION ( 'NONE',  ( 0.000000000000000000, 0.000000000000000000, 1.000000000000000000 ) ) ;
#1103 = AXIS2_PLACEMENT_3D ( 'NONE', #346, #1306, #1558 ) ;
#1104 = DIRECTION ( 'NONE',  ( 0.000000000000000000, 0.000000000000000000, -1.000000000000000000 ) ) ;
#1105 = EDGE_CURVE ( 'NONE', #509, #604, #973, .T. ) ;
#1106 = ORIENTED_EDGE ( 'NONE', *, *, #592, .F. ) ;
#1107 = CARTESIAN_POINT ( 'NONE',  ( 19.50000000000000355, 16.00000000000000355, -0.5000000000000047740 ) ) ;
#1108 = ORIENTED_EDGE ( 'NONE', *, *, #1189, .F. ) ;
#1109 = CARTESIAN_POINT ( 'NONE',  ( 6.750000000000002665, -24.50000000000000000, -2.749999999999998668 ) ) ;
#1110 = FACE_OUTER_BOUND ( 'NONE', #234, .T. ) ;
#1111 = CARTESIAN_POINT ( 'NONE',  ( 4.511846573181654385, -44.00000000000000000, 2.780923286590826660 ) ) ;
#1112 = ORIENTED_EDGE ( 'NONE', *, *, #268, .F. ) ;
#1113 = ADVANCED_BREP_SHAPE_REPRESENTATION ( 'CameraHousing_Arducam', ( #273, #777 ), #1546 ) ;
#1114 = DIRECTION ( 'NONE',  ( -0.000000000000000000, -1.000000000000000000, -0.000000000000000000 ) ) ;
#1115 =( BOUNDED_CURVE ( )  B_SPLINE_CURVE ( 3, ( #1166, #326, #831, #813 ),
 .UNSPECIFIED., .F., .F. ) 
 B_SPLINE_CURVE_WITH_KNOTS ( ( 4, 4 ),
 ( 4.712388980384689674, 6.283185307179586232 ),
 .UNSPECIFIED. ) 
 CURVE ( )  GEOMETRIC_REPRESENTATION_ITEM ( )  RATIONAL_B_SPLINE_CURVE ( ( 1.000000000000000000, 0.8047378541243649375, 0.8047378541243649375, 1.000000000000000000 ) ) 
 REPRESENTATION_ITEM ( '' )  );
#1116 = CARTESIAN_POINT ( 'NONE',  ( 4.864546730259360352, -43.59933366422755086, -1.979093460518633663 ) ) ;
#1117 = DIRECTION ( 'NONE',  ( 0.000000000000000000, -0.000000000000000000, -1.000000000000000000 ) ) ;
#1118 = FACE_OUTER_BOUND ( 'NONE', #899, .T. ) ;
#1119 = CARTESIAN_POINT ( 'NONE',  ( 4.753618969496723246, -43.74757278571705399, 3.657237938993265214 ) ) ;
#1120 = AXIS2_PLACEMENT_3D ( 'NONE', #593, #1294, #473 ) ;
#1121 = VERTEX_POINT ( 'NONE', #893 ) ;
#1122 = CARTESIAN_POINT ( 'NONE',  ( -5.249999999999997335, -24.50000000000000355, -1.750000000000000888 ) ) ;
#1123 = PLANE ( 'NONE',  #769 ) ;
#1124 = VECTOR ( 'NONE', #968, 1000.000000000000000 ) ;
#1125 = EDGE_CURVE ( 'NONE', #415, #712, #53, .T. ) ;
#1126 = CARTESIAN_POINT ( 'NONE',  ( -6.249999999999998224, -24.50000000000000000, 3.649999999999997691 ) ) ;
#1127 = DIRECTION ( 'NONE',  ( 9.035018104045873159E-17, 0.000000000000000000, 1.000000000000000000 ) ) ;
#1128 = VECTOR ( 'NONE', #1508, 1000.000000000000000 ) ;
#1129 = ORIENTED_EDGE ( 'NONE', *, *, #1195, .T. ) ;
#1130 = ORIENTED_EDGE ( 'NONE', *, *, #892, .T. ) ;
#1131 = DIRECTION ( 'NONE',  ( 1.000000000000000000, -0.000000000000000000, 0.000000000000000000 ) ) ;
#1132 = LINE ( 'NONE', #1014, #166 ) ;
#1133 = DIRECTION ( 'NONE',  ( 0.000000000000000000, 0.000000000000000000, 1.000000000000000000 ) ) ;
#1134 = COLOUR_RGB ( '',0.7921568627450980005, 0.8196078431372548767, 0.9333333333333333481 ) ;
#1135 = LINE ( 'NONE', #414, #1128 ) ;
#1136 = ORIENTED_EDGE ( 'NONE', *, *, #1464, .F. ) ;
#1137 = ORIENTED_EDGE ( 'NONE', *, *, #843, .F. ) ;
#1138 = LINE ( 'NONE', #891, #526 ) ;
#1139 = DIRECTION ( 'NONE',  ( 0.000000000000000000, 0.000000000000000000, 1.000000000000000000 ) ) ;
#1140 = EDGE_CURVE ( 'NONE', #1196, #1371, #1408, .T. ) ;
#1141 = CARTESIAN_POINT ( 'NONE',  ( 5.003386806650147456, -43.32165351144585230, -2.256773613300335324 ) ) ;
#1142 = CARTESIAN_POINT ( 'NONE',  ( -5.249999999999997335, 16.00000000000000355, -1.750000000000000888 ) ) ;
#1143 = ADVANCED_FACE ( 'NONE', ( #753 ), #785, .F. ) ;
#1144 = CARTESIAN_POINT ( 'NONE',  ( 6.250000000000001776, -24.50000000000000000, 3.650000000000000799 ) ) ;
#1145 = FACE_OUTER_BOUND ( 'NONE', #227, .T. ) ;
#1146 = EDGE_LOOP ( 'NONE', ( #1213, #539, #1236, #525, #1555, #570, #1510, #802, #126 ) ) ;
#1147 = ORIENTED_EDGE ( 'NONE', *, *, #5, .F. ) ;
#1148 = LINE ( 'NONE', #279, #649 ) ;
#1149 = EDGE_CURVE ( 'NONE', #1496, #1526, #155, .T. ) ;
#1150 = VECTOR ( 'NONE', #136, 1000.000000000000000 ) ;
#1151 = DIRECTION ( 'NONE',  ( 0.000000000000000000, -1.000000000000000000, 0.000000000000000000 ) ) ;
#1152 = PLANE ( 'NONE',  #723 ) ;
#1153 = ADVANCED_FACE ( 'NONE', ( #1264 ), #1123, .T. ) ;
#1154 = AXIS2_PLACEMENT_3D ( 'NONE', #1004, #1271, #65 ) ;
#1155 = ORIENTED_EDGE ( 'NONE', *, *, #704, .F. ) ;
#1156 = AXIS2_PLACEMENT_3D ( 'NONE', #552, #1162, #780 ) ;
#1157 = ORIENTED_EDGE ( 'NONE', *, *, #713, .F. ) ;
#1158 = DIRECTION ( 'NONE',  ( -1.668003342285391551E-16, -0.000000000000000000, -1.000000000000000000 ) ) ;
#1159 = EDGE_CURVE ( 'NONE', #1298, #245, #1243, .T. ) ;
#1160 = LINE ( 'NONE', #76, #161 ) ;
#1161 = ADVANCED_FACE ( 'NONE', ( #297 ), #1005, .T. ) ;
#1162 = DIRECTION ( 'NONE',  ( 0.000000000000000000, 1.000000000000000000, 0.000000000000000000 ) ) ;
#1163 = ORIENTED_EDGE ( 'NONE', *, *, #200, .F. ) ;
#1164 = DIRECTION ( 'NONE',  ( 0.000000000000000000, 0.000000000000000000, 1.000000000000000000 ) ) ;
#1165 = VERTEX_POINT ( 'NONE', #36 ) ;
#1166 = CARTESIAN_POINT ( 'NONE',  ( 4.250000000000001776, -44.00000000000000000, -0.7500000000000017764 ) ) ;
#1167 = LINE ( 'NONE', #572, #376 ) ;
#1168 = CARTESIAN_POINT ( 'NONE',  ( -5.249999999999997335, -24.00000000000000000, 5.149999999999999467 ) ) ;
#1169 = FACE_OUTER_BOUND ( 'NONE', #725, .T. ) ;
#1170 = EDGE_CURVE ( 'NONE', #486, #770, #406, .T. ) ;
#1171 = EDGE_LOOP ( 'NONE', ( #750, #24, #293, #740 ) ) ;
#1172 = VERTEX_POINT ( 'NONE', #1367 ) ;
#1173 = LINE ( 'NONE', #1062, #295 ) ;
#1174 = DIRECTION ( 'NONE',  ( 0.000000000000000000, 0.000000000000000000, 1.000000000000000000 ) ) ;
#1175 = CARTESIAN_POINT ( 'NONE',  ( 19.50000000000000355, 16.00000000000000355, -0.5000000000000047740 ) ) ;
#1176 = EDGE_CURVE ( 'NONE', #763, #1480, #693, .T. ) ;
#1177 = EDGE_LOOP ( 'NONE', ( #1011, #220, #1198, #1090 ) ) ;
#1178 = ADVANCED_FACE ( 'NONE', ( #759 ), #160, .T. ) ;
#1179 = AXIS2_PLACEMENT_3D ( 'NONE', #1547, #699, #685 ) ;
#1180 = B_SPLINE_CURVE_WITH_KNOTS ( 'NONE', 3,
 ( #156, #392, #1258, #173, #638, #873 ),
 .UNSPECIFIED., .F., .F.,
 ( 4, 2, 4 ),
 ( -6.324555320407681298E-06, 0.0006160098620512107328, 0.001238344279422829005 ),
 .UNSPECIFIED. ) ;
#1181 = VECTOR ( 'NONE', #667, 1000.000000000000000 ) ;
#1182 = VERTEX_POINT ( 'NONE', #901 ) ;
#1183 = CARTESIAN_POINT ( 'NONE',  ( -5.249999999999998224, -41.99999999999999289, 3.649999999999997691 ) ) ;
#1184 = DIRECTION ( 'NONE',  ( 0.000000000000000000, 1.000000000000000000, 0.000000000000000000 ) ) ;
#1185 = CYLINDRICAL_SURFACE ( 'NONE', #1235, 1.000000000000000444 ) ;
#1186 = ORIENTED_EDGE ( 'NONE', *, *, #1509, .F. ) ;
#1187 = CARTESIAN_POINT ( 'NONE',  ( -5.040665110884750888, -43.86499769986658492, 3.440665110884672195 ) ) ;
#1188 = ORIENTED_EDGE ( 'NONE', *, *, #953, .T. ) ;
#1189 = EDGE_CURVE ( 'NONE', #1085, #964, #766, .T. ) ;
#1190 = DIRECTION ( 'NONE',  ( 0.000000000000000000, -0.000000000000000000, 1.000000000000000000 ) ) ;
#1191 = CIRCLE ( 'NONE', #304, 1.000000000000000000 ) ;
#1192 = CARTESIAN_POINT ( 'NONE',  ( 1.400427806127110223E-15, -19.00000000000000000, 7.749999999999999112 ) ) ;
#1193 = DIRECTION ( 'NONE',  ( -1.000000000000000000, 0.000000000000000000, 0.000000000000000000 ) ) ;
#1194 = LINE ( 'NONE', #109, #1304 ) ;
#1195 = EDGE_CURVE ( 'NONE', #1165, #416, #1132, .T. ) ;
#1196 = VERTEX_POINT ( 'NONE', #817 ) ;
#1197 = CARTESIAN_POINT ( 'NONE',  ( -5.249999999983677057, -42.13090116331751034, 4.649999999999997691 ) ) ;
#1198 = ORIENTED_EDGE ( 'NONE', *, *, #617, .F. ) ;
#1199 = CARTESIAN_POINT ( 'NONE',  ( 6.237107820140911585, -42.26179617165952607, -1.743553910070493540 ) ) ;
#1200 = FACE_OUTER_BOUND ( 'NONE', #363, .T. ) ;
#1201 = ORIENTED_EDGE ( 'NONE', *, *, #1077, .F. ) ;
#1202 = CARTESIAN_POINT ( 'NONE',  ( -4.753618969496720581, -43.74757278571705399, 3.657237938993262549 ) ) ;
#1203 = ORIENTED_EDGE ( 'NONE', *, *, #10, .F. ) ;
#1204 = AXIS2_PLACEMENT_3D ( 'NONE', #1570, #482, #957 ) ;
#1205 = AXIS2_PLACEMENT_3D ( 'NONE', #50, #1252, #905 ) ;
#1206 = VECTOR ( 'NONE', #1272, 1000.000000000000000 ) ;
#1207 = ADVANCED_FACE ( 'NONE', ( #1054 ), #1301, .T. ) ;
#1208 =( NAMED_UNIT ( * ) PLANE_ANGLE_UNIT ( ) SI_UNIT ( $, .RADIAN. ) );
#1209 = DIRECTION ( 'NONE',  ( 0.000000000000000000, 1.000000000000000000, 0.000000000000000000 ) ) ;
#1210 = CARTESIAN_POINT ( 'NONE',  ( -22.30000000000000071, -15.00000000000000000, 7.750000000000000000 ) ) ;
#1211 = ORIENTED_EDGE ( 'NONE', *, *, #313, .F. ) ;
#1212 = CARTESIAN_POINT ( 'NONE',  ( 5.218016650735957107, -42.51856511640498582, 4.586033301472014045 ) ) ;
#1213 = ORIENTED_EDGE ( 'NONE', *, *, #1010, .T. ) ;
#1214 = AXIS2_PLACEMENT_3D ( 'NONE', #937, #455, #1064 ) ;
#1215 = CARTESIAN_POINT ( 'NONE',  ( -5.249999999999998224, -24.50000000000000000, 3.649999999999997691 ) ) ;
#1216 = LINE ( 'NONE', #978, #1076 ) ;
#1217 = CARTESIAN_POINT ( 'NONE',  ( -19.50000000000000355, -19.00000000000000000, -0.5000000000000000000 ) ) ;
#1218 = LINE ( 'NONE', #752, #25 ) ;
#1219 = DIRECTION ( 'NONE',  ( -1.000000000000000000, 0.000000000000000000, -0.000000000000000000 ) ) ;
#1220 = ORIENTED_EDGE ( 'NONE', *, *, #1361, .T. ) ;
#1221 = CARTESIAN_POINT ( 'NONE',  ( -6.128314877086331158, -42.74763398995410313, 4.528314877086330625 ) ) ;
#1222 = EDGE_CURVE ( 'NONE', #747, #942, #1279, .T. ) ;
#1223 = ORIENTED_EDGE ( 'NONE', *, *, #1232, .F. ) ;
#1224 = CARTESIAN_POINT ( 'NONE',  ( 19.50000000000000355, 16.00000000000000355, -0.5000000000000047740 ) ) ;
#1225 = CYLINDRICAL_SURFACE ( 'NONE', #51, 2.000000000000000000 ) ;
#1226 = CARTESIAN_POINT ( 'NONE',  ( -22.29999999999999716, -24.00000000000000000, 18.05000000000000071 ) ) ;
#1227 = DIRECTION ( 'NONE',  ( -0.000000000000000000, -0.000000000000000000, 1.000000000000000000 ) ) ;
#1228 = ORIENTED_EDGE ( 'NONE', *, *, #422, .T. ) ;
#1229 = LINE ( 'NONE', #402, #850 ) ;
#1230 = EDGE_CURVE ( 'NONE', #1288, #934, #872, .T. ) ;
#1231 = ORIENTED_EDGE ( 'NONE', *, *, #1542, .F. ) ;
#1232 = EDGE_CURVE ( 'NONE', #763, #39, #1194, .T. ) ;
#1233 = CARTESIAN_POINT ( 'NONE',  ( -22.30000000000000071, -15.00000000000000000, 3.750000000000000444 ) ) ;
#1234 = CARTESIAN_POINT ( 'NONE',  ( 17.50000000000000000, 16.00000000000000355, -0.5000000000000043299 ) ) ;
#1235 = AXIS2_PLACEMENT_3D ( 'NONE', #26, #7, #636 ) ;
#1236 = ORIENTED_EDGE ( 'NONE', *, *, #442, .T. ) ;
#1237 = CARTESIAN_POINT ( 'NONE',  ( 17.50000000000000000, -15.00000000000000000, 7.749999999999995559 ) ) ;
#1238 = VERTEX_POINT ( 'NONE', #559 ) ;
#1239 = CARTESIAN_POINT ( 'NONE',  ( 22.30000000000000071, 16.00000000000000355, 3.749999999999994671 ) ) ;
#1240 = CARTESIAN_POINT ( 'NONE',  ( 5.250000000000001776, -24.50000000000000000, -1.750000000000001776 ) ) ;
#1241 = CARTESIAN_POINT ( 'NONE',  ( 5.479093460518615011, -43.59933366422757217, -1.364546730259360796 ) ) ;
#1242 = VECTOR ( 'NONE', #956, 1000.000000000000000 ) ;
#1243 = LINE ( 'NONE', #637, #1049 ) ;
#1244 = CARTESIAN_POINT ( 'NONE',  ( 4.380923286590822308, -44.00000000000000000, 2.911846573181642306 ) ) ;
#1245 = ORIENTED_EDGE ( 'NONE', *, *, #210, .T. ) ;
#1246 = DIRECTION ( 'NONE',  ( 0.000000000000000000, 1.000000000000000000, 0.000000000000000000 ) ) ;
#1247 = CARTESIAN_POINT ( 'NONE',  ( 0.000000000000000000, -44.00000000000000000, 0.000000000000000000 ) ) ;
#1248 = CARTESIAN_POINT ( 'NONE',  ( 6.368033988749900232, -24.00000000000000000, -2.749999999999999556 ) ) ;
#1249 = CARTESIAN_POINT ( 'NONE',  ( -22.29999999999999716, -24.00000000000000000, 18.05000000000000071 ) ) ;
#1250 = VERTEX_POINT ( 'NONE', #1407 ) ;
#1251 = EDGE_LOOP ( 'NONE', ( #773, #1355, #920 ) ) ;
#1252 = DIRECTION ( 'NONE',  ( 1.000000000000000000, 0.000000000000000000, -9.035018104045873159E-17 ) ) ;
#1253 = SHAPE_DEFINITION_REPRESENTATION ( #1091, #1113 ) ;
#1254 = CARTESIAN_POINT ( 'NONE',  ( -4.249999999999995559, -44.00000000000000000, -0.7499999999999983347 ) ) ;
#1255 = EDGE_CURVE ( 'NONE', #763, #868, #623, .T. ) ;
#1256 = CARTESIAN_POINT ( 'NONE',  ( -17.50000000000000000, 16.00000000000000355, 2.499999999999999556 ) ) ;
#1257 = VECTOR ( 'NONE', #585, 1000.000000000000000 ) ;
#1258 = CARTESIAN_POINT ( 'NONE',  ( -5.588825754472351193, -24.26018435683231544, -2.750000000000001332 ) ) ;
#1259 = CARTESIAN_POINT ( 'NONE',  ( 4.773495790467067401, -43.94794534432810451, 2.911747895233499417 ) ) ;
#1260 = CIRCLE ( 'NONE', #272, 1.000000000000000000 ) ;
#1261 = ORIENTED_EDGE ( 'NONE', *, *, #713, .T. ) ;
#1262 = FACE_OUTER_BOUND ( 'NONE', #1423, .T. ) ;
#1263 = CYLINDRICAL_SURFACE ( 'NONE', #971, 1.000000000000000000 ) ;
#1264 = FACE_OUTER_BOUND ( 'NONE', #48, .T. ) ;
#1265 = CARTESIAN_POINT ( 'NONE',  ( -22.29999999999999716, -24.00000000000000000, 18.05000000000000071 ) ) ;
#1266 = AXIS2_PLACEMENT_3D ( 'NONE', #83, #798, #1545 ) ;
#1267 = DIRECTION ( 'NONE',  ( -1.000000000000000000, 0.000000000000000000, 0.000000000000000000 ) ) ;
#1268 = ORIENTED_EDGE ( 'NONE', *, *, #407, .F. ) ;
#1269 = EDGE_CURVE ( 'NONE', #1047, #1182, #1045, .T. ) ;
#1270 = ORIENTED_EDGE ( 'NONE', *, *, #72, .T. ) ;
#1271 = DIRECTION ( 'NONE',  ( 0.000000000000000000, -1.000000000000000000, 0.000000000000000000 ) ) ;
#1272 = DIRECTION ( 'NONE',  ( 1.000000000000000000, -0.000000000000000000, 2.775557561562891351E-16 ) ) ;
#1273 = ORIENTED_EDGE ( 'NONE', *, *, #931, .F. ) ;
#1274 = EDGE_CURVE ( 'NONE', #188, #1480, #99, .T. ) ;
#1275 = VERTEX_POINT ( 'NONE', #565 ) ;
#1276 = LINE ( 'NONE', #190, #1463 ) ;
#1277 = CARTESIAN_POINT ( 'NONE',  ( 17.50000000000000000, -15.00000000000000000, 3.749999999999995559 ) ) ;
#1278 = DIRECTION ( 'NONE',  ( -1.000000000000000000, -0.000000000000000000, 9.035018104045873159E-17 ) ) ;
#1279 = LINE ( 'NONE', #1309, #896 ) ;
#1280 = VECTOR ( 'NONE', #996, 1000.000000000000000 ) ;
#1281 = DIRECTION ( 'NONE',  ( -0.000000000000000000, -0.000000000000000000, 1.000000000000000000 ) ) ;
#1282 = ORIENTED_EDGE ( 'NONE', *, *, #532, .F. ) ;
#1283 = CARTESIAN_POINT ( 'NONE',  ( -5.045107630212522842, -43.21997956991498313, -2.340215260425012822 ) ) ;
#1284 = CARTESIAN_POINT ( 'NONE',  ( 17.50000000000000000, 16.00000000000000355, 3.749999999999995559 ) ) ;
#1285 = EDGE_CURVE ( 'NONE', #337, #1337, #1323, .T. ) ;
#1286 = CARTESIAN_POINT ( 'NONE',  ( 5.250000000000000888, -24.50000000000000355, -2.750000000000002220 ) ) ;
#1287 = DIRECTION ( 'NONE',  ( -0.000000000000000000, 0.000000000000000000, -1.000000000000000000 ) ) ;
#1288 = VERTEX_POINT ( 'NONE', #1168 ) ;
#1289 = CARTESIAN_POINT ( 'NONE',  ( 17.50000000000000000, -19.00000000000000000, 2.499999999999995115 ) ) ;
#1290 = ORIENTED_EDGE ( 'NONE', *, *, #386, .T. ) ;
#1291 = CARTESIAN_POINT ( 'NONE',  ( -17.50000000000000000, 16.00000000000000355, 2.499999999999999556 ) ) ;
#1292 = EDGE_CURVE ( 'NONE', #1467, #618, #466, .T. ) ;
#1293 = CARTESIAN_POINT ( 'NONE',  ( -5.249999999999999112, -43.17157287525380127, -2.750000000000001332 ) ) ;
#1294 = DIRECTION ( 'NONE',  ( -1.000000000000000000, -0.000000000000000000, 1.668003342285391551E-16 ) ) ;
#1295 = DIRECTION ( 'NONE',  ( 0.000000000000000000, 0.000000000000000000, -1.000000000000000000 ) ) ;
#1296 = EDGE_LOOP ( 'NONE', ( #132, #1136, #1273, #561 ) ) ;
#1297 = CARTESIAN_POINT ( 'NONE',  ( -6.249999999999998224, -41.99999999999999289, 3.649999999999997691 ) ) ;
#1298 = VERTEX_POINT ( 'NONE', #826 ) ;
#1299 = DIRECTION ( 'NONE',  ( 0.000000000000000000, 1.000000000000000000, 0.000000000000000000 ) ) ;
#1300 = FACE_OUTER_BOUND ( 'NONE', #182, .T. ) ;
#1301 = PLANE ( 'NONE',  #41 ) ;
#1302 = FACE_OUTER_BOUND ( 'NONE', #533, .T. ) ;
#1303 = ORIENTED_EDGE ( 'NONE', *, *, #1385, .T. ) ;
#1304 = VECTOR ( 'NONE', #1184, 1000.000000000000000 ) ;
#1305 = ORIENTED_EDGE ( 'NONE', *, *, #23, .T. ) ;
#1306 = DIRECTION ( 'NONE',  ( 0.000000000000000000, 1.000000000000000000, 0.000000000000000000 ) ) ;
#1307 = DIRECTION ( 'NONE',  ( 0.000000000000000000, 0.000000000000000000, -1.000000000000000000 ) ) ;
#1308 = EDGE_CURVE ( 'NONE', #33, #1543, #1379, .T. ) ;
#1309 = CARTESIAN_POINT ( 'NONE',  ( -22.30000000000000071, -24.00000000000000000, -2.749999999999999556 ) ) ;
#1310 = ORIENTED_EDGE ( 'NONE', *, *, #1170, .F. ) ;
#1311 = CARTESIAN_POINT ( 'NONE',  ( -4.864546730259357687, -43.59933366422753664, 3.879093460518647341 ) ) ;
#1312 = VERTEX_POINT ( 'NONE', #949 ) ;
#1313 = EDGE_CURVE ( 'NONE', #618, #1312, #448, .T. ) ;
#1314 = CARTESIAN_POINT ( 'NONE',  ( -6.249999999999998224, -41.99999999999999289, -1.750000000000000666 ) ) ;
#1315 = VECTOR ( 'NONE', #1343, 1000.000000000000000 ) ;
#1316 = DIRECTION ( 'NONE',  ( -1.807003620809174632E-16, 0.000000000000000000, -1.000000000000000000 ) ) ;
#1317 = LINE ( 'NONE', #1217, #265 ) ;
#1318 = ADVANCED_FACE ( 'NONE', ( #925 ), #194, .T. ) ;
#1319 = EDGE_LOOP ( 'NONE', ( #903, #1396, #95, #1188 ) ) ;
#1320 = CARTESIAN_POINT ( 'NONE',  ( -5.243553910070504642, -42.26179617165952607, 4.637107820140907499 ) ) ;
#1321 = EDGE_LOOP ( 'NONE', ( #554, #935, #1261 ) ) ;
#1322 = LINE ( 'NONE', #248, #1338 ) ;
#1323 = CIRCLE ( 'NONE', #642, 1.000000000000000000 ) ;
#1324 = SURFACE_STYLE_FILL_AREA ( #856 ) ;
#1325 = ORIENTED_EDGE ( 'NONE', *, *, #399, .T. ) ;
#1326 = FACE_OUTER_BOUND ( 'NONE', #1321, .T. ) ;
#1327 = ORIENTED_EDGE ( 'NONE', *, *, #981, .T. ) ;
#1328 = CIRCLE ( 'NONE', #417, 4.000000000000000000 ) ;
#1329 = AXIS2_PLACEMENT_3D ( 'NONE', #379, #861, #1348 ) ;
#1330 = FACE_OUTER_BOUND ( 'NONE', #175, .T. ) ;
#1331 = CARTESIAN_POINT ( 'NONE',  ( 22.30000000000000426, -24.00000000000000000, 18.05000000000000071 ) ) ;
#1332 = CARTESIAN_POINT ( 'NONE',  ( 5.250000000000001776, -24.00000000000000000, 3.650000000000000799 ) ) ;
#1333 = CARTESIAN_POINT ( 'NONE',  ( 17.50000000000000000, 16.00000000000000355, -0.5000000000000043299 ) ) ;
#1334 = ORIENTED_EDGE ( 'NONE', *, *, #1255, .T. ) ;
#1335 = CARTESIAN_POINT ( 'NONE',  ( 6.047665928147810455, -42.88630239515504883, 3.548832964073960206 ) ) ;
#1336 = EDGE_CURVE ( 'NONE', #942, #1069, #1160, .T. ) ;
#1337 = VERTEX_POINT ( 'NONE', #436 ) ;
#1338 = VECTOR ( 'NONE', #1567, 1000.000000000000000 ) ;
#1339 = TOROIDAL_SURFACE ( 'NONE', #348, 1.500000000000000000, 0.5000000000000000000 ) ;
#1340 = CARTESIAN_POINT ( 'NONE',  ( 4.250000000000001776, -44.00000000000000000, 2.650000000000000799 ) ) ;
#1341 = PLANE ( 'NONE',  #870 ) ;
#1342 = CARTESIAN_POINT ( 'NONE',  ( -5.249999999999998224, -24.50000000000000000, 3.649999999999997691 ) ) ;
#1343 = DIRECTION ( 'NONE',  ( -0.000000000000000000, -0.000000000000000000, -1.000000000000000000 ) ) ;
#1344 = EDGE_CURVE ( 'NONE', #39, #934, #1530, .T. ) ;
#1345 = ORIENTED_EDGE ( 'NONE', *, *, #1232, .T. ) ;
#1346 = CARTESIAN_POINT ( 'NONE',  ( 4.250000000000000000, -44.00000000000000000, 2.649999999999997247 ) ) ;
#1347 = ORIENTED_EDGE ( 'NONE', *, *, #1159, .T. ) ;
#1348 = DIRECTION ( 'NONE',  ( 0.000000000000000000, 0.000000000000000000, -1.000000000000000000 ) ) ;
#1349 = DIRECTION ( 'NONE',  ( 2.775557561562891351E-16, 0.000000000000000000, -1.000000000000000000 ) ) ;
#1350 = CARTESIAN_POINT ( 'NONE',  ( 5.198926100948617623, -42.64443133430530963, -2.647852201897339608 ) ) ;
#1351 = CARTESIAN_POINT ( 'NONE',  ( 5.250000000000000888, 16.00000000000000355, -2.750000000000002220 ) ) ;
#1352 = VERTEX_POINT ( 'NONE', #1286 ) ;
#1353 = CARTESIAN_POINT ( 'NONE',  ( -6.776263578034417504E-17, -41.99999999999999289, -0.7500000000000014433 ) ) ;
#1354 = AXIS2_PLACEMENT_3D ( 'NONE', #1342, #1475, #8 ) ;
#1355 = ORIENTED_EDGE ( 'NONE', *, *, #22, .F. ) ;
#1356 = VECTOR ( 'NONE', #644, 1000.000000000000000 ) ;
#1357 = DIRECTION ( 'NONE',  ( 0.000000000000000000, 0.000000000000000000, 1.000000000000000000 ) ) ;
#1358 = VECTOR ( 'NONE', #286, 1000.000000000000000 ) ;
#1359 = CARTESIAN_POINT ( 'NONE',  ( -5.003386806650143903, -43.32165351144585941, -2.256773613300325554 ) ) ;
#1360 = AXIS2_PLACEMENT_3D ( 'NONE', #450, #926, #311 ) ;
#1361 = EDGE_CURVE ( 'NONE', #1557, #1288, #1455, .T. ) ;
#1362 = CARTESIAN_POINT ( 'NONE',  ( -17.50000000000000000, 16.00000000000000355, -0.5000000000000000000 ) ) ;
#1363 = LINE ( 'NONE', #276, #732 ) ;
#1364 = CARTESIAN_POINT ( 'NONE',  ( 19.50000000000000355, -19.00000000000000000, -0.5000000000000047740 ) ) ;
#1365 = ORIENTED_EDGE ( 'NONE', *, *, #1222, .F. ) ;
#1366 = CARTESIAN_POINT ( 'NONE',  ( 5.250000000000001776, -24.50000000000000000, 3.650000000000000799 ) ) ;
#1367 = CARTESIAN_POINT ( 'NONE',  ( -17.50000000000000000, -19.00000000000000000, -0.5000000000000000000 ) ) ;
#1368 = EDGE_CURVE ( 'NONE', #1003, #345, #932, .T. ) ;
#1369 = DIRECTION ( 'NONE',  ( 0.000000000000000000, 1.000000000000000000, 0.000000000000000000 ) ) ;
#1370 = FACE_OUTER_BOUND ( 'NONE', #1296, .T. ) ;
#1371 = VERTEX_POINT ( 'NONE', #1426 ) ;
#1372 = ADVANCED_FACE ( 'NONE', ( #335 ), #629, .F. ) ;
#1373 = VERTEX_POINT ( 'NONE', #1234 ) ;
#1374 = CARTESIAN_POINT ( 'NONE',  ( 22.30000000000000071, -15.00000000000000000, 3.749999999999994671 ) ) ;
#1375 = CARTESIAN_POINT ( 'NONE',  ( -5.840215260425010158, -43.21997956991498313, -1.545107630212509520 ) ) ;
#1376 = DIRECTION ( 'NONE',  ( 0.000000000000000000, 1.000000000000000000, 0.000000000000000000 ) ) ;
#1377 = CARTESIAN_POINT ( 'NONE',  ( 5.588828780982133537, -24.26018251253755054, -2.750000000000001332 ) ) ;
#1378 = CARTESIAN_POINT ( 'NONE',  ( 6.250000000000001776, -41.99999999999999289, -1.750000000000001776 ) ) ;
#1379 = CIRCLE ( 'NONE', #1120, 4.000000000000000000 ) ;
#1380 = VERTEX_POINT ( 'NONE', #846 ) ;
#1381 = ORIENTED_EDGE ( 'NONE', *, *, #1149, .F. ) ;
#1382 = CARTESIAN_POINT ( 'NONE',  ( 5.250000000000001776, -24.50000000000000000, 5.150000000000002132 ) ) ;
#1383 = CARTESIAN_POINT ( 'NONE',  ( -5.756773613300340209, -43.32165351144584520, -1.503386806650137020 ) ) ;
#1384 = AXIS2_PLACEMENT_3D ( 'NONE', #78, #1038, #916 ) ;
#1385 = EDGE_CURVE ( 'NONE', #206, #1298, #88, .T. ) ;
#1386 = LINE ( 'NONE', #522, #1032 ) ;
#1387 = DIRECTION ( 'NONE',  ( 0.000000000000000000, 0.000000000000000000, -1.000000000000000000 ) ) ;
#1388 = ORIENTED_EDGE ( 'NONE', *, *, #399, .F. ) ;
#1389 = DIRECTION ( 'NONE',  ( -1.000000000000000000, 0.000000000000000000, 0.000000000000000000 ) ) ;
#1390 = CARTESIAN_POINT ( 'NONE',  ( -5.257237938993296389, -43.74757278571703978, -1.253618969496684388 ) ) ;
#1391 = DIRECTION ( 'NONE',  ( 0.000000000000000000, 0.000000000000000000, -1.000000000000000000 ) ) ;
#1392 = EDGE_CURVE ( 'NONE', #618, #1182, #497, .T. ) ;
#1393 = VECTOR ( 'NONE', #1307, 1000.000000000000000 ) ;
#1394 = PLANE ( 'NONE',  #1000 ) ;
#1395 = EDGE_CURVE ( 'NONE', #1275, #337, #249, .T. ) ;
#1396 = ORIENTED_EDGE ( 'NONE', *, *, #658, .T. ) ;
#1397 = LINE ( 'NONE', #652, #1181 ) ;
#1398 = CARTESIAN_POINT ( 'NONE',  ( 7.002139030635550127E-16, -19.00000000000000000, 7.749999999999998224 ) ) ;
#1399 = CARTESIAN_POINT ( 'NONE',  ( -5.249999999999997335, -41.99999999999999289, -2.750000000000001332 ) ) ;
#1400 = LINE ( 'NONE', #791, #546 ) ;
#1401 = ORIENTED_EDGE ( 'NONE', *, *, #148, .T. ) ;
#1402 = ORIENTED_EDGE ( 'NONE', *, *, #1105, .T. ) ;
#1403 = EDGE_CURVE ( 'NONE', #1069, #486, #613, .T. ) ;
#1404 = LINE ( 'NONE', #571, #1101 ) ;
#1405 = DIRECTION ( 'NONE',  ( -1.000000000000000000, -0.000000000000000000, -0.000000000000000000 ) ) ;
#1406 = CARTESIAN_POINT ( 'NONE',  ( 4.249999999999999112, -44.00000000000000000, -0.7499999999999992228 ) ) ;
#1407 = CARTESIAN_POINT ( 'NONE',  ( 5.250000000000000888, -41.99999999999999289, -2.750000000000002220 ) ) ;
#1408 = CIRCLE ( 'NONE', #672, 0.5000000000000004441 ) ;
#1409 = DIRECTION ( 'NONE',  ( 1.000000000000000000, 0.000000000000000000, 0.000000000000000000 ) ) ;
#1410 = CIRCLE ( 'NONE', #365, 1.000000000000000000 ) ;
#1411 = ORIENTED_EDGE ( 'NONE', *, *, #313, .T. ) ;
#1412 = CARTESIAN_POINT ( 'NONE',  ( 5.250000000000001776, -24.50000000000000000, 3.650000000000000799 ) ) ;
#1413 = VECTOR ( 'NONE', #633, 1000.000000000000000 ) ;
#1414 = EDGE_CURVE ( 'NONE', #1182, #1172, #1317, .T. ) ;
#1415 = ORIENTED_EDGE ( 'NONE', *, *, #260, .F. ) ;
#1416 = CARTESIAN_POINT ( 'NONE',  ( -5.218016650735953554, -42.51856511640498582, -2.686033301472012802 ) ) ;
#1417 = PLANE ( 'NONE',  #1266 ) ;
#1418 = CARTESIAN_POINT ( 'NONE',  ( -4.249999999999998224, -44.00000000000000000, -0.7500000000000009992 ) ) ;
#1419 = DIRECTION ( 'NONE',  ( -0.000000000000000000, 1.000000000000000000, 0.000000000000000000 ) ) ;
#1420 = FACE_OUTER_BOUND ( 'NONE', #285, .T. ) ;
#1421 = PRESENTATION_LAYER_ASSIGNMENT (  '', '', ( #125 ) ) ;
#1422 = EDGE_LOOP ( 'NONE', ( #860, #810, #1112, #1228 ) ) ;
#1423 = EDGE_LOOP ( 'NONE', ( #79, #96, #89, #3 ) ) ;
#1424 = CARTESIAN_POINT ( 'NONE',  ( -6.047665928147806902, -42.88630239515504883, -1.648832964073959628 ) ) ;
#1425 = DIRECTION ( 'NONE',  ( 0.000000000000000000, 0.000000000000000000, 1.000000000000000000 ) ) ;
#1426 = CARTESIAN_POINT ( 'NONE',  ( -6.249999999999998224, -24.50000000000000000, -1.750000000000000888 ) ) ;
#1427 = LINE ( 'NONE', #611, #1257 ) ;
#1428 = ORIENTED_EDGE ( 'NONE', *, *, #886, .T. ) ;
#1429 = EDGE_LOOP ( 'NONE', ( #836, #568, #1282, #425 ) ) ;
#1430 = CARTESIAN_POINT ( 'NONE',  ( -5.249999999983677057, -42.13090116331751034, -2.750000000000000888 ) ) ;
#1431 = LINE ( 'NONE', #1333, #833 ) ;
#1432 = DIRECTION ( 'NONE',  ( -1.000000000000000000, -0.000000000000000000, -0.000000000000000000 ) ) ;
#1433 = AXIS2_PLACEMENT_3D ( 'NONE', #698, #582, #1065 ) ;
#1434 = FACE_OUTER_BOUND ( 'NONE', #562, .T. ) ;
#1435 = ADVANCED_FACE ( 'NONE', ( #621 ), #391, .F. ) ;
#1436 = ORIENTED_EDGE ( 'NONE', *, *, #1230, .T. ) ;
#1437 = CARTESIAN_POINT ( 'NONE',  ( 6.250000000000001776, -41.99999999999999289, 3.650000000000001243 ) ) ;
#1438 = VECTOR ( 'NONE', #135, 1000.000000000000000 ) ;
#1439 = ORIENTED_EDGE ( 'NONE', *, *, #1098, .F. ) ;
#1440 = CARTESIAN_POINT ( 'NONE',  ( -6.249999999999998224, -41.99999999999999289, -2.750000000000000888 ) ) ;
#1441 = CARTESIAN_POINT ( 'NONE',  ( 5.812546386749468219, -43.30395656095044643, -2.312546386749436245 ) ) ;
#1442 = ADVANCED_FACE ( 'NONE', ( #970 ), #1022, .T. ) ;
#1443 = ORIENTED_EDGE ( 'NONE', *, *, #487, .F. ) ;
#1444 = CARTESIAN_POINT ( 'NONE',  ( -4.249999999999996447, -44.00000000000000000, 2.649999999999995026 ) ) ;
#1445 = EDGE_LOOP ( 'NONE', ( #635, #897, #123 ) ) ;
#1446 = AXIS2_PLACEMENT_3D ( 'NONE', #353, #722, #1102 ) ;
#1447 = CARTESIAN_POINT ( 'NONE',  ( 5.117831594392599825, -43.00230136216340782, -2.485663188785175670 ) ) ;
#1448 = PLANE ( 'NONE',  #1446 ) ;
#1449 = DIRECTION ( 'NONE',  ( 0.000000000000000000, 0.000000000000000000, -1.000000000000000000 ) ) ;
#1450 = ORIENTED_EDGE ( 'NONE', *, *, #567, .F. ) ;
#1451 = CARTESIAN_POINT ( 'NONE',  ( 6.128314877086334711, -42.74763398995408892, 4.528314877086335954 ) ) ;
#1452 = ORIENTED_EDGE ( 'NONE', *, *, #459, .F. ) ;
#1453 = EDGE_CURVE ( 'NONE', #229, #509, #1519, .T. ) ;
#1454 = DIRECTION ( 'NONE',  ( 0.000000000000000000, 0.000000000000000000, -1.000000000000000000 ) ) ;
#1455 = CIRCLE ( 'NONE', #9, 1.500000000000000444 ) ;
#1456 =( BOUNDED_CURVE ( )  B_SPLINE_CURVE ( 3, ( #760, #413, #1485, #645 ),
 .UNSPECIFIED., .F., .T. ) 
 B_SPLINE_CURVE_WITH_KNOTS ( ( 4, 4 ),
 ( 0.000000000000000000, 1.570796326794896558 ),
 .UNSPECIFIED. ) 
 CURVE ( )  GEOMETRIC_REPRESENTATION_ITEM ( )  RATIONAL_B_SPLINE_CURVE ( ( 1.000000000000000000, 0.8047378541243649375, 0.8047378541243649375, 1.000000000000000000 ) ) 
 REPRESENTATION_ITEM ( '' )  );
#1457 = FACE_OUTER_BOUND ( 'NONE', #14, .T. ) ;
#1458 = CARTESIAN_POINT ( 'NONE',  ( -17.50000000000000000, -19.00000000000000000, 2.499999999999999556 ) ) ;
#1459 = ORIENTED_EDGE ( 'NONE', *, *, #377, .F. ) ;
#1460 = CARTESIAN_POINT ( 'NONE',  ( -4.773495790467063848, -43.94794534432810451, 2.911747895233496752 ) ) ;
#1461 = ORIENTED_EDGE ( 'NONE', *, *, #981, .F. ) ;
#1462 = VECTOR ( 'NONE', #1449, 1000.000000000000000 ) ;
#1463 = VECTOR ( 'NONE', #884, 1000.000000000000000 ) ;
#1464 = EDGE_CURVE ( 'NONE', #1250, #509, #574, .T. ) ;
#1465 = CARTESIAN_POINT ( 'NONE',  ( 5.421572875253811929, -44.00000000000000711, 3.235786437626905876 ) ) ;
#1466 = CARTESIAN_POINT ( 'NONE',  ( -22.30000000000000071, 16.00000000000000355, 3.750000000000000444 ) ) ;
#1467 = VERTEX_POINT ( 'NONE', #193 ) ;
#1468 = CARTESIAN_POINT ( 'NONE',  ( -5.045107630212522842, -43.21997956991496892, 4.240215260425020283 ) ) ;
#1469 = ADVANCED_FACE ( 'NONE', ( #456 ), #816, .F. ) ;
#1470 = ORIENTED_EDGE ( 'NONE', *, *, #1056, .T. ) ;
#1471 = VECTOR ( 'NONE', #974, 1000.000000000000000 ) ;
#1472 = DIRECTION ( 'NONE',  ( -1.000000000000000000, 0.000000000000000000, 0.000000000000000000 ) ) ;
#1473 = PRODUCT_DEFINITION ( 'UNKNOWN', '', #1522, #690 ) ;
#1474 = PLANE ( 'NONE',  #1562 ) ;
#1475 = DIRECTION ( 'NONE',  ( 0.000000000000000000, 1.000000000000000000, 0.000000000000000000 ) ) ;
#1476 = DIRECTION ( 'NONE',  ( 0.000000000000000000, 0.000000000000000000, -1.000000000000000000 ) ) ;
#1477 = CARTESIAN_POINT ( 'NONE',  ( 6.250000000000001776, -41.99999999999999289, -1.750000000000001776 ) ) ;
#1478 = VERTEX_POINT ( 'NONE', #939 ) ;
#1479 = FACE_OUTER_BOUND ( 'NONE', #594, .T. ) ;
#1480 = VERTEX_POINT ( 'NONE', #481 ) ;
#1481 = ADVANCED_FACE ( 'NONE', ( #369 ), #1474, .F. ) ;
#1482 = LINE ( 'NONE', #1224, #997 ) ;
#1483 = CARTESIAN_POINT ( 'NONE',  ( -4.249999999999996447, -44.00000000000000000, -0.7499999999999975575 ) ) ;
#1484 =( NAMED_UNIT ( * ) PLANE_ANGLE_UNIT ( ) SI_UNIT ( $, .RADIAN. ) );
#1485 = CARTESIAN_POINT ( 'NONE',  ( -5.421572875253808377, -44.00000000000000711, 3.235786437626903655 ) ) ;
#1486 = CARTESIAN_POINT ( 'NONE',  ( 5.040665110884755329, -43.86499769986723152, 3.440665110884714828 ) ) ;
#1487 = ORIENTED_EDGE ( 'NONE', *, *, #1553, .T. ) ;
#1488 = DIRECTION ( 'NONE',  ( 0.000000000000000000, 0.000000000000000000, -1.000000000000000000 ) ) ;
#1489 = AXIS2_PLACEMENT_3D ( 'NONE', #1215, #1114, #368 ) ;
#1490 = CARTESIAN_POINT ( 'NONE',  ( -4.647438642464885028, -43.97379281257504857, -1.147438642465020253 ) ) ;
#1491 = AXIS2_PLACEMENT_3D ( 'NONE', #1353, #874, #1127 ) ;
#1492 = CARTESIAN_POINT ( 'NONE',  ( 5.419520985709344707, -24.38013176014377592, -2.750000000000002665 ) ) ;
#1493 = DIRECTION ( 'NONE',  ( 0.000000000000000000, 0.000000000000000000, 1.000000000000000000 ) ) ;
#1494 = EDGE_CURVE ( 'NONE', #1380, #1238, #995, .T. ) ;
#1495 = ORIENTED_EDGE ( 'NONE', *, *, #219, .F. ) ;
#1496 = VERTEX_POINT ( 'NONE', #720 ) ;
#1497 = CARTESIAN_POINT ( 'NONE',  ( -5.249999999999997335, -44.00000000000000000, 4.649999999999997691 ) ) ;
#1498 = VECTOR ( 'NONE', #705, 1000.000000000000000 ) ;
#1499 = CARTESIAN_POINT ( 'NONE',  ( -5.040665110884830824, -43.86499769986723152, -1.540665110884694267 ) ) ;
#1500 = CARTESIAN_POINT ( 'NONE',  ( 0.000000000000000000, 16.00000000000000355, 0.000000000000000000 ) ) ;
#1501 = DIRECTION ( 'NONE',  ( 0.000000000000000000, 1.000000000000000000, 0.000000000000000000 ) ) ;
#1502 = DIRECTION ( 'NONE',  ( 1.000000000000000000, 0.000000000000000000, -1.668003342285391551E-16 ) ) ;
#1503 = ORIENTED_EDGE ( 'NONE', *, *, #422, .F. ) ;
#1504 = CARTESIAN_POINT ( 'NONE',  ( -17.50000000000000000, -15.00000000000000000, 7.750000000000000000 ) ) ;
#1505 = EDGE_CURVE ( 'NONE', #491, #229, #380, .T. ) ;
#1506 = CARTESIAN_POINT ( 'NONE',  ( 6.368033988749900232, -24.00000000000000000, -2.749999999999999556 ) ) ;
#1507 = DIRECTION ( 'NONE',  ( 0.000000000000000000, 0.000000000000000000, -1.000000000000000000 ) ) ;
#1508 = DIRECTION ( 'NONE',  ( -0.000000000000000000, -1.000000000000000000, -0.000000000000000000 ) ) ;
#1509 = EDGE_CURVE ( 'NONE', #337, #828, #506, .T. ) ;
#1510 = ORIENTED_EDGE ( 'NONE', *, *, #1368, .T. ) ;
#1511 = CYLINDRICAL_SURFACE ( 'NONE', #1205, 4.000000000000000000 ) ;
#1512 = ADVANCED_FACE ( 'NONE', ( #361 ), #1341, .F. ) ;
#1513 = APPLICATION_CONTEXT ( 'automotive_design' ) ;
#1514 = VECTOR ( 'NONE', #208, 1000.000000000000000 ) ;
#1515 = DIRECTION ( 'NONE',  ( -1.000000000000000000, 0.000000000000000000, 0.000000000000000000 ) ) ;
#1516 = AXIS2_PLACEMENT_3D ( 'NONE', #566, #1046, #1538 ) ;
#1517 = PLANE ( 'NONE',  #397 ) ;
#1518 = EDGE_LOOP ( 'NONE', ( #890, #254, #73, #512 ) ) ;
#1519 =( BOUNDED_CURVE ( )  B_SPLINE_CURVE ( 3, ( #1418, #807, #1293, #677 ),
 .UNSPECIFIED., .F., .F. ) 
 B_SPLINE_CURVE_WITH_KNOTS ( ( 4, 4 ),
 ( 4.712388980384689674, 6.283185307179586232 ),
 .UNSPECIFIED. ) 
 CURVE ( )  GEOMETRIC_REPRESENTATION_ITEM ( )  RATIONAL_B_SPLINE_CURVE ( ( 1.000000000000000000, 0.8047378541243649375, 0.8047378541243649375, 1.000000000000000000 ) ) 
 REPRESENTATION_ITEM ( '' )  );
#1520 = DIRECTION ( 'NONE',  ( 1.000000000000000000, 0.000000000000000000, -9.035018104045873159E-17 ) ) ;
#1521 = CARTESIAN_POINT ( 'NONE',  ( -5.249999999999996447, -44.00000000000000000, 2.649999999999998135 ) ) ;
#1522 = PRODUCT_DEFINITION_FORMATION_WITH_SPECIFIED_SOURCE ( 'ANY', '', #950, .NOT_KNOWN. ) ;
#1523 =( GEOMETRIC_REPRESENTATION_CONTEXT ( 3 ) GLOBAL_UNCERTAINTY_ASSIGNED_CONTEXT ( ( #815 ) ) GLOBAL_UNIT_ASSIGNED_CONTEXT ( ( #138, #1484, #498 ) ) REPRESENTATION_CONTEXT ( 'NONE', 'WORKASPACE' ) );
#1524 = CARTESIAN_POINT ( 'NONE',  ( -6.249999999999998224, -24.50000000000000000, -1.750000000000000888 ) ) ;
#1525 = ORIENTED_EDGE ( 'NONE', *, *, #459, .T. ) ;
#1526 = VERTEX_POINT ( 'NONE', #488 ) ;
#1527 = CARTESIAN_POINT ( 'NONE',  ( -5.198926100948614071, -42.64443133430530963, -2.647852201897338720 ) ) ;
#1528 = CARTESIAN_POINT ( 'NONE',  ( 6.750000000000002665, -24.00000000000000000, -1.750000000000001776 ) ) ;
#1529 = CARTESIAN_POINT ( 'NONE',  ( 4.446336970049425297, -43.99990745013874971, -0.9463369700493160508 ) ) ;
#1530 = LINE ( 'NONE', #915, #841 ) ;
#1531 = FACE_OUTER_BOUND ( 'NONE', #222, .T. ) ;
#1532 = EDGE_LOOP ( 'NONE', ( #63, #834, #338, #315 ) ) ;
#1533 = ORIENTED_EDGE ( 'NONE', *, *, #219, .T. ) ;
#1534 = DIRECTION ( 'NONE',  ( 0.000000000000000000, 1.000000000000000000, -0.000000000000000000 ) ) ;
#1535 = CARTESIAN_POINT ( 'NONE',  ( -4.835786437626903300, -44.00000000000000711, 3.821572875253806956 ) ) ;
#1536 = CARTESIAN_POINT ( 'NONE',  ( 4.647438642464964964, -43.97379281257504857, -1.147438642464964298 ) ) ;
#1537 = DIRECTION ( 'NONE',  ( 0.000000000000000000, 0.000000000000000000, 1.000000000000000000 ) ) ;
#1538 = DIRECTION ( 'NONE',  ( 0.000000000000000000, -0.000000000000000000, 1.000000000000000000 ) ) ;
#1539 = AXIS2_PLACEMENT_3D ( 'NONE', #1382, #59, #758 ) ;
#1540 = ORIENTED_EDGE ( 'NONE', *, *, #1494, .F. ) ;
#1541 = VECTOR ( 'NONE', #811, 1000.000000000000000 ) ;
#1542 = EDGE_CURVE ( 'NONE', #384, #942, #1216, .T. ) ;
#1543 = VERTEX_POINT ( 'NONE', #845 ) ;
#1544 = CARTESIAN_POINT ( 'NONE',  ( 19.50000000000000355, 16.00000000000000355, 1.499999999999995337 ) ) ;
#1545 = DIRECTION ( 'NONE',  ( 0.000000000000000000, 0.000000000000000000, -1.000000000000000000 ) ) ;
#1546 =( GEOMETRIC_REPRESENTATION_CONTEXT ( 3 ) GLOBAL_UNCERTAINTY_ASSIGNED_CONTEXT ( ( #719 ) ) GLOBAL_UNIT_ASSIGNED_CONTEXT ( ( #591, #1208, #347 ) ) REPRESENTATION_CONTEXT ( 'NONE', 'WORKASPACE' ) );
#1547 = CARTESIAN_POINT ( 'NONE',  ( -5.249999999999997335, -24.50000000000000000, 5.149999999999998579 ) ) ;
#1548 = CYLINDRICAL_SURFACE ( 'NONE', #1156, 1.000000000000000000 ) ;
#1549 = ORIENTED_EDGE ( 'NONE', *, *, #918, .T. ) ;
#1550 = EDGE_LOOP ( 'NONE', ( #471, #579, #468, #718 ) ) ;
#1551 = LINE ( 'NONE', #590, #240 ) ;
#1552 = CARTESIAN_POINT ( 'NONE',  ( -5.421572875253808377, -44.00000000000000711, -1.335786437626905743 ) ) ;
#1553 = EDGE_CURVE ( 'NONE', #770, #1543, #1322, .T. ) ;
#1554 = CARTESIAN_POINT ( 'NONE',  ( 18.50000000000000355, -19.00000000000000000, 2.499999999999995115 ) ) ;
#1555 = ORIENTED_EDGE ( 'NONE', *, *, #1149, .T. ) ;
#1556 = CARTESIAN_POINT ( 'NONE',  ( 5.117831594392599825, -43.00230136216340071, 4.385663188785179578 ) ) ;
#1557 = VERTEX_POINT ( 'NONE', #232 ) ;
#1558 = DIRECTION ( 'NONE',  ( 0.000000000000000000, 0.000000000000000000, 1.000000000000000000 ) ) ;
#1559 = ADVANCED_FACE ( 'NONE', ( #737 ), #1225, .T. ) ;
#1560 = CARTESIAN_POINT ( 'NONE',  ( -7.355227538141661094E-16, -41.99999999999999289, 2.649999999999999467 ) ) ;
#1561 = DIRECTION ( 'NONE',  ( 0.000000000000000000, 0.000000000000000000, 1.000000000000000000 ) ) ;
#1562 = AXIS2_PLACEMENT_3D ( 'NONE', #1466, #17, #597 ) ;
#1563 = EDGE_CURVE ( 'NONE', #1557, #12, #252, .T. ) ;
#1564 = ORIENTED_EDGE ( 'NONE', *, *, #186, .T. ) ;
#1565 = CARTESIAN_POINT ( 'NONE',  ( 5.840215260425003940, -43.21997956991499734, 3.445107630212493444 ) ) ;
#1566 = ORIENTED_EDGE ( 'NONE', *, *, #617, .T. ) ;
#1567 = DIRECTION ( 'NONE',  ( -1.668003342285391551E-16, -0.000000000000000000, -1.000000000000000000 ) ) ;
#1568 = DIRECTION ( 'NONE',  ( -0.000000000000000000, -1.000000000000000000, -0.000000000000000000 ) ) ;
#1569 = CARTESIAN_POINT ( 'NONE',  ( 17.50000000000000000, 16.00000000000000355, 3.749999999999995559 ) ) ;
#1570 = CARTESIAN_POINT ( 'NONE',  ( -6.749999999999999112, -24.50000000000000000, -2.750000000000000000 ) ) ;
#1571 = VERTEX_POINT ( 'NONE', #1331 ) ;
#1572 = CARTESIAN_POINT ( 'NONE',  ( -6.047665928147806902, -42.88630239515504883, 3.548832964073957097 ) ) ;
#1573 = EDGE_CURVE ( 'NONE', #1352, #712, #1061, .T. ) ;
#1574 = ORIENTED_EDGE ( 'NONE', *, *, #1403, .F. ) ;
ENDSEC;
END-ISO-10303-21;
